399.00      105.5
399.01      104.5
399.02      103.8
399.03      104.0
399.04      103.3
399.05      103.3
399.06      102.1
399.07      102.3
399.08      102.6
399.09      101.8
399.10      102.6
399.11      102.6
399.12      102.6
399.13      103.3
399.14      103.5
399.15      105.0
399.16      104.8
399.17      104.8
399.18      104.5
399.19      106.5
399.20      106.7
399.21      106.5
399.22      106.7
399.23      105.3
399.24      105.3
399.25      105.0
399.26      104.3
399.27      104.0
399.28      104.0
399.29      104.0
399.30      103.5
399.31      102.1
399.32      102.6
399.33      102.6
399.34      101.1
399.35      101.8
399.36      103.1
399.37      103.3
399.38      102.8
399.39      103.3
399.40      104.0
399.41      104.3
399.42      104.8
399.43      104.0
399.44      103.1
399.45      103.5
399.46      103.3
399.47      102.8
399.48      102.8
399.49      103.1
399.50      103.5
399.51      103.3
399.52      103.8
399.53      104.3
399.54      103.5
399.55      103.5
399.56      103.3
399.57      103.1
399.58      103.3
399.59      102.3
399.60      102.3
399.61      101.8
399.62      101.1
399.63      101.1
399.64      102.8
399.65      103.3
399.66      103.5
399.67      103.3
399.68      103.8
399.69      104.0
399.70      104.0
399.71      102.8
399.72      102.8
399.73      104.8
399.74      105.3
399.75      105.5
399.76      105.3
399.77      105.5
399.78      104.3
399.79      104.0
399.80      103.8
399.81      103.5
399.82      104.3
399.83      103.3
399.84      103.3
399.85      103.1
399.86      103.3
399.87      102.6
399.88      102.8
399.89      102.6
399.90      101.8
399.91      100.4
399.92      101.6
399.93      102.8
399.94      103.1
399.95      102.6
399.96      104.0
399.97      104.0
399.98      103.5
399.99      103.1
400.00      95.5
400.00      95.5
400.01      95.5
400.02      94.7
400.03      94.3
400.04      93.3
400.05      94.3
400.06      95.2
400.07      96.2
400.08      96.2
400.09      96.0
400.10      95.5
400.11      96.7
400.12      96.2
400.13      96.7
400.14      96.5
400.15      95.7
400.16      94.7
400.17      94.7
400.18      95.5
400.19      95.0
400.20      95.5
400.21      95.7
400.22      95.0
400.23      94.5
400.24      93.8
400.25      95.2
400.26      95.7
400.27      95.0
400.28      95.2
400.29      95.2
400.30      95.0
400.31      94.5
400.32      95.2
400.33      95.5
400.34      95.5
400.35      94.3
400.36      94.5
400.37      95.2
400.38      94.0
400.39      94.3
400.40      94.5
400.41      94.7
400.42      95.0
400.43      95.0
400.44      94.5
400.45      94.3
400.46      94.5
400.47      95.0
400.48      95.5
400.49      95.2
400.50      94.7
400.51      94.0
400.52      95.0
400.53      95.5
400.54      96.7
400.55      96.9
400.56      96.5
400.57      96.2
400.58      96.2
400.59      96.0
400.60      95.7
400.61      95.7
400.62      96.2
400.63      96.7
400.64      97.7
400.65      97.2
400.66      95.5
400.67      95.5
400.68      94.7
400.69      94.7
400.70      94.7
400.71      93.3
400.72      93.8
400.73      93.5
400.74      94.5
400.75      94.7
400.76      94.3
400.77      93.8
400.78      92.3
400.79      92.6
400.80      92.6
400.81      94.0
400.82      95.0
400.83      95.5
400.84      95.2
400.85      95.2
400.86      93.8
400.87      94.7
400.88      94.0
400.89      95.0
400.90      95.0
400.91      94.3
400.92      95.2
400.93      95.7
400.94      94.7
400.95      95.0
400.96      95.7
400.97      95.5
400.98      94.5
400.99      94.3
401.00      94.5
401.01      94.7
401.02      94.0
401.03      94.7
401.04      95.0
401.05      95.2
401.06      96.0
401.07      95.5
401.08      95.7
401.09      95.2
401.10      94.0
401.11      93.8
401.12      94.0
401.13      93.5
401.14      93.5
401.15      94.3
401.16      94.5
401.17      94.0
401.18      94.7
401.19      95.2
401.20      95.7
401.21      96.5
401.22      95.5
401.23      94.7
401.24      94.5
401.25      94.5
401.26      95.2
401.27      94.5
401.28      94.3
401.29      94.3
401.30      94.0
401.31      95.5
401.32      96.2
401.33      95.5
401.34      94.5
401.35      93.5
401.36      93.5
401.37      93.5
401.38      94.3
401.39      95.5
401.40      94.7
401.41      95.0
401.42      95.2
401.43      96.2
401.44      95.2
401.45      94.5
401.46      93.8
401.47      93.3
401.48      93.0
401.49      92.8
401.50      93.0
401.51      93.8
401.52      94.7
401.53      95.0
401.54      95.7
401.55      95.2
401.56      95.0
401.57      95.5
401.58      95.2
401.59      95.7
401.60      94.5
401.61      94.0
401.62      94.5
401.63      94.7
401.64      94.7
401.65      93.8
401.66      94.3
401.67      95.7
401.68      95.5
401.69      95.0
401.70      93.8
401.71      93.3
401.72      93.5
401.73      94.3
401.74      95.2
401.75      94.5
401.76      94.0
401.77      94.5
401.78      95.2
401.79      95.5
401.80      94.3
401.81      94.7
401.82      94.7
401.83      94.3
401.84      93.5
401.85      93.5
401.86      94.0
401.87      95.0
401.88      94.5
401.89      95.7
401.90      95.0
401.91      94.7
401.92      95.2
401.93      96.0
401.94      95.5
401.95      95.2
401.96      95.7
401.97      95.7
401.98      94.7
401.99      93.3
402.00      94.3
402.01      95.5
402.02      95.7
402.03      95.7
402.04      94.7
402.05      96.0
402.06      95.5
402.07      94.3
402.08      94.5
402.09      94.0
402.10      94.5
402.11      94.5
402.12      94.3
402.13      94.0
402.14      93.8
402.15      94.3
402.16      94.3
402.17      94.0
402.18      94.0
402.19      93.8
402.20      93.8
402.21      95.2
402.22      94.5
402.23      94.7
402.24      93.5
402.25      94.0
402.26      94.5
402.27      94.3
402.28      94.5
402.29      94.3
402.30      94.3
402.31      93.8
402.32      94.3
402.33      93.0
402.34      94.0
402.35      94.0
402.36      94.3
402.37      93.5
402.38      93.5
402.39      94.5
402.40      95.7
402.41      95.2
402.42      94.7
402.43      93.8
402.44      94.0
402.45      94.7
402.46      95.0
402.47      94.5
402.48      93.3
402.49      93.5
402.50      94.3
402.51      94.5
402.52      94.3
402.53      93.8
402.54      94.0
402.55      94.7
402.56      93.3
402.57      94.3
402.58      94.7
402.59      95.5
402.60      95.7
402.61      96.0
402.62      95.0
402.63      93.8
402.64      94.5
402.65      94.7
402.66      94.7
402.67      94.5
402.68      94.5
402.69      94.5
402.70      93.5
402.71      94.0
402.72      95.0
402.73      95.5
402.74      94.3
402.75      94.5
402.76      95.7
402.77      94.7
402.78      94.0
402.79      94.3
402.80      94.0
402.81      94.3
402.82      94.7
402.83      95.0
402.84      95.5
402.85      95.5
402.86      94.7
402.87      95.5
402.88      95.7
402.89      95.0
402.90      94.7
402.91      94.7
402.92      94.7
402.93      95.0
402.94      95.0
402.95      95.7
402.96      95.2
402.97      94.7
402.98      94.5
402.99      95.2
403.00      95.2
403.01      95.5
403.02      95.7
403.03      94.7
403.04      93.3
403.05      93.0
403.06      94.3
403.07      94.0
403.08      94.5
403.09      94.5
403.10      95.0
403.11      94.5
403.12      95.2
403.13      94.5
403.14      94.3
403.15      93.5
403.16      94.5
403.17      95.5
403.18      95.7
403.19      95.7
403.20      95.0
403.21      93.3
403.22      93.3
403.23      94.0
403.24      94.7
403.25      95.2
403.26      94.5
403.27      94.0
403.28      93.8
403.29      93.0
403.30      94.0
403.31      94.7
403.32      95.0
403.33      94.5
403.34      94.7
403.35      94.7
403.36      93.8
403.37      94.5
403.38      94.3
403.39      94.5
403.40      94.5
403.41      94.5
403.42      93.5
403.43      92.6
403.44      93.5
403.45      94.3
403.46      94.3
403.47      94.0
403.48      94.3
403.49      94.5
403.50      94.5
403.51      95.0
403.52      95.0
403.53      94.0
403.54      92.8
403.55      93.3
403.56      92.3
403.57      93.0
403.58      93.0
403.59      93.8
403.60      94.5
403.61      94.5
403.62      94.5
403.63      94.5
403.64      93.8
403.65      94.5
403.66      94.0
403.67      93.8
403.68      94.3
403.69      94.7
403.70      95.5
403.71      95.5
403.72      95.7
403.73      96.0
403.74      95.0
403.75      93.8
403.76      94.3
403.77      95.2
403.78      94.7
403.79      93.8
403.80      93.0
403.81      94.3
403.82      94.7
403.83      95.2
403.84      96.0
403.85      95.0
403.86      94.0
403.87      95.0
403.88      95.2
403.89      95.0
403.90      94.7
403.91      94.5
403.92      94.0
403.93      93.0
403.94      94.5
403.95      94.0
403.96      95.0
403.97      95.0
403.98      93.3
403.99      94.3
404.00      94.5
404.01      94.5
404.02      94.5
404.03      94.5
404.04      93.5
404.05      93.5
404.06      94.5
404.07      94.5
404.08      95.0
404.09      94.5
404.10      94.3
404.11      94.5
404.12      93.8
404.13      92.8
404.14      93.5
404.15      93.8
404.16      92.6
404.17      92.3
404.18      92.3
404.19      94.0
404.20      94.3
404.21      93.3
404.22      93.3
404.23      93.5
404.24      93.8
404.25      94.7
404.26      95.2
404.27      94.5
404.28      94.7
404.29      94.7
404.30      95.0
404.31      94.3
404.32      94.7
404.33      94.5
404.34      94.5
404.35      95.0
404.36      95.2
404.37      95.2
404.38      94.3
404.39      93.8
404.40      94.7
404.41      94.0
404.42      95.0
404.43      96.2
404.44      96.2
404.45      96.7
404.46      96.9
404.47      97.2
404.48      95.5
404.49      94.5
404.50      94.3
404.51      95.2
404.52      96.5
404.53      95.7
404.54      94.7
404.55      95.2
404.56      95.2
404.57      95.0
404.58      95.2
404.59      94.7
404.60      94.0
404.61      95.0
404.62      94.5
404.63      94.3
404.64      94.3
404.65      94.5
404.66      94.3
404.67      94.0
404.68      94.3
404.69      95.0
404.70      94.7
404.71      95.0
404.72      96.7
404.73      97.4
404.74      96.7
404.75      95.7
404.76      96.0
404.77      95.5
404.78      94.5
404.79      93.5
404.80      94.5
404.81      95.0
404.82      95.7
404.83      96.9
404.84      96.9
404.85      96.2
404.86      96.2
404.87      96.0
404.88      95.7
404.89      95.2
404.90      95.5
404.91      95.5
404.92      95.0
404.93      94.3
404.94      94.5
404.95      94.5
404.96      94.5
404.97      95.7
404.98      96.0
404.99      94.5
405.00      94.7
405.01      95.2
405.02      95.0
405.03      94.5
405.04      95.2
405.05      95.5
405.06      96.2
405.07      95.2
405.08      95.2
405.09      94.5
405.10      94.0
405.11      95.0
405.12      95.0
405.13      94.7
405.14      95.0
405.15      94.5
405.16      93.3
405.17      93.3
405.18      93.3
405.19      94.0
405.20      93.5
405.21      93.5
405.22      93.5
405.23      94.7
405.24      95.0
405.25      95.2
405.26      95.0
405.27      94.5
405.28      95.2
405.29      95.5
405.30      96.2
405.31      95.7
405.32      95.7
405.33      95.7
405.34      95.0
405.35      94.7
405.36      96.5
405.37      96.9
405.38      96.5
405.39      95.5
405.40      95.0
405.41      94.5
405.42      94.0
405.43      94.7
405.44      93.0
405.45      93.5
405.46      93.8
405.47      94.5
405.48      95.0
405.49      95.0
405.50      95.7
405.51      96.2
405.52      95.0
405.53      94.7
405.54      95.2
405.55      94.5
405.56      94.3
405.57      95.2
405.58      95.5
405.59      95.5
405.60      95.5
405.61      95.0
405.62      95.5
405.63      95.7
405.64      96.2
405.65      95.5
405.66      95.0
405.67      94.7
405.68      94.5
405.69      94.5
405.70      93.8
405.71      93.8
405.72      94.0
405.73      95.2
405.74      96.0
405.75      97.2
405.76      96.2
405.77      95.2
405.78      95.7
405.79      95.0
405.80      95.2
405.81      95.7
405.82      95.0
405.83      95.0
405.84      94.3
405.85      94.3
405.86      94.7
405.87      96.2
405.88      96.9
405.89      96.9
405.90      95.2
405.91      95.0
405.92      94.3
405.93      96.0
405.94      95.2
405.95      95.0
405.96      96.0
405.97      96.7
405.98      95.7
405.99      94.7
406.00      94.5
406.01      95.5
406.02      96.0
406.03      95.7
406.04      94.7
406.05      95.7
406.06      96.0
406.07      95.7
406.08      95.5
406.09      95.0
406.10      95.2
406.11      94.7
406.12      93.8
406.13      94.3
406.14      95.7
406.15      97.7
406.16      97.7
406.17      98.4
406.18      97.9
406.19      98.2
406.20      98.2
406.21      98.4
406.22      97.2
406.23      97.4
406.24      97.9
406.25      98.7
406.26      97.2
406.27      97.2
406.28      97.4
406.29      97.7
406.30      97.7
406.31      96.7
406.32      97.4
406.33      96.0
406.34      94.3
406.35      95.2
406.36      96.9
406.37      96.7
406.38      95.5
406.39      95.2
406.40      94.3
406.41      94.7
406.42      95.2
406.43      95.2
406.44      95.2
406.45      94.5
406.46      95.0
406.47      96.5
406.48      96.0
406.49      95.7
406.50      95.5
406.51      94.7
406.52      95.7
406.53      96.2
406.54      96.2
406.55      96.9
406.56      97.2
406.57      97.2
406.58      97.2
406.59      96.5
406.60      96.5
406.61      97.4
406.62      98.4
406.63      99.6
406.64      100.4
406.65      100.1
406.66      99.9
406.67      100.6
406.68      97.7
406.69      98.2
406.70      96.7
406.71      95.5
406.72      95.7
406.73      96.0
406.74      95.5
406.75      95.0
406.76      95.2
406.77      95.0
406.78      95.7
406.79      95.5
406.80      93.5
406.81      94.5
406.82      94.7
406.83      94.7
406.84      93.8
406.85      93.8
406.86      94.3
406.87      96.2
406.88      95.5
406.89      95.5
406.90      96.9
406.91      97.7
406.92      98.9
406.93      99.1
406.94      98.9
406.95      99.4
406.96      99.4
406.97      99.1
406.98      99.4
406.99      99.6
407.00      99.6
407.01      98.4
407.02      97.7
407.03      96.9
407.04      96.9
407.05      96.0
407.06      96.5
407.07      97.2
407.08      96.2
407.09      96.0
407.10      96.9
407.11      96.0
407.12      95.2
407.13      94.7
407.14      95.5
407.15      95.7
407.16      96.7
407.17      96.5
407.18      95.2
407.19      95.2
407.20      94.7
407.21      94.7
407.22      95.0
407.23      94.7
407.24      94.0
407.25      94.5
407.26      94.3
407.27      94.5
407.28      95.2
407.29      96.0
407.30      94.7
407.31      94.3
407.32      95.0
407.33      95.2
407.34      96.0
407.35      96.0
407.36      95.0
407.37      94.7
407.38      94.3
407.39      94.5
407.40      94.3
407.41      95.0
407.42      95.5
407.43      95.2
407.44      95.2
407.45      94.7
407.46      95.2
407.47      95.7
407.48      96.0
407.49      96.0
407.50      95.7
407.51      96.0
407.52      95.5
407.53      95.2
407.54      94.7
407.55      96.0
407.56      94.7
407.57      94.7
407.58      94.7
407.59      94.5
407.60      95.0
407.61      96.2
407.62      96.9
407.63      95.5
407.64      95.2
407.65      94.5
407.66      94.5
407.67      94.3
407.68      93.5
407.69      93.3
407.70      92.8
407.71      93.3
407.72      93.5
407.73      93.0
407.74      92.6
407.75      92.8
407.76      92.6
407.77      93.5
407.78      93.3
407.79      94.0
407.80      94.5
407.81      95.2
407.82      94.0
407.83      94.0
407.84      94.5
407.85      94.3
407.86      94.5
407.87      96.5
407.88      95.5
407.89      95.7
407.90      95.7
407.91      96.9
407.92      96.9
407.93      96.2
407.94      95.0
407.95      94.5
407.96      93.8
407.97      93.5
407.98      93.8
407.99      93.5
408.00      93.3
408.01      93.0
408.02      92.1
408.03      93.5
408.04      93.3
408.05      93.0
408.06      93.5
408.07      95.7
408.08      95.7
408.09      95.2
408.10      95.2
408.11      93.8
408.12      94.5
408.13      94.5
408.14      94.0
408.15      94.0
408.16      93.5
408.17      93.3
408.18      92.6
408.19      93.3
408.20      92.8
408.21      93.8
408.22      94.5
408.23      93.8
408.24      93.3
408.25      95.0
408.26      94.7
408.27      93.5
408.28      93.0
408.29      94.0
408.30      94.3
408.31      95.0
408.32      94.7
408.33      95.0
408.34      94.7
408.35      93.8
408.36      93.8
408.37      94.0
408.38      92.8
408.39      93.8
408.40      94.3
408.41      94.5
408.42      94.5
408.43      94.7
408.44      93.8
408.45      93.3
408.46      94.7
408.47      94.7
408.48      93.8
408.49      94.3
408.50      94.0
408.51      94.0
408.52      95.0
408.53      95.0
408.54      94.7
408.55      95.0
408.56      94.5
408.57      94.7
408.58      94.5
408.59      94.5
408.60      94.5
408.61      94.3
408.62      93.3
408.63      93.3
408.64      93.0
408.65      94.0
408.66      94.3
408.67      94.7
408.68      95.2
408.69      95.5
408.70      94.7
408.71      94.3
408.72      95.2
408.73      95.0
408.74      94.5
408.75      94.7
408.76      95.5
408.77      96.0
408.78      96.0
408.79      96.5
408.80      96.5
408.81      96.7
408.82      96.0
408.83      96.2
408.84      95.5
408.85      95.5
408.86      95.7
408.87      95.0
408.88      94.0
408.89      94.3
408.90      94.7
408.91      94.7
408.92      92.8
408.93      93.0
408.94      93.3
408.95      94.0
408.96      94.3
408.97      93.3
408.98      93.0
408.99      93.5
409.00      93.5
409.01      93.8
409.02      94.0
409.03      93.5
409.04      92.8
409.05      94.0
409.06      94.0
409.07      93.5
409.08      94.3
409.09      95.0
409.10      94.7
409.11      93.5
409.12      92.6
409.13      93.3
409.14      92.3
409.15      93.5
409.16      94.7
409.17      95.2
409.18      94.5
409.19      94.5
409.20      93.0
409.21      93.3
409.22      93.0
409.23      92.6
409.24      93.0
409.25      93.3
409.26      94.3
409.27      94.5
409.28      94.3
409.29      94.3
409.30      93.8
409.31      94.3
409.32      94.0
409.33      94.0
409.34      93.3
409.35      93.0
409.36      93.0
409.37      93.5
409.38      94.0
409.39      93.0
409.40      93.0
409.41      93.3
409.42      93.5
409.43      94.5
409.44      94.3
409.45      95.2
409.46      94.5
409.47      94.3
409.48      94.0
409.49      94.7
409.50      94.3
409.51      94.0
409.52      93.8
409.53      93.8
409.54      95.5
409.55      95.2
409.56      95.7
409.57      95.2
409.58      95.2
409.59      94.3
409.60      94.7
409.61      95.0
409.62      95.0
409.63      95.0
409.64      95.5
409.65      94.5
409.66      93.5
409.67      93.8
409.68      93.0
409.69      93.8
409.70      93.5
409.71      93.5
409.72      93.3
409.73      92.8
409.74      94.0
409.75      94.5
409.76      93.8
409.77      94.0
409.78      94.5
409.79      94.7
409.80      95.5
409.81      95.0
409.82      95.0
409.83      94.3
409.84      93.0
409.85      93.8
409.86      93.5
409.87      93.3
409.88      93.0
409.89      93.3
409.90      93.3
409.91      94.3
409.92      93.8
409.93      93.0
409.94      92.8
409.95      93.5
409.96      93.0
409.97      93.3
409.98      93.8
409.99      93.5
410.00      93.0
410.01      94.3
410.02      94.5
410.03      95.2
410.04      95.7
410.05      96.7
410.06      98.9
410.07      101.3
410.08      101.8
410.09      102.6
410.10      102.3
410.11      102.1
410.12      101.8
410.13      103.1
410.14      103.5
410.15      104.5
410.16      105.3
410.17      108.2
410.18      109.9
410.19      112.1
410.20      113.8
410.21      113.3
410.22      113.3
410.23      112.3
410.24      110.9
410.25      109.2
410.26      106.5
410.27      104.3
410.28      103.1
410.29      101.1
410.30      99.1
410.31      97.4
410.32      96.5
410.33      96.7
410.34      96.0
410.35      95.5
410.36      95.0
410.37      95.0
410.38      94.7
410.39      94.0
410.40      93.0
410.41      93.0
410.42      92.8
410.43      92.8
410.44      93.5
410.45      93.5
410.46      94.0
410.47      93.5
410.48      93.5
410.49      93.0
410.50      93.0
410.51      93.0
410.52      93.5
410.53      92.8
410.54      93.0
410.55      93.3
410.56      94.0
410.57      93.5
410.58      93.3
410.59      93.3
410.60      93.5
410.61      94.5
410.62      95.5
410.63      95.0
410.64      94.7
410.65      93.8
410.66      94.3
410.67      94.0
410.68      94.3
410.69      95.0
410.70      94.3
410.71      94.5
410.72      94.3
410.73      94.3
410.74      95.2
410.75      94.3
410.76      93.8
410.77      94.7
410.78      94.7
410.79      95.5
410.80      95.2
410.81      95.0
410.82      95.5
410.83      94.7
410.84      94.7
410.85      94.7
410.86      93.5
410.87      92.8
410.88      93.3
410.89      93.3
410.90      93.5
410.91      94.0
410.92      94.0
410.93      93.8
410.94      93.0
410.95      93.5
410.96      92.8
410.97      92.8
410.98      92.8
410.99      92.1
411.00      93.0
411.01      95.0
411.02      94.7
411.03      95.0
411.04      94.0
411.05      94.0
411.06      94.5
411.07      94.5
411.08      94.7
411.09      94.5
411.10      94.3
411.11      92.8
411.12      92.8
411.13      92.3
411.14      92.6
411.15      92.8
411.16      93.5
411.17      94.3
411.18      94.0
411.19      93.5
411.20      94.3
411.21      94.7
411.22      94.7
411.23      94.7
411.24      95.2
411.25      94.7
411.26      94.0
411.27      93.3
411.28      92.3
411.29      93.3
411.30      94.0
411.31      93.8
411.32      94.0
411.33      93.8
411.34      94.3
411.35      94.0
411.36      93.3
411.37      93.0
411.38      92.6
411.39      93.3
411.40      94.3
411.41      94.0
411.42      95.0
411.43      95.7
411.44      95.5
411.45      94.5
411.46      93.5
411.47      94.0
411.48      94.3
411.49      95.2
411.50      94.7
411.51      94.5
411.52      94.0
411.53      92.8
411.54      92.1
411.55      93.0
411.56      93.8
411.57      93.0
411.58      93.8
411.59      95.7
411.60      96.0
411.61      96.0
411.62      95.5
411.63      95.0
411.64      94.3
411.65      94.5
411.66      94.7
411.67      94.5
411.68      94.0
411.69      93.5
411.70      93.0
411.71      93.3
411.72      93.3
411.73      93.0
411.74      92.6
411.75      94.0
411.76      94.7
411.77      95.0
411.78      94.0
411.79      93.0
411.80      92.8
411.81      92.8
411.82      93.0
411.83      92.3
411.84      92.3
411.85      92.6
411.86      92.1
411.87      92.1
411.88      93.3
411.89      93.3
411.90      93.0
411.91      93.8
411.92      94.0
411.93      94.5
411.94      92.6
411.95      92.1
411.96      92.1
411.97      92.3
411.98      92.3
411.99      92.8
412.00      93.0
412.01      94.5
412.02      94.7
412.03      94.5
412.04      94.5
412.05      96.0
412.06      96.5
412.07      95.0
412.08      95.5
412.09      94.5
412.10      93.8
412.11      94.5
412.12      94.7
412.13      94.3
412.14      94.7
412.15      94.7
412.16      95.0
412.17      94.0
412.18      94.0
412.19      95.0
412.20      94.5
412.21      94.3
412.22      95.5
412.23      95.5
412.24      95.0
412.25      94.7
412.26      95.0
412.27      95.0
412.28      94.7
412.29      95.2
412.30      95.0
412.31      93.3
412.32      94.0
412.33      94.7
412.34      93.3
412.35      92.8
412.36      92.3
412.37      92.1
412.38      92.6
412.39      93.3
412.40      94.3
412.41      94.5
412.42      95.2
412.43      95.7
412.44      94.7
412.45      94.0
412.46      93.8
412.47      94.7
412.48      95.0
412.49      94.7
412.50      94.7
412.51      94.5
412.52      94.3
412.53      94.5
412.54      94.3
412.55      94.7
412.56      94.3
412.57      95.0
412.58      95.7
412.59      96.2
412.60      96.5
412.61      95.7
412.62      95.5
412.63      96.0
412.64      96.9
412.65      97.2
412.66      96.9
412.67      95.0
412.68      95.5
412.69      95.7
412.70      95.2
412.71      94.5
412.72      95.2
412.73      94.7
412.74      95.5
412.75      96.7
412.76      93.8
412.77      94.3
412.78      93.3
412.79      93.0
412.80      93.0
412.81      94.3
412.82      94.7
412.83      94.7
412.84      94.7
412.85      94.7
412.86      95.2
412.87      94.7
412.88      94.7
412.89      95.5
412.90      95.5
412.91      94.5
412.92      93.5
412.93      93.8
412.94      94.5
412.95      94.3
412.96      94.3
412.97      93.8
412.98      94.3
412.99      96.5
413.00      96.2
413.01      95.7
413.02      96.2
413.03      96.0
413.04      96.7
413.05      97.2
413.06      97.4
413.07      97.7
413.08      97.2
413.09      96.2
413.10      96.0
413.11      95.2
413.12      96.0
413.13      96.5
413.14      96.2
413.15      95.5
413.16      95.2
413.17      94.5
413.18      94.0
413.19      94.0
413.20      94.7
413.21      94.0
413.22      93.3
413.23      92.8
413.24      93.3
413.25      93.3
413.26      94.5
413.27      95.0
413.28      95.5
413.29      95.0
413.30      95.5
413.31      95.5
413.32      96.9
413.33      96.9
413.34      96.9
413.35      97.7
413.36      98.2
413.37      97.7
413.38      96.9
413.39      94.7
413.40      93.8
413.41      94.5
413.42      95.0
413.43      95.7
413.44      96.5
413.45      95.2
413.46      94.3
413.47      93.5
413.48      93.8
413.49      94.0
413.50      94.3
413.51      95.0
413.52      96.0
413.53      95.2
413.54      96.0
413.55      94.7
413.56      96.0
413.57      95.2
413.58      94.0
413.59      93.5
413.60      94.7
413.61      94.7
413.62      94.5
413.63      94.3
413.64      94.5
413.65      94.0
413.66      93.3
413.67      93.8
413.68      94.5
413.69      96.0
413.70      96.5
413.71      96.0
413.72      95.7
413.73      95.5
413.74      95.7
413.75      95.0
413.76      95.5
413.77      95.5
413.78      95.5
413.79      95.0
413.80      94.0
413.81      93.3
413.82      93.3
413.83      93.5
413.84      93.0
413.85      92.6
413.86      92.8
413.87      93.5
413.88      92.8
413.89      92.8
413.90      92.8
413.91      94.0
413.92      93.5
413.93      94.7
413.94      94.0
413.95      94.3
413.96      92.8
413.97      92.3
413.98      92.8
413.99      93.0
414.00      94.7
414.01      95.0
414.02      93.8
414.03      94.3
414.04      93.3
414.05      93.5
414.06      94.7
414.07      94.5
414.08      92.6
414.09      92.8
414.10      93.8
414.11      93.5
414.12      93.0
414.13      93.3
414.14      94.0
414.15      93.0
414.16      92.6
414.17      92.8
414.18      92.6
414.19      92.8
414.20      92.6
414.21      93.5
414.22      94.3
414.23      93.3
414.24      92.8
414.25      93.0
414.26      92.8
414.27      91.8
414.28      93.3
414.29      93.5
414.30      94.0
414.31      94.7
414.32      93.5
414.33      94.3
414.34      93.3
414.35      91.6
414.36      91.3
414.37      93.3
414.38      93.3
414.39      93.3
414.40      93.3
414.41      93.5
414.42      94.3
414.43      94.7
414.44      95.0
414.45      94.3
414.46      94.7
414.47      94.0
414.48      93.5
414.49      93.5
414.50      93.8
414.51      94.3
414.52      92.8
414.53      94.0
414.54      94.3
414.55      95.7
414.56      94.0
414.57      93.8
414.58      93.5
414.59      94.7
414.60      95.2
414.61      94.5
414.62      95.5
414.63      96.0
414.64      94.7
414.65      94.0
414.66      94.7
414.67      94.3
414.68      94.0
414.69      95.0
414.70      95.7
414.71      95.7
414.72      95.7
414.73      96.0
414.74      95.5
414.75      94.5
414.76      93.5
414.77      94.5
414.78      93.8
414.79      93.8
414.80      94.0
414.81      94.3
414.82      93.0
414.83      93.3
414.84      92.6
414.85      93.3
414.86      94.0
414.87      93.8
414.88      94.5
414.89      93.5
414.90      94.3
414.91      94.7
414.92      93.0
414.93      92.8
414.94      94.0
414.95      94.0
414.96      95.0
414.97      94.0
414.98      94.0
414.99      94.3
415.00      94.7
415.01      94.7
415.02      95.5
415.03      95.2
415.04      93.0
415.05      94.5
415.06      93.8
415.07      94.0
415.08      95.2
415.09      94.5
415.10      93.5
415.11      93.8
415.12      94.0
415.13      94.3
415.14      94.5
415.15      94.3
415.16      93.0
415.17      93.0
415.18      92.8
415.19      93.5
415.20      94.7
415.21      94.5
415.22      94.3
415.23      93.8
415.24      93.8
415.25      93.3
415.26      94.0
415.27      94.0
415.28      94.5
415.29      96.2
415.30      95.7
415.31      95.7
415.32      95.5
415.33      94.5
415.34      94.3
415.35      94.0
415.36      94.0
415.37      93.8
415.38      94.3
415.39      93.3
415.40      93.3
415.41      94.0
415.42      94.0
415.43      94.3
415.44      94.0
415.45      93.5
415.46      92.3
415.47      93.5
415.48      93.5
415.49      93.0
415.50      94.5
415.51      95.5
415.52      95.0
415.53      94.7
415.54      94.0
415.55      93.8
415.56      93.3
415.57      93.3
415.58      93.5
415.59      94.5
415.60      94.5
415.61      94.0
415.62      95.0
415.63      95.2
415.64      95.2
415.65      95.7
415.66      96.2
415.67      96.9
415.68      96.7
415.69      96.9
415.70      96.5
415.71      96.2
415.72      95.7
415.73      94.5
415.74      93.5
415.75      94.5
415.76      94.0
415.77      93.5
415.78      92.6
415.79      93.5
415.80      94.0
415.81      93.3
415.82      93.0
415.83      93.5
415.84      94.7
415.85      95.0
415.86      94.5
415.87      94.3
415.88      93.8
415.89      94.0
415.90      94.5
415.91      93.8
415.92      93.8
415.93      92.8
415.94      93.0
415.95      93.5
415.96      93.3
415.97      92.8
415.98      92.3
415.99      93.0
416.00      94.3
416.01      93.3
416.02      93.5
416.03      93.0
416.04      92.6
416.05      93.0
416.06      92.8
416.07      92.6
416.08      93.8
416.09      95.2
416.10      95.2
416.11      92.8
416.12      92.8
416.13      93.8
416.14      94.3
416.15      94.7
416.16      94.7
416.17      95.0
416.18      95.2
416.19      95.2
416.20      94.3
416.21      93.0
416.22      94.0
416.23      93.5
416.24      93.3
416.25      93.3
416.26      92.8
416.27      92.1
416.28      92.3
416.29      93.3
416.30      94.5
416.31      94.3
416.32      93.8
416.33      94.5
416.34      94.0
416.35      94.0
416.36      94.3
416.37      95.2
416.38      95.2
416.39      94.7
416.40      93.8
416.41      94.5
416.42      93.8
416.43      95.0
416.44      94.3
416.45      94.5
416.46      95.5
416.47      96.0
416.48      94.7
416.49      93.5
416.50      93.8
416.51      93.8
416.52      94.5
416.53      94.7
416.54      95.0
416.55      94.5
416.56      93.8
416.57      94.0
416.58      93.8
416.59      93.5
416.60      93.0
416.61      93.3
416.62      94.0
416.63      93.8
416.64      93.8
416.65      94.7
416.66      94.3
416.67      92.1
416.68      91.8
416.69      93.3
416.70      94.0
416.71      93.5
416.72      92.8
416.73      92.3
416.74      92.8
416.75      93.8
416.76      93.8
416.77      93.8
416.78      94.3
416.79      93.5
416.80      93.3
416.81      93.0
416.82      92.8
416.83      93.0
416.84      92.8
416.85      93.3
416.86      93.8
416.87      93.5
416.88      93.3
416.89      93.8
416.90      95.0
416.91      95.5
416.92      95.0
416.93      95.7
416.94      94.7
416.95      94.3
416.96      94.0
416.97      93.8
416.98      93.5
416.99      94.5
417.00      94.5
417.01      93.3
417.02      93.3
417.03      93.5
417.04      93.8
417.05      93.8
417.06      94.0
417.07      94.0
417.08      93.5
417.09      94.5
417.10      95.5
417.11      94.7
417.12      94.5
417.13      96.0
417.14      96.5
417.15      97.7
417.16      95.7
417.17      96.9
417.18      96.5
417.19      95.7
417.20      95.0
417.21      95.5
417.22      95.2
417.23      95.7
417.24      95.5
417.25      95.2
417.26      94.3
417.27      93.5
417.28      93.8
417.29      93.3
417.30      94.5
417.31      95.0
417.32      94.5
417.33      93.0
417.34      91.8
417.35      92.8
417.36      93.0
417.37      92.8
417.38      92.3
417.39      91.6
417.40      91.6
417.41      92.1
417.42      93.0
417.43      92.1
417.44      92.3
417.45      92.6
417.46      92.3
417.47      92.6
417.48      93.0
417.49      94.3
417.50      95.5
417.51      96.2
417.52      96.2
417.53      95.7
417.54      96.2
417.55      95.7
417.56      95.2
417.57      95.0
417.58      95.2
417.59      95.5
417.60      95.7
417.61      96.0
417.62      95.0
417.63      94.3
417.64      94.5
417.65      95.5
417.66      96.7
417.67      96.7
417.68      97.4
417.69      97.7
417.70      98.7
417.71      100.1
417.72      102.3
417.73      102.8
417.74      102.3
417.75      101.8
417.76      102.3
417.77      102.3
417.78      100.9
417.79      100.4
417.80      98.4
417.81      98.4
417.82      99.1
417.83      99.6
417.84      97.4
417.85      95.7
417.86      95.7
417.87      94.0
417.88      94.3
417.89      94.5
417.90      94.3
417.91      94.5
417.92      93.5
417.93      94.0
417.94      94.7
417.95      95.0
417.96      94.7
417.97      95.7
417.98      95.2
417.99      95.5
418.00      96.5
418.01      97.4
418.02      97.4
418.03      96.2
418.04      96.7
418.05      96.2
418.06      95.7
418.07      96.2
418.08      95.2
418.09      95.2
418.10      94.7
418.11      94.3
418.12      94.7
418.13      94.5
418.14      94.7
418.15      94.7
418.16      94.7
418.17      95.7
418.18      95.0
418.19      95.0
418.20      96.0
418.21      96.5
418.22      95.7
418.23      95.7
418.24      96.2
418.25      97.2
418.26      97.2
418.27      97.7
418.28      96.2
418.29      96.0
418.30      95.0
418.31      94.7
418.32      93.5
418.33      94.5
418.34      93.5
418.35      93.3
418.36      93.8
418.37      92.3
418.38      91.8
418.39      93.0
418.40      93.8
418.41      94.3
418.42      92.8
418.43      93.0
418.44      93.5
418.45      93.3
418.46      92.8
418.47      93.0
418.48      92.8
418.49      92.6
418.50      93.8
418.51      94.0
418.52      94.7
418.53      94.3
418.54      93.5
418.55      93.0
418.56      93.0
418.57      91.6
418.58      92.1
418.59      93.3
418.60      93.3
418.61      92.8
418.62      92.3
418.63      94.5
418.64      95.0
418.65      94.3
418.66      94.3
418.67      94.0
418.68      93.5
418.69      94.5
418.70      93.8
418.71      93.5
418.72      92.8
418.73      92.8
418.74      92.6
418.75      93.5
418.76      94.5
418.77      93.8
418.78      93.0
418.79      93.8
418.80      94.0
418.81      94.0
418.82      94.0
418.83      93.3
418.84      92.8
418.85      94.3
418.86      93.8
418.87      94.7
418.88      94.0
418.89      93.8
418.90      94.7
418.91      94.5
418.92      93.8
418.93      93.5
418.94      93.0
418.95      92.6
418.96      92.8
418.97      94.0
418.98      93.8
418.99      94.0
419.00      94.3
419.01      93.5
419.02      94.0
419.03      93.3
419.04      94.7
419.05      94.7
419.06      94.0
419.07      93.0
419.08      92.8
419.09      93.0
419.10      93.8
419.11      94.7
419.12      93.8
419.13      93.8
419.14      93.5
419.15      93.5
419.16      93.3
419.17      93.5
419.18      93.3
419.19      94.0
419.20      93.8
419.21      93.3
419.22      93.3
419.23      92.8
419.24      92.8
419.25      94.3
419.26      93.3
419.27      92.8
419.28      93.0
419.29      93.5
419.30      94.3
419.31      94.5
419.32      94.0
419.33      94.0
419.34      94.3
419.35      94.3
419.36      93.8
419.37      93.5
419.38      93.3
419.39      93.5
419.40      93.0
419.41      93.5
419.42      94.5
419.43      94.3
419.44      94.5
419.45      94.7
419.46      95.2
419.47      95.5
419.48      94.7
419.49      93.8
419.50      95.5
419.51      96.7
419.52      96.5
419.53      96.7
419.54      96.7
419.55      96.9
419.56      96.5
419.57      96.7
419.58      96.5
419.59      96.5
419.60      96.5
419.61      95.7
419.62      94.7
419.63      94.0
419.64      94.3
419.65      93.3
419.66      93.0
419.67      92.8
419.68      92.6
419.69      91.3
419.70      91.6
419.71      92.3
419.72      91.8
419.73      91.6
419.74      92.8
419.75      93.3
419.76      92.8
419.77      93.0
419.78      92.6
419.79      92.8
419.80      92.8
419.81      93.5
419.82      92.3
419.83      93.3
419.84      92.8
419.85      93.0
419.86      93.0
419.87      93.3
419.88      94.5
419.89      94.3
419.90      94.5
419.91      95.7
419.92      96.9
419.93      96.7
419.94      96.7
419.95      96.5
419.96      96.2
419.97      95.5
419.98      95.0
419.99      94.5
420.00      93.3
420.01      94.3
420.02      93.5
420.03      94.0
420.04      92.8
420.05      91.8
420.06      93.3
420.07      93.5
420.08      94.0
420.09      94.5
420.10      95.0
420.11      94.0
420.12      93.8
420.13      94.7
420.14      94.5
420.15      96.0
420.16      95.2
420.17      94.3
420.18      93.5
420.19      93.8
420.20      94.5
420.21      95.0
420.22      93.0
420.23      93.8
420.24      93.8
420.25      94.3
420.26      94.3
420.27      94.0
420.28      94.0
420.29      94.3
420.30      92.8
420.31      93.3
420.32      93.3
420.33      93.0
420.34      93.0
420.35      94.0
420.36      94.7
420.37      95.7
420.38      96.5
420.39      98.7
420.40      99.4
420.41      100.1
420.42      100.4
420.43      100.6
420.44      100.1
420.45      99.9
420.46      98.7
420.47      97.9
420.48      96.7
420.49      96.9
420.50      96.9
420.51      97.4
420.52      96.9
420.53      96.0
420.54      95.2
420.55      96.0
420.56      96.0
420.57      95.7
420.58      95.2
420.59      95.2
420.60      95.0
420.61      94.0
420.62      93.8
420.63      94.7
420.64      94.7
420.65      94.7
420.66      94.7
420.67      94.3
420.68      94.5
420.69      95.0
420.70      94.7
420.71      94.5
420.72      94.5
420.73      94.5
420.74      94.7
420.75      94.3
420.76      93.8
420.77      94.3
420.78      93.3
420.79      94.0
420.80      93.8
420.81      94.5
420.82      94.7
420.83      96.0
420.84      96.2
420.85      95.7
420.86      95.2
420.87      95.7
420.88      95.7
420.89      95.5
420.90      96.5
420.91      96.5
420.92      97.4
420.93      96.9
420.94      96.2
420.95      96.5
420.96      95.7
420.97      95.0
420.98      95.5
420.99      94.5
421.00      93.5
421.01      93.3
421.02      93.5
421.03      94.5
421.04      94.0
421.05      94.0
421.06      94.3
421.07      94.3
421.08      94.0
421.09      94.3
421.10      94.0
421.11      94.3
421.12      95.7
421.13      96.2
421.14      96.7
421.15      97.2
421.16      98.9
421.17      98.4
421.18      99.1
421.19      98.2
421.20      98.4
421.21      97.2
421.22      96.5
421.23      96.5
421.24      95.7
421.25      95.7
421.26      95.2
421.27      96.0
421.28      96.5
421.29      95.2
421.30      95.0
421.31      95.5
421.32      94.5
421.33      93.8
421.34      94.7
421.35      94.5
421.36      93.5
421.37      94.0
421.38      93.5
421.39      93.8
421.40      93.8
421.41      94.0
421.42      93.0
421.43      93.5
421.44      93.8
421.45      93.3
421.46      92.1
421.47      92.6
421.48      92.8
421.49      93.3
421.50      93.8
421.51      93.5
421.52      93.0
421.53      94.7
421.54      96.0
421.55      96.0
421.56      94.7
421.57      94.7
421.58      94.5
421.59      95.0
421.60      95.0
421.61      93.8
421.62      93.8
421.63      93.3
421.64      93.3
421.65      92.6
421.66      93.3
421.67      94.5
421.68      94.0
421.69      94.0
421.70      94.0
421.71      93.0
421.72      92.8
421.73      93.8
421.74      94.5
421.75      94.0
421.76      94.3
421.77      94.7
421.78      95.5
421.79      95.0
421.80      94.3
421.81      93.5
421.82      92.8
421.83      93.0
421.84      93.8
421.85      94.3
421.86      93.8
421.87      93.0
421.88      93.5
421.89      94.0
421.90      93.5
421.91      93.3
421.92      93.3
421.93      92.6
421.94      93.8
421.95      93.5
421.96      93.8
421.97      93.5
421.98      92.8
421.99      92.8
422.00      92.6
422.01      92.3
422.02      92.1
422.03      91.8
422.04      93.3
422.05      94.5
422.06      94.3
422.07      94.3
422.08      93.8
422.09      94.3
422.10      93.8
422.11      94.5
422.12      94.5
422.13      93.8
422.14      93.3
422.15      93.5
422.16      94.5
422.17      95.2
422.18      95.7
422.19      96.5
422.20      97.2
422.21      97.7
422.22      96.7
422.23      97.4
422.24      96.9
422.25      97.4
422.26      96.7
422.27      96.9
422.28      97.7
422.29      98.4
422.30      97.7
422.31      96.5
422.32      96.9
422.33      97.9
422.34      96.7
422.35      96.5
422.36      95.5
422.37      96.0
422.38      95.7
422.39      95.2
422.40      94.7
422.41      94.3
422.42      95.5
422.43      94.7
422.44      94.5
422.45      94.5
422.46      94.7
422.47      93.8
422.48      94.0
422.49      93.8
422.50      93.3
422.51      94.0
422.52      93.8
422.53      94.0
422.54      94.0
422.55      93.3
422.56      93.3
422.57      93.5
422.58      93.0
422.59      93.3
422.60      93.5
422.61      94.3
422.62      93.8
422.63      93.0
422.64      94.0
422.65      94.3
422.66      94.3
422.67      94.7
422.68      94.3
422.69      94.7
422.70      93.5
422.71      93.5
422.72      92.3
422.73      92.1
422.74      91.8
422.75      91.8
422.76      91.8
422.77      92.1
422.78      92.1
422.79      92.8
422.80      92.6
422.81      92.6
422.82      93.5
422.83      94.0
422.84      94.0
422.85      95.0
422.86      94.7
422.87      94.7
422.88      94.3
422.89      95.2
422.90      94.5
422.91      94.3
422.92      94.3
422.93      92.8
422.94      92.3
422.95      92.6
422.96      92.8
422.97      92.8
422.98      92.3
422.99      93.3
423.00      93.5
423.01      93.3
423.02      93.3
423.03      93.0
423.04      93.3
423.05      93.5
423.06      93.8
423.07      93.8
423.08      94.3
423.09      93.8
423.10      92.8
423.11      93.3
423.12      94.0
423.13      94.0
423.14      94.5
423.15      93.8
423.16      94.0
423.17      95.2
423.18      94.7
423.19      93.8
423.20      93.0
423.21      92.8
423.22      93.8
423.23      95.0
423.24      95.2
423.25      96.7
423.26      95.7
423.27      96.2
423.28      96.7
423.29      97.2
423.30      96.5
423.31      96.9
423.32      96.9
423.33      96.5
423.34      97.9
423.35      97.4
423.36      98.2
423.37      97.2
423.38      96.5
423.39      95.5
423.40      95.0
423.41      94.7
423.42      94.3
423.43      94.0
423.44      93.3
423.45      93.3
423.46      93.3
423.47      93.8
423.48      94.0
423.49      95.0
423.50      95.7
423.51      94.7
423.52      95.7
423.53      96.2
423.54      96.9
423.55      97.4
423.56      97.7
423.57      96.7
423.58      96.7
423.59      96.9
423.60      97.2
423.61      96.7
423.62      96.0
423.63      96.7
423.64      97.9
423.65      99.4
423.66      99.1
423.67      98.4
423.68      98.7
423.69      99.1
423.70      100.9
423.71      101.6
423.72      100.1
423.73      99.4
423.74      99.1
423.75      96.9
423.76      96.7
423.77      95.5
423.78      95.7
423.79      95.2
423.80      93.8
423.81      92.6
423.82      93.3
423.83      93.8
423.84      95.0
423.85      94.3
423.86      93.8
423.87      93.0
423.88      92.8
423.89      92.3
423.90      92.3
423.91      92.8
423.92      93.0
423.93      92.6
423.94      92.8
423.95      92.3
423.96      92.3
423.97      92.8
423.98      92.8
423.99      93.8
424.00      95.2
424.01      95.7
424.02      95.7
424.03      96.7
424.04      95.7
424.05      96.2
424.06      95.7
424.07      96.0
424.08      94.5
424.09      95.0
424.10      95.0
424.11      95.2
424.12      95.2
424.13      96.0
424.14      95.0
424.15      93.5
424.16      93.8
424.17      94.0
424.18      93.0
424.19      92.8
424.20      92.8
424.21      93.5
424.22      95.2
424.23      96.0
424.24      95.7
424.25      96.5
424.26      95.5
424.27      95.5
424.28      95.7
424.29      96.0
424.30      94.7
424.31      94.7
424.32      93.8
424.33      94.7
424.34      94.3
424.35      94.7
424.36      94.0
424.37      94.0
424.38      95.0
424.39      95.0
424.40      93.3
424.41      93.3
424.42      94.0
424.43      93.8
424.44      93.8
424.45      93.8
424.46      92.8
424.47      94.0
424.48      93.3
424.49      93.5
424.50      93.0
424.51      94.0
424.52      94.3
424.53      94.5
424.54      94.0
424.55      94.3
424.56      93.5
424.57      93.5
424.58      92.8
424.59      92.6
424.60      93.5
424.61      93.3
424.62      94.3
424.63      93.8
424.64      94.0
424.65      93.5
424.66      93.5
424.67      94.0
424.68      94.3
424.69      93.3
424.70      92.3
424.71      92.8
424.72      93.0
424.73      94.3
424.74      94.0
424.75      93.8
424.76      94.5
424.77      94.0
424.78      93.3
424.79      92.6
424.80      92.8
424.81      94.0
424.82      94.3
424.83      94.3
424.84      92.6
424.85      92.1
424.86      92.8
424.87      93.5
424.88      93.8
424.89      94.3
424.90      93.0
424.91      92.8
424.92      93.5
424.93      94.0
424.94      94.3
424.95      94.0
424.96      93.5
424.97      92.8
424.98      92.3
424.99      92.1
425.00      92.3
425.01      92.6
425.02      92.6
425.03      91.8
425.04      92.1
425.05      91.8
425.06      93.0
425.07      94.7
425.08      94.5
425.09      94.3
425.10      92.8
425.11      93.3
425.12      94.0
425.13      93.8
425.14      93.3
425.15      92.6
425.16      92.8
425.17      94.3
425.18      94.5
425.19      94.5
425.20      93.0
425.21      93.5
425.22      94.0
425.23      94.5
425.24      94.0
425.25      94.5
425.26      93.0
425.27      93.3
425.28      93.8
425.29      93.8
425.30      94.3
425.31      94.3
425.32      94.7
425.33      95.2
425.34      95.0
425.35      94.7
425.36      94.3
425.37      94.0
425.38      94.3
425.39      93.8
425.40      94.3
425.41      94.5
425.42      94.5
425.43      94.7
425.44      94.0
425.45      93.8
425.46      93.8
425.47      93.8
425.48      93.5
425.49      93.0
425.50      93.0
425.51      93.5
425.52      93.0
425.53      92.8
425.54      93.0
425.55      93.8
425.56      93.0
425.57      93.8
425.58      94.5
425.59      92.8
425.60      93.5
425.61      93.8
425.62      93.3
425.63      92.8
425.64      92.3
425.65      92.8
425.66      92.8
425.67      92.3
425.68      90.8
425.69      90.8
425.70      91.3
425.71      91.6
425.72      91.8
425.73      92.8
425.74      93.0
425.75      93.5
425.76      93.0
425.77      93.3
425.78      93.8
425.79      93.8
425.80      94.3
425.81      93.3
425.82      93.0
425.83      93.8
425.84      93.8
425.85      93.5
425.86      93.8
425.87      93.3
425.88      92.1
425.89      91.6
425.90      91.3
425.91      91.8
425.92      92.3
425.93      91.8
425.94      91.8
425.95      92.1
425.96      92.8
425.97      93.8
425.98      92.6
425.99      92.1
426.00      93.3
426.01      94.3
426.02      93.5
426.03      94.3
426.04      93.3
426.05      92.8
426.06      93.3
426.07      93.0
426.08      92.1
426.09      92.3
426.10      92.1
426.11      91.1
426.12      92.1
426.13      93.3
426.14      92.1
426.15      92.8
426.16      93.3
426.17      92.8
426.18      92.6
426.19      91.8
426.20      91.6
426.21      91.8
426.22      91.1
426.23      91.8
426.24      91.8
426.25      91.8
426.26      91.1
426.27      92.3
426.28      92.3
426.29      91.8
426.30      91.8
426.31      93.3
426.32      92.8
426.33      92.6
426.34      92.6
426.35      92.6
426.36      92.3
426.37      93.0
426.38      93.3
426.39      93.8
426.40      93.5
426.41      93.5
426.42      94.5
426.43      93.5
426.44      92.8
426.45      91.8
426.46      90.8
426.47      90.1
426.48      90.6
426.49      91.6
426.50      92.6
426.51      92.6
426.52      92.6
426.53      92.1
426.54      91.3
426.55      91.8
426.56      93.0
426.57      92.8
426.58      92.3
426.59      93.3
426.60      93.3
426.61      93.8
426.62      94.5
426.63      93.8
426.64      93.3
426.65      93.8
426.66      93.8
426.67      93.3
426.68      92.1
426.69      91.8
426.70      91.6
426.71      93.3
426.72      93.8
426.73      93.5
426.74      92.8
426.75      92.3
426.76      92.8
426.77      92.1
426.78      92.3
426.79      92.8
426.80      92.8
426.81      93.5
426.82      92.8
426.83      92.1
426.84      90.8
426.85      92.3
426.86      92.8
426.87      93.3
426.88      93.8
426.89      94.0
426.90      93.8
426.91      93.3
426.92      92.8
426.93      93.3
426.94      93.3
426.95      93.3
426.96      94.3
426.97      94.0
426.98      94.0
426.99      94.0
427.00      93.0
427.01      93.5
427.02      93.5
427.03      92.6
427.04      93.3
427.05      92.8
427.06      94.0
427.07      93.0
427.08      92.8
427.09      92.3
427.10      92.1
427.11      92.6
427.12      91.6
427.13      91.6
427.14      91.6
427.15      91.8
427.16      91.8
427.17      92.1
427.18      92.3
427.19      91.8
427.20      91.6
427.21      92.3
427.22      91.8
427.23      92.3
427.24      92.3
427.25      92.3
427.26      91.8
427.27      93.0
427.28      94.5
427.29      94.7
427.30      94.7
427.31      94.5
427.32      93.8
427.33      93.8
427.34      93.3
427.35      92.8
427.36      92.6
427.37      92.8
427.38      92.8
427.39      93.3
427.40      92.6
427.41      91.6
427.42      92.3
427.43      92.8
427.44      91.3
427.45      92.3
427.46      93.5
427.47      93.8
427.48      95.0
427.49      96.0
427.50      96.9
427.51      99.1
427.52      100.1
427.53      100.9
427.54      102.3
427.55      103.1
427.56      103.8
427.57      105.3
427.58      105.7
427.59      106.2
427.60      105.5
427.61      104.0
427.62      101.8
427.63      100.9
427.64      99.6
427.65      98.2
427.66      96.5
427.67      96.2
427.68      95.2
427.69      94.5
427.70      94.0
427.71      94.5
427.72      93.5
427.73      92.6
427.74      95.0
427.75      93.8
427.76      93.5
427.77      95.0
427.78      94.0
427.79      92.1
427.80      90.8
427.81      91.3
427.82      91.3
427.83      92.3
427.84      93.5
427.85      94.5
427.86      95.0
427.87      95.0
427.88      94.5
427.89      94.7
427.90      94.0
427.91      94.3
427.92      94.0
427.93      93.3
427.94      93.5
427.95      93.0
427.96      93.3
427.97      92.6
427.98      92.3
427.99      91.8
428.00      92.8
428.01      92.6
428.02      93.3
428.03      93.0
428.04      92.6
428.05      92.8
428.06      93.0
428.07      92.3
428.08      92.1
428.09      93.0
428.10      93.0
428.11      92.3
428.12      92.6
428.13      92.1
428.14      93.0
428.15      93.3
428.16      92.3
428.17      91.8
428.18      92.3
428.19      92.6
428.20      92.6
428.21      93.8
428.22      93.3
428.23      93.3
428.24      93.5
428.25      92.8
428.26      91.6
428.27      92.1
428.28      92.1
428.29      91.8
428.30      90.8
428.31      91.6
428.32      91.6
428.33      92.3
428.34      92.1
428.35      92.6
428.36      93.5
428.37      93.5
428.38      92.8
428.39      93.0
428.40      93.8
428.41      92.3
428.42      93.3
428.43      93.5
428.44      93.8
428.45      94.3
428.46      95.0
428.47      95.0
428.48      94.0
428.49      92.8
428.50      92.6
428.51      90.8
428.52      92.6
428.53      93.5
428.54      94.0
428.55      94.7
428.56      92.3
428.57      92.6
428.58      91.6
428.59      92.3
428.60      91.8
428.61      92.3
428.62      92.8
428.63      93.8
428.64      93.5
428.65      94.0
428.66      93.3
428.67      93.0
428.68      92.3
428.69      91.1
428.70      92.1
428.71      91.1
428.72      91.3
428.73      92.6
428.74      92.6
428.75      92.3
428.76      91.8
428.77      92.8
428.78      92.6
428.79      93.3
428.80      93.8
428.81      94.7
428.82      95.2
428.83      94.0
428.84      92.8
428.85      93.3
428.86      93.0
428.87      93.5
428.88      93.8
428.89      94.0
428.90      94.0
428.91      94.0
428.92      93.5
428.93      92.6
428.94      92.8
428.95      92.6
428.96      92.8
428.97      92.3
428.98      93.0
428.99      93.0
429.00      94.0
429.01      93.0
429.02      94.0
429.03      93.0
429.04      92.6
429.05      94.5
429.06      92.8
429.07      92.8
429.08      93.0
429.09      92.6
429.10      92.6
429.11      92.3
429.12      92.1
429.13      92.3
429.14      92.3
429.15      91.6
429.16      92.1
429.17      91.8
429.18      92.1
429.19      93.0
429.20      92.8
429.21      94.7
429.22      94.3
429.23      93.8
429.24      93.0
429.25      93.0
429.26      91.1
429.27      91.8
429.28      92.1
429.29      92.6
429.30      93.0
429.31      93.3
429.32      93.0
429.33      93.0
429.34      92.6
429.35      90.8
429.36      92.1
429.37      93.3
429.38      93.0
429.39      92.3
429.40      91.6
429.41      90.8
429.42      91.6
429.43      91.8
429.44      91.3
429.45      92.1
429.46      93.0
429.47      92.8
429.48      91.6
429.49      92.6
429.50      92.8
429.51      92.1
429.52      91.1
429.53      91.6
429.54      92.1
429.55      91.6
429.56      91.6
429.57      92.1
429.58      91.6
429.59      91.3
429.60      91.3
429.61      91.1
429.62      91.3
429.63      92.1
429.64      92.1
429.65      92.1
429.66      91.6
429.67      92.3
429.68      92.1
429.69      91.8
429.70      92.6
429.71      92.8
429.72      92.6
429.73      93.0
429.74      94.5
429.75      94.3
429.76      93.8
429.77      93.8
429.78      94.3
429.79      93.8
429.80      93.3
429.81      93.0
429.82      93.5
429.83      93.3
429.84      93.3
429.85      94.3
429.86      94.5
429.87      94.5
429.88      94.5
429.89      94.3
429.90      93.5
429.91      92.8
429.92      92.3
429.93      90.8
429.94      90.8
429.95      92.3
429.96      93.8
429.97      94.3
429.98      94.5
429.99      94.7
430.00      93.3
430.01      92.3
430.02      92.6
430.03      92.8
430.04      93.3
430.05      94.0
430.06      93.5
430.07      93.8
430.08      94.5
430.09      94.3
430.10      93.0
430.11      92.8
430.12      92.6
430.13      92.8
430.14      91.8
430.15      91.8
430.16      91.6
430.17      91.6
430.18      91.3
430.19      92.1
430.20      92.3
430.21      92.6
430.22      92.8
430.23      92.8
430.24      93.3
430.25      93.0
430.26      93.5
430.27      94.3
430.28      93.8
430.29      94.0
430.30      94.3
430.31      94.5
430.32      93.8
430.33      92.8
430.34      92.3
430.35      92.1
430.36      91.6
430.37      92.1
430.38      92.3
430.39      92.3
430.40      92.6
430.41      92.6
430.42      91.6
430.43      91.3
430.44      91.6
430.45      91.6
430.46      92.3
430.47      93.8
430.48      93.5
430.49      92.8
430.50      92.1
430.51      92.8
430.52      93.0
430.53      92.8
430.54      92.8
430.55      93.5
430.56      94.5
430.57      94.5
430.58      94.0
430.59      94.5
430.60      94.0
430.61      94.0
430.62      93.0
430.63      92.6
430.64      92.8
430.65      91.8
430.66      92.6
430.67      92.1
430.68      92.6
430.69      92.6
430.70      91.8
430.71      91.6
430.72      92.1
430.73      93.0
430.74      93.0
430.75      92.6
430.76      93.0
430.77      93.0
430.78      92.6
430.79      93.0
430.80      93.3
430.81      93.3
430.82      93.3
430.83      93.5
430.84      94.3
430.85      95.2
430.86      94.3
430.87      94.0
430.88      93.5
430.89      94.0
430.90      92.8
430.91      92.3
430.92      92.8
430.93      93.3
430.94      92.8
430.95      93.8
430.96      94.0
430.97      93.5
430.98      93.0
430.99      93.5
431.00      94.0
431.01      93.8
431.02      93.8
431.03      94.0
431.04      93.3
431.05      93.5
431.06      93.8
431.07      94.3
431.08      93.5
431.09      93.5
431.10      93.0
431.11      92.8
431.12      92.3
431.13      92.1
431.14      92.1
431.15      93.0
431.16      92.8
431.17      93.0
431.18      92.3
431.19      92.8
431.20      92.8
431.21      93.3
431.22      93.5
431.23      94.0
431.24      93.0
431.25      93.3
431.26      92.3
431.27      92.3
431.28      92.3
431.29      92.8
431.30      92.3
431.31      92.6
431.32      93.3
431.33      92.8
431.34      92.3
431.35      92.3
431.36      91.3
431.37      91.6
431.38      93.0
431.39      92.6
431.40      93.5
431.41      95.0
431.42      94.7
431.43      93.8
431.44      93.0
431.45      93.5
431.46      94.5
431.47      94.5
431.48      94.0
431.49      93.8
431.50      93.5
431.51      93.3
431.52      93.8
431.53      94.3
431.54      93.8
431.55      93.5
431.56      92.6
431.57      92.3
431.58      92.6
431.59      92.3
431.60      92.8
431.61      91.8
431.62      93.3
431.63      93.8
431.64      93.0
431.65      92.6
431.66      93.0
431.67      92.6
431.68      91.3
431.69      90.6
431.70      91.3
431.71      92.3
431.72      92.3
431.73      92.6
431.74      93.0
431.75      92.6
431.76      92.6
431.77      93.0
431.78      93.3
431.79      92.6
431.80      93.5
431.81      93.0
431.82      92.1
431.83      92.8
431.84      92.8
431.85      92.8
431.86      91.6
431.87      92.1
431.88      91.6
431.89      91.6
431.90      91.8
431.91      92.8
431.92      91.8
431.93      92.8
431.94      92.8
431.95      92.8
431.96      92.6
431.97      92.6
431.98      91.3
431.99      91.1
432.00      91.6
432.01      92.1
432.02      91.8
432.03      92.1
432.04      92.6
432.05      92.1
432.06      92.8
432.07      93.5
432.08      93.0
432.09      92.6
432.10      92.8
432.11      92.1
432.12      92.6
432.13      92.1
432.14      92.1
432.15      91.8
432.16      92.3
432.17      91.8
432.18      91.6
432.19      91.6
432.20      92.6
432.21      92.6
432.22      91.8
432.23      90.8
432.24      90.6
432.25      90.6
432.26      91.1
432.27      90.8
432.28      91.3
432.29      91.6
432.30      92.6
432.31      93.5
432.32      92.3
432.33      92.1
432.34      92.1
432.35      92.6
432.36      93.5
432.37      92.3
432.38      91.8
432.39      91.6
432.40      91.6
432.41      92.8
432.42      93.3
432.43      93.0
432.44      93.0
432.45      93.0
432.46      93.5
432.47      94.3
432.48      94.0
432.49      94.0
432.50      93.8
432.51      93.5
432.52      92.3
432.53      91.6
432.54      91.6
432.55      92.3
432.56      91.8
432.57      92.3
432.58      92.8
432.59      93.0
432.60      93.0
432.61      91.8
432.62      93.0
432.63      93.0
432.64      93.5
432.65      93.5
432.66      92.8
432.67      93.0
432.68      92.8
432.69      93.5
432.70      92.6
432.71      92.1
432.72      92.1
432.73      91.8
432.74      91.8
432.75      92.3
432.76      92.6
432.77      91.8
432.78      92.3
432.79      93.0
432.80      93.0
432.81      93.0
432.82      93.3
432.83      93.3
432.84      93.3
432.85      92.1
432.86      91.6
432.87      92.1
432.88      91.1
432.89      91.1
432.90      91.3
432.91      91.6
432.92      91.6
432.93      92.1
432.94      91.1
432.95      92.8
432.96      92.3
432.97      93.3
432.98      93.8
432.99      93.3
433.00      92.8
433.01      91.8
433.02      92.3
433.03      92.1
433.04      92.6
433.05      92.1
433.06      92.1
433.07      93.3
433.08      93.0
433.09      93.3
433.10      93.8
433.11      93.8
433.12      93.5
433.13      92.1
433.14      92.6
433.15      92.6
433.16      92.6
433.17      92.1
433.18      92.1
433.19      92.8
433.20      92.8
433.21      92.8
433.22      93.8
433.23      93.0
433.24      93.0
433.25      93.5
433.26      94.3
433.27      94.0
433.28      93.5
433.29      94.0
433.30      93.3
433.31      92.3
433.32      92.3
433.33      92.3
433.34      93.0
433.35      93.8
433.36      93.3
433.37      93.3
433.38      93.5
433.39      93.5
433.40      92.6
433.41      93.0
433.42      92.8
433.43      93.8
433.44      92.6
433.45      92.8
433.46      92.8
433.47      91.8
433.48      92.8
433.49      92.8
433.50      92.3
433.51      91.3
433.52      91.8
433.53      92.1
433.54      91.8
433.55      92.3
433.56      92.6
433.57      92.6
433.58      93.5
433.59      93.3
433.60      91.8
433.61      92.3
433.62      92.8
433.63      92.3
433.64      91.8
433.65      91.6
433.66      92.6
433.67      92.3
433.68      92.3
433.69      92.6
433.70      93.0
433.71      93.0
433.72      92.3
433.73      93.0
433.74      93.3
433.75      93.3
433.76      93.8
433.77      93.3
433.78      92.3
433.79      92.1
433.80      93.3
433.81      93.8
433.82      93.0
433.83      93.5
433.84      93.5
433.85      93.8
433.86      95.0
433.87      96.5
433.88      100.1
433.89      103.8
433.90      107.7
433.91      113.8
433.92      119.4
433.93      124.5
433.94      127.5
433.95      128.4
433.96      128.0
433.97      128.0
433.98      127.7
433.99      126.5
434.00      127.5
434.01      129.7
434.02      135.0
434.03      146.8
434.04      156.8
434.05      164.3
434.06      168.7
434.07      169.2
434.08      165.1
434.09      158.2
434.10      151.2
434.11      142.9
434.12      134.8
434.13      127.7
434.14      121.9
434.15      117.0
434.16      112.6
434.17      107.2
434.18      102.8
434.19      99.4
434.20      97.9
434.21      96.9
434.22      95.0
434.23      93.3
434.24      92.8
434.25      92.3
434.26      92.8
434.27      93.3
434.28      93.3
434.29      92.6
434.30      92.3
434.31      93.8
434.32      94.0
434.33      92.8
434.34      92.3
434.35      91.1
434.36      90.6
434.37      90.8
434.38      90.4
434.39      90.8
434.40      91.3
434.41      92.1
434.42      93.3
434.43      93.5
434.44      92.6
434.45      92.8
434.46      92.6
434.47      92.3
434.48      93.0
434.49      92.3
434.50      91.8
434.51      91.3
434.52      91.6
434.53      93.0
434.54      92.8
434.55      92.8
434.56      92.1
434.57      93.0
434.58      93.0
434.59      92.3
434.60      92.1
434.61      91.8
434.62      92.3
434.63      92.6
434.64      92.3
434.65      92.8
434.66      92.6
434.67      92.3
434.68      92.6
434.69      92.8
434.70      93.3
434.71      92.3
434.72      91.3
434.73      91.6
434.74      93.0
434.75      93.0
434.76      93.3
434.77      93.0
434.78      93.0
434.79      93.5
434.80      92.6
434.81      92.1
434.82      92.8
434.83      92.6
434.84      91.3
434.85      91.1
434.86      90.6
434.87      91.6
434.88      92.1
434.89      93.3
434.90      93.8
434.91      93.0
434.92      92.8
434.93      92.3
434.94      92.8
434.95      92.6
434.96      93.5
434.97      94.0
434.98      94.5
434.99      93.3
435.00      92.1
435.01      92.6
435.02      92.6
435.03      92.8
435.04      93.5
435.05      93.8
435.06      93.3
435.07      93.5
435.08      92.6
435.09      92.6
435.10      92.3
435.11      92.3
435.12      91.8
435.13      91.3
435.14      92.8
435.15      92.8
435.16      92.8
435.17      92.3
435.18      91.8
435.19      92.1
435.20      92.1
435.21      91.3
435.22      91.8
435.23      92.8
435.24      92.3
435.25      92.3
435.26      92.3
435.27      92.8
435.28      92.6
435.29      93.5
435.30      92.3
435.31      92.6
435.32      92.3
435.33      92.8
435.34      92.1
435.35      92.8
435.36      93.0
435.37      93.8
435.38      94.0
435.39      94.5
435.40      94.7
435.41      93.5
435.42      93.8
435.43      93.5
435.44      93.8
435.45      93.0
435.46      93.0
435.47      92.8
435.48      92.3
435.49      91.6
435.50      91.3
435.51      91.1
435.52      90.8
435.53      91.3
435.54      91.3
435.55      91.6
435.56      92.1
435.57      92.3
435.58      93.0
435.59      92.8
435.60      92.8
435.61      92.1
435.62      90.8
435.63      91.3
435.64      90.8
435.65      92.1
435.66      91.8
435.67      90.6
435.68      90.4
435.69      91.1
435.70      91.3
435.71      92.6
435.72      93.3
435.73      93.3
435.74      93.5
435.75      93.5
435.76      93.0
435.77      93.3
435.78      92.8
435.79      93.0
435.80      92.6
435.81      92.1
435.82      91.1
435.83      91.8
435.84      92.6
435.85      93.3
435.86      93.5
435.87      92.8
435.88      92.3
435.89      91.3
435.90      91.8
435.91      93.3
435.92      93.0
435.93      93.0
435.94      91.8
435.95      92.1
435.96      91.1
435.97      90.4
435.98      90.6
435.99      91.8
436.00      92.1
436.01      91.3
436.02      91.1
436.03      91.6
436.04      92.1
436.05      92.8
436.06      92.8
436.07      92.3
436.08      91.6
436.09      92.6
436.10      92.3
436.11      92.3
436.12      92.3
436.13      93.0
436.14      93.8
436.15      93.8
436.16      92.3
436.17      92.3
436.18      93.0
436.19      93.3
436.20      92.6
436.21      93.5
436.22      93.5
436.23      92.8
436.24      93.3
436.25      94.0
436.26      93.0
436.27      93.5
436.28      93.5
436.29      93.0
436.30      92.3
436.31      92.1
436.32      91.6
436.33      92.3
436.34      93.3
436.35      92.8
436.36      92.3
436.37      93.3
436.38      94.0
436.39      93.5
436.40      92.8
436.41      91.8
436.42      92.8
436.43      92.8
436.44      92.8
436.45      92.1
436.46      92.8
436.47      93.3
436.48      93.8
436.49      93.8
436.50      93.5
436.51      92.3
436.52      91.6
436.53      92.8
436.54      92.6
436.55      92.1
436.56      92.1
436.57      91.8
436.58      92.3
436.59      93.0
436.60      93.3
436.61      93.8
436.62      93.3
436.63      94.3
436.64      92.8
436.65      92.6
436.66      93.3
436.67      93.3
436.68      94.5
436.69      94.0
436.70      93.0
436.71      91.8
436.72      92.3
436.73      93.0
436.74      93.0
436.75      92.6
436.76      93.0
436.77      93.8
436.78      93.0
436.79      92.3
436.80      92.1
436.81      92.6
436.82      92.6
436.83      94.3
436.84      93.8
436.85      93.8
436.86      92.6
436.87      92.3
436.88      92.6
436.89      92.3
436.90      92.1
436.91      91.6
436.92      91.1
436.93      92.3
436.94      92.8
436.95      92.3
436.96      91.1
436.97      92.6
436.98      92.6
436.99      91.8
437.00      91.8
437.01      91.3
437.02      92.1
437.03      92.1
437.04      91.1
437.05      91.8
437.06      90.8
437.07      90.6
437.08      90.1
437.09      90.6
437.10      91.8
437.11      92.3
437.12      91.3
437.13      90.6
437.14      91.1
437.15      91.8
437.16      92.3
437.17      92.6
437.18      92.8
437.19      93.0
437.20      92.6
437.21      92.1
437.22      91.8
437.23      91.1
437.24      91.1
437.25      91.1
437.26      90.8
437.27      90.6
437.28      91.6
437.29      92.6
437.30      92.3
437.31      92.3
437.32      92.1
437.33      90.6
437.34      91.3
437.35      91.3
437.36      91.3
437.37      91.6
437.38      92.3
437.39      92.1
437.40      92.8
437.41      91.8
437.42      90.8
437.43      90.8
437.44      90.8
437.45      90.4
437.46      92.1
437.47      91.8
437.48      91.3
437.49      91.8
437.50      92.1
437.51      93.8
437.52      92.6
437.53      92.3
437.54      93.3
437.55      93.5
437.56      93.5
437.57      93.3
437.58      94.0
437.59      92.8
437.60      92.3
437.61      92.3
437.62      92.3
437.63      92.1
437.64      91.6
437.65      91.3
437.66      91.1
437.67      92.6
437.68      91.3
437.69      91.3
437.70      91.3
437.71      92.8
437.72      92.1
437.73      92.8
437.74      92.3
437.75      92.1
437.76      92.8
437.77      92.6
437.78      92.6
437.79      92.1
437.80      92.3
437.81      92.3
437.82      93.0
437.83      93.8
437.84      93.3
437.85      92.3
437.86      93.3
437.87      94.3
437.88      94.5
437.89      93.8
437.90      94.7
437.91      94.3
437.92      94.5
437.93      93.3
437.94      92.8
437.95      92.3
437.96      93.3
437.97      93.8
437.98      92.3
437.99      91.8
438.00      91.1
438.01      91.3
438.02      90.6
438.03      91.3
438.04      92.6
438.05      92.3
438.06      92.3
438.07      93.3
438.08      92.3
438.09      92.8
438.10      92.1
438.11      91.6
438.12      91.3
438.13      91.8
438.14      92.3
438.15      91.6
438.16      92.1
438.17      91.8
438.18      91.8
438.19      91.3
438.20      92.3
438.21      91.8
438.22      91.8
438.23      91.6
438.24      91.3
438.25      93.3
438.26      93.5
438.27      94.0
438.28      93.0
438.29      92.1
438.30      91.8
438.31      92.6
438.32      93.0
438.33      92.6
438.34      92.6
438.35      92.8
438.36      94.0
438.37      95.2
438.38      95.2
438.39      95.0
438.40      94.7
438.41      94.3
438.42      94.7
438.43      93.3
438.44      93.8
438.45      92.8
438.46      92.6
438.47      91.6
438.48      91.3
438.49      92.1
438.50      93.3
438.51      93.5
438.52      93.0
438.53      93.3
438.54      93.0
438.55      93.0
438.56      91.8
438.57      91.8
438.58      92.3
438.59      92.3
438.60      92.6
438.61      92.6
438.62      92.6
438.63      91.8
438.64      90.4
438.65      91.6
438.66      92.3
438.67      92.6
438.68      92.3
438.69      92.8
438.70      93.0
438.71      92.3
438.72      92.6
438.73      92.6
438.74      92.6
438.75      93.3
438.76      92.8
438.77      91.8
438.78      92.1
438.79      92.3
438.80      91.8
438.81      91.6
438.82      92.1
438.83      92.1
438.84      92.3
438.85      93.3
438.86      92.8
438.87      92.3
438.88      91.8
438.89      92.6
438.90      92.6
438.91      93.3
438.92      93.5
438.93      93.3
438.94      93.5
438.95      93.0
438.96      93.5
438.97      93.8
438.98      93.0
438.99      93.0
439.00      92.6
439.01      94.3
439.02      94.7
439.03      94.0
439.04      94.7
439.05      94.0
439.06      93.5
439.07      93.0
439.08      93.3
439.09      92.6
439.10      92.1
439.11      92.3
439.12      93.3
439.13      94.3
439.14      93.8
439.15      93.5
439.16      93.3
439.17      93.5
439.18      94.0
439.19      95.2
439.20      93.3
439.21      92.3
439.22      92.8
439.23      92.6
439.24      91.6
439.25      92.3
439.26      93.0
439.27      92.8
439.28      93.0
439.29      93.3
439.30      93.3
439.31      92.8
439.32      92.6
439.33      90.8
439.34      88.9
439.35      90.1
439.36      90.8
439.37      91.3
439.38      90.8
439.39      91.3
439.40      92.8
439.41      92.3
439.42      93.0
439.43      92.3
439.44      92.8
439.45      93.0
439.46      93.3
439.47      91.8
439.48      91.3
439.49      92.6
439.50      92.6
439.51      93.3
439.52      92.6
439.53      93.8
439.54      93.8
439.55      94.0
439.56      92.1
439.57      92.3
439.58      93.0
439.59      91.8
439.60      92.1
439.61      92.8
439.62      93.0
439.63      93.5
439.64      93.0
439.65      92.8
439.66      92.3
439.67      92.8
439.68      92.3
439.69      92.8
439.70      92.1
439.71      91.6
439.72      91.8
439.73      94.0
439.74      93.5
439.75      92.3
439.76      92.3
439.77      93.0
439.78      94.7
439.79      94.0
439.80      94.0
439.81      93.0
439.82      92.8
439.83      92.3
439.84      91.8
439.85      92.6
439.86      92.1
439.87      93.3
439.88      92.8
439.89      92.3
439.90      92.3
439.91      92.8
439.92      92.6
439.93      92.1
439.94      91.3
439.95      91.1
439.96      90.1
439.97      90.1
439.98      90.8
439.99      91.6
440.00      91.8
440.01      91.3
440.02      91.1
440.03      91.8
440.04      92.1
440.05      92.3
440.06      92.3
440.07      91.6
440.08      92.1
440.09      93.5
440.10      92.8
440.11      91.6
440.12      91.3
440.13      91.6
440.14      91.3
440.15      92.3
440.16      90.8
440.17      90.8
440.18      92.3
440.19      92.6
440.20      92.3
440.21      91.8
440.22      91.8
440.23      93.0
440.24      93.5
440.25      92.8
440.26      92.8
440.27      92.1
440.28      93.0
440.29      93.0
440.30      93.5
440.31      93.8
440.32      92.8
440.33      93.8
440.34      93.5
440.35      92.8
440.36      92.1
440.37      93.0
440.38      92.6
440.39      92.3
440.40      93.5
440.41      94.0
440.42      92.6
440.43      92.1
440.44      92.6
440.45      92.1
440.46      91.6
440.47      91.6
440.48      91.6
440.49      91.3
440.50      92.1
440.51      92.3
440.52      91.1
440.53      91.1
440.54      91.1
440.55      91.3
440.56      91.3
440.57      91.6
440.58      90.4
440.59      90.1
440.60      90.6
440.61      90.6
440.62      90.6
440.63      90.4
440.64      90.4
440.65      91.3
440.66      91.8
440.67      90.8
440.68      91.1
440.69      91.6
440.70      90.8
440.71      91.3
440.72      91.6
440.73      91.8
440.74      92.6
440.75      93.3
440.76      92.6
440.77      92.1
440.78      91.8
440.79      92.1
440.80      92.6
440.81      92.1
440.82      92.3
440.83      92.3
440.84      91.6
440.85      91.6
440.86      91.3
440.87      91.3
440.88      91.3
440.89      91.1
440.90      91.8
440.91      91.8
440.92      91.8
440.93      92.8
440.94      94.5
440.95      95.2
440.96      95.2
440.97      95.0
440.98      95.2
440.99      95.5
441.00      94.5
441.01      94.0
441.02      94.0
441.03      94.0
441.04      94.0
441.05      93.8
441.06      93.3
441.07      93.5
441.08      93.3
441.09      93.8
441.10      93.5
441.11      94.0
441.12      93.8
441.13      93.3
441.14      93.0
441.15      93.3
441.16      92.6
441.17      93.5
441.18      93.3
441.19      94.0
441.20      94.3
441.21      94.7
441.22      96.0
441.23      96.5
441.24      97.4
441.25      97.7
441.26      98.4
441.27      96.5
441.28      96.2
441.29      95.0
441.30      95.0
441.31      94.7
441.32      95.0
441.33      94.5
441.34      95.0
441.35      95.0
441.36      95.2
441.37      96.0
441.38      95.7
441.39      96.5
441.40      95.7
441.41      96.0
441.42      96.5
441.43      96.5
441.44      96.7
441.45      96.2
441.46      95.2
441.47      94.7
441.48      95.2
441.49      95.5
441.50      94.7
441.51      94.3
441.52      94.5
441.53      94.5
441.54      95.0
441.55      94.7
441.56      94.7
441.57      94.7
441.58      94.7
441.59      94.0
441.60      94.3
441.61      94.5
441.62      94.3
441.63      93.5
441.64      93.8
441.65      93.3
441.66      93.3
441.67      93.3
441.68      93.8
441.69      93.5
441.70      93.5
441.71      93.3
441.72      94.0
441.73      95.0
441.74      94.3
441.75      95.0
441.76      95.0
441.77      95.2
441.78      96.7
441.79      96.0
441.80      95.0
441.81      94.7
441.82      94.5
441.83      93.0
441.84      92.6
441.85      92.6
441.86      92.3
441.87      93.5
441.88      94.3
441.89      94.5
441.90      94.7
441.91      94.5
441.92      94.7
441.93      94.5
441.94      94.5
441.95      94.3
441.96      95.0
441.97      96.0
441.98      95.7
441.99      95.5
442.00      95.2
442.01      94.5
442.02      93.5
442.03      93.8
442.04      94.0
442.05      93.5
442.06      94.5
442.07      94.7
442.08      94.0
442.09      93.5
442.10      93.3
442.11      94.3
442.12      94.0
442.13      92.6
442.14      92.1
442.15      91.8
442.16      91.1
442.17      93.3
442.18      92.8
442.19      92.6
442.20      93.3
442.21      93.3
442.22      92.3
442.23      91.8
442.24      91.1
442.25      91.6
442.26      93.0
442.27      94.0
442.28      95.0
442.29      95.5
442.30      93.8
442.31      94.3
442.32      93.5
442.33      92.6
442.34      93.3
442.35      93.8
442.36      93.0
442.37      93.0
442.38      93.0
442.39      93.8
442.40      95.0
442.41      94.0
442.42      93.8
442.43      92.8
442.44      94.0
442.45      93.0
442.46      92.3
442.47      92.8
442.48      91.8
442.49      91.6
442.50      91.8
442.51      93.5
442.52      93.8
442.53      94.0
442.54      92.6
442.55      91.6
442.56      91.8
442.57      93.8
442.58      93.8
442.59      93.0
442.60      92.3
442.61      91.8
442.62      92.1
442.63      93.3
442.64      94.5
442.65      93.3
442.66      93.0
442.67      92.3
442.68      92.8
442.69      92.3
442.70      91.3
442.71      91.3
442.72      91.1
442.73      92.1
442.74      91.6
442.75      92.3
442.76      92.3
442.77      92.1
442.78      92.1
442.79      92.8
442.80      92.8
442.81      92.3
442.82      91.8
442.83      91.8
442.84      92.3
442.85      93.0
442.86      93.8
442.87      93.0
442.88      92.6
442.89      92.8
442.90      92.1
442.91      91.3
442.92      91.1
442.93      91.6
442.94      91.6
442.95      92.3
442.96      91.8
442.97      91.3
442.98      93.0
442.99      93.8
443.00      93.5
443.01      92.6
443.02      92.1
443.03      92.3
443.04      91.3
443.05      91.8
443.06      91.8
443.07      91.8
443.08      92.1
443.09      92.3
443.10      91.3
443.11      91.6
443.12      91.6
443.13      92.3
443.14      92.8
443.15      93.0
443.16      92.3
443.17      92.6
443.18      93.5
443.19      93.3
443.20      93.3
443.21      92.1
443.22      91.6
443.23      92.1
443.24      92.3
443.25      91.8
443.26      91.6
443.27      92.3
443.28      92.8
443.29      91.6
443.30      91.8
443.31      91.8
443.32      92.8
443.33      93.5
443.34      93.5
443.35      94.3
443.36      94.0
443.37      93.0
443.38      92.3
443.39      92.8
443.40      92.8
443.41      93.5
443.42      93.3
443.43      93.5
443.44      93.5
443.45      93.5
443.46      92.6
443.47      92.6
443.48      92.8
443.49      93.3
443.50      92.1
443.51      92.1
443.52      91.8
443.53      91.8
443.54      91.8
443.55      91.6
443.56      92.6
443.57      91.6
443.58      90.8
443.59      91.3
443.60      91.3
443.61      92.3
443.62      92.3
443.63      91.8
443.64      92.6
443.65      92.8
443.66      93.5
443.67      93.8
443.68      93.0
443.69      93.0
443.70      93.5
443.71      94.3
443.72      94.3
443.73      94.5
443.74      95.0
443.75      93.5
443.76      93.5
443.77      93.8
443.78      93.5
443.79      93.0
443.80      92.1
443.81      92.8
443.82      93.5
443.83      93.3
443.84      93.0
443.85      93.0
443.86      91.8
443.87      92.8
443.88      91.8
443.89      91.6
443.90      91.6
443.91      93.0
443.92      92.6
443.93      92.6
443.94      92.6
443.95      92.3
443.96      92.6
443.97      92.6
443.98      91.8
443.99      92.1
444.00      92.1
444.01      92.8
444.02      92.3
444.03      92.1
444.04      93.0
444.05      93.0
444.06      93.8
444.07      95.2
444.08      94.0
444.09      94.7
444.10      93.3
444.11      93.0
444.12      92.3
444.13      92.1
444.14      92.1
444.15      92.3
444.16      92.6
444.17      93.3
444.18      94.3
444.19      94.3
444.20      93.8
444.21      94.0
444.22      94.0
444.23      92.6
444.24      91.3
444.25      91.3
444.26      92.3
444.27      93.5
444.28      93.0
444.29      93.3
444.30      93.8
444.31      93.8
444.32      93.8
444.33      94.7
444.34      93.5
444.35      95.2
444.36      94.3
444.37      94.7
444.38      94.7
444.39      95.2
444.40      95.7
444.41      95.2
444.42      96.0
444.43      95.7
444.44      95.2
444.45      94.7
444.46      95.0
444.47      95.2
444.48      95.0
444.49      95.0
444.50      95.5
444.51      96.2
444.52      96.0
444.53      94.7
444.54      94.0
444.55      93.0
444.56      93.3
444.57      92.6
444.58      91.1
444.59      92.6
444.60      92.6
444.61      92.3
444.62      92.6
444.63      92.3
444.64      93.0
444.65      93.0
444.66      95.5
444.67      96.7
444.68      96.2
444.69      96.9
444.70      96.5
444.71      96.7
444.72      96.2
444.73      95.2
444.74      94.7
444.75      94.3
444.76      94.3
444.77      94.0
444.78      93.5
444.79      93.3
444.80      94.0
444.81      93.3
444.82      93.0
444.83      92.6
444.84      92.1
444.85      92.1
444.86      92.6
444.87      92.6
444.88      91.8
444.89      92.6
444.90      93.0
444.91      92.8
444.92      92.1
444.93      92.1
444.94      91.8
444.95      92.3
444.96      92.8
444.97      93.0
444.98      92.8
444.99      93.3
445.00      92.6
445.01      91.6
445.02      92.3
445.03      92.3
445.04      93.5
445.05      92.6
445.06      92.8
445.07      92.3
445.08      91.8
445.09      92.3
445.10      92.8
445.11      94.3
445.12      93.8
445.13      93.0
445.14      93.8
445.15      94.5
445.16      93.5
445.17      93.8
445.18      94.0
445.19      94.0
445.20      95.0
445.21      95.2
445.22      94.5
445.23      93.0
445.24      92.3
445.25      93.3
445.26      93.5
445.27      95.7
445.28      95.5
445.29      95.7
445.30      95.0
445.31      93.5
445.32      93.5
445.33      93.3
445.34      93.0
445.35      93.0
445.36      93.8
445.37      93.5
445.38      93.3
445.39      93.3
445.40      94.0
445.41      93.8
445.42      94.0
445.43      93.3
445.44      93.0
445.45      94.5
445.46      94.3
445.47      94.3
445.48      94.7
445.49      94.7
445.50      94.0
445.51      93.5
445.52      93.0
445.53      93.3
445.54      94.7
445.55      95.0
445.56      95.5
445.57      95.0
445.58      94.5
445.59      93.5
445.60      94.0
445.61      93.8
445.62      93.3
445.63      94.3
445.64      92.6
445.65      92.8
445.66      92.6
445.67      92.6
445.68      91.8
445.69      93.0
445.70      94.0
445.71      94.0
445.72      94.0
445.73      92.3
445.74      91.8
445.75      93.0
445.76      93.0
445.77      92.8
445.78      93.3
445.79      92.6
445.80      93.0
445.81      93.0
445.82      92.8
445.83      93.0
445.84      92.6
445.85      92.1
445.86      91.8
445.87      92.1
445.88      91.8
445.89      91.6
445.90      91.6
445.91      92.1
445.92      93.3
445.93      94.0
445.94      95.0
445.95      94.0
445.96      95.5
445.97      96.9
445.98      96.7
445.99      97.2
446.00      97.2
446.01      96.0
446.02      95.5
446.03      95.7
446.04      95.7
446.05      96.2
446.06      94.5
446.07      94.5
446.08      94.5
446.09      94.0
446.10      92.6
446.11      92.3
446.12      92.3
446.13      91.8
446.14      92.1
446.15      92.6
446.16      91.6
446.17      90.6
446.18      91.8
446.19      93.0
446.20      92.3
446.21      94.0
446.22      94.5
446.23      95.5
446.24      97.2
446.25      96.9
446.26      96.2
446.27      95.7
446.28      95.7
446.29      96.0
446.30      95.2
446.31      95.0
446.32      94.5
446.33      94.7
446.34      95.2
446.35      95.2
446.36      94.0
446.37      93.0
446.38      92.8
446.39      92.3
446.40      92.8
446.41      92.8
446.42      93.3
446.43      92.6
446.44      92.6
446.45      91.8
446.46      92.1
446.47      91.3
446.48      91.1
446.49      91.6
446.50      92.1
446.51      92.3
446.52      91.6
446.53      92.1
446.54      91.8
446.55      93.0
446.56      92.6
446.57      92.1
446.58      91.6
446.59      92.8
446.60      93.0
446.61      92.3
446.62      93.0
446.63      94.0
446.64      93.5
446.65      94.3
446.66      95.5
446.67      96.2
446.68      96.5
446.69      95.2
446.70      95.0
446.71      93.5
446.72      93.8
446.73      95.0
446.74      94.3
446.75      94.3
446.76      94.0
446.77      92.8
446.78      94.0
446.79      93.3
446.80      92.1
446.81      92.1
446.82      91.6
446.83      92.1
446.84      91.8
446.85      92.1
446.86      91.6
446.87      91.1
446.88      91.3
446.89      92.1
446.90      91.1
446.91      90.8
446.92      90.4
446.93      90.1
446.94      89.4
446.95      90.1
446.96      91.1
446.97      92.1
446.98      92.3
446.99      91.1
447.00      90.6
447.01      91.3
447.02      90.8
447.03      91.3
447.04      92.3
447.05      93.3
447.06      94.0
447.07      93.5
447.08      94.0
447.09      93.3
447.10      92.6
447.11      92.8
447.12      93.0
447.13      93.8
447.14      93.3
447.15      93.0
447.16      92.6
447.17      91.8
447.18      91.6
447.19      91.6
447.20      91.1
447.21      90.1
447.22      90.6
447.23      92.1
447.24      92.3
447.25      91.8
447.26      91.8
447.27      92.3
447.28      92.1
447.29      92.1
447.30      93.3
447.31      94.0
447.32      95.2
447.33      95.5
447.34      94.7
447.35      95.7
447.36      95.7
447.37      96.7
447.38      97.4
447.39      96.5
447.40      95.5
447.41      95.2
447.42      94.3
447.43      93.3
447.44      93.5
447.45      93.5
447.46      92.8
447.47      92.6
447.48      93.8
447.49      93.0
447.50      93.0
447.51      93.5
447.52      94.0
447.53      93.3
447.54      93.3
447.55      92.8
447.56      91.6
447.57      91.1
447.58      91.1
447.59      91.6
447.60      91.8
447.61      92.3
447.62      93.0
447.63      93.0
447.64      93.0
447.65      92.8
447.66      93.0
447.67      93.0
447.68      93.8
447.69      93.3
447.70      92.1
447.71      92.3
447.72      92.8
447.73      93.0
447.74      92.6
447.75      92.8
447.76      92.8
447.77      92.3
447.78      91.3
447.79      91.6
447.80      91.8
447.81      91.3
447.82      91.1
447.83      90.8
447.84      91.1
447.85      92.1
447.86      92.8
447.87      93.5
447.88      93.5
447.89      93.3
447.90      93.0
447.91      92.1
447.92      92.1
447.93      91.3
447.94      91.8
447.95      92.3
447.96      92.8
447.97      93.0
447.98      92.6
447.99      91.8
448.00      91.8
448.01      91.8
448.02      90.8
448.03      92.8
448.04      93.8
448.05      92.8
448.06      93.0
448.07      92.1
448.08      91.1
448.09      92.1
448.10      92.1
448.11      91.8
448.12      92.3
448.13      92.3
448.14      92.1
448.15      92.6
448.16      92.8
448.17      93.3
448.18      92.3
448.19      92.8
448.20      92.1
448.21      92.6
448.22      92.6
448.23      92.8
448.24      92.3
448.25      92.8
448.26      92.1
448.27      92.3
448.28      92.6
448.29      92.6
448.30      93.5
448.31      94.0
448.32      93.5
448.33      92.8
448.34      93.0
448.35      92.8
448.36      91.8
448.37      92.1
448.38      92.6
448.39      92.8
448.40      92.3
448.41      92.8
448.42      92.8
448.43      93.8
448.44      93.3
448.45      94.0
448.46      94.7
448.47      94.5
448.48      95.7
448.49      95.5
448.50      96.0
448.51      95.2
448.52      94.5
448.53      94.0
448.54      94.0
448.55      94.7
448.56      95.2
448.57      95.5
448.58      94.7
448.59      95.7
448.60      94.7
448.61      95.5
448.62      95.2
448.63      94.7
448.64      94.0
448.65      93.3
448.66      92.3
448.67      92.6
448.68      93.0
448.69      93.8
448.70      93.3
448.71      92.6
448.72      93.0
448.73      93.8
448.74      94.0
448.75      95.7
448.76      96.0
448.77      95.5
448.78      95.5
448.79      96.0
448.80      95.0
448.81      94.7
448.82      93.5
448.83      93.3
448.84      92.8
448.85      92.8
448.86      93.3
448.87      93.5
448.88      92.6
448.89      92.8
448.90      93.5
448.91      92.8
448.92      93.5
448.93      93.0
448.94      93.3
448.95      93.3
448.96      92.6
448.97      93.0
448.98      92.3
448.99      92.3
449.00      92.8
449.01      93.8
449.02      95.5
449.03      96.7
449.04      96.9
449.05      96.5
449.06      95.7
449.07      96.0
449.08      94.0
449.09      93.3
449.10      94.7
449.11      93.8
449.12      93.0
449.13      94.5
449.14      94.7
449.15      94.5
449.16      93.3
449.17      93.5
449.18      93.8
449.19      93.5
449.20      92.6
449.21      93.0
449.22      93.0
449.23      92.3
449.24      93.5
449.25      92.8
449.26      92.3
449.27      91.8
449.28      91.8
449.29      91.8
449.30      91.6
449.31      91.3
449.32      91.1
449.33      89.9
449.34      90.4
449.35      89.9
449.36      90.4
449.37      90.6
449.38      91.1
449.39      92.3
449.40      92.8
449.41      92.3
449.42      92.1
449.43      92.1
449.44      91.8
449.45      91.6
449.46      92.1
449.47      92.8
449.48      93.5
449.49      94.0
449.50      93.5
449.51      92.8
449.52      92.6
449.53      94.0
449.54      93.8
449.55      94.7
449.56      95.0
449.57      93.5
449.58      93.0
449.59      92.8
449.60      93.8
449.61      92.8
449.62      92.6
449.63      92.6
449.64      94.0
449.65      95.5
449.66      94.3
449.67      93.3
449.68      92.8
449.69      92.6
449.70      92.3
449.71      92.6
449.72      92.3
449.73      92.1
449.74      93.3
449.75      93.0
449.76      93.5
449.77      94.3
449.78      95.2
449.79      96.7
449.80      96.9
449.81      96.9
449.82      96.5
449.83      97.2
449.84      97.4
449.85      97.4
449.86      96.9
449.87      96.9
449.88      96.5
449.89      95.5
449.90      94.7
449.91      93.3
449.92      92.6
449.93      93.3
449.94      92.1
449.95      92.8
449.96      93.5
449.97      93.3
449.98      92.6
449.99      92.6
450.00      92.6
450.01      92.8
450.02      92.6
450.03      92.8
450.04      92.1
450.05      91.6
450.06      91.6
450.07      90.6
450.08      91.3
450.09      92.1
450.10      92.3
450.11      92.6
450.12      93.5
450.13      93.0
450.14      92.1
450.15      92.8
450.16      93.0
450.17      94.0
450.18      94.7
450.19      94.5
450.20      94.5
450.21      94.5
450.22      93.8
450.23      92.8
450.24      92.1
450.25      92.1
450.26      91.6
450.27      92.3
450.28      91.1
450.29      91.1
450.30      92.1
450.31      91.8
450.32      91.1
450.33      91.1
450.34      90.8
450.35      91.8
450.36      92.6
450.37      92.3
450.38      92.1
450.39      93.0
450.40      92.3
450.41      92.1
450.42      92.3
450.43      92.6
450.44      93.3
450.45      92.8
450.46      92.8
450.47      93.0
450.48      93.8
450.49      92.8
450.50      91.6
450.51      92.8
450.52      94.3
450.53      95.5
450.54      96.5
450.55      96.0
450.56      94.7
450.57      93.3
450.58      93.0
450.59      93.0
450.60      93.8
450.61      92.8
450.62      92.1
450.63      92.3
450.64      92.1
450.65      90.8
450.66      90.6
450.67      90.8
450.68      92.1
450.69      91.8
450.70      91.1
450.71      91.6
450.72      90.6
450.73      91.8
450.74      91.3
450.75      91.1
450.76      91.3
450.77      91.6
450.78      91.8
450.79      91.1
450.80      91.1
450.81      92.3
450.82      92.6
450.83      91.8
450.84      91.1
450.85      90.1
450.86      91.3
450.87      92.6
450.88      92.3
450.89      92.3
450.90      92.3
450.91      92.8
450.92      92.6
450.93      92.6
450.94      92.3
450.95      92.6
450.96      92.3
450.97      91.3
450.98      91.6
450.99      91.1
451.00      90.8
451.01      90.8
451.02      91.6
451.03      93.0
451.04      93.0
451.05      93.5
451.06      92.1
451.07      92.6
451.08      93.5
451.09      92.6
451.10      92.6
451.11      92.6
451.12      93.8
451.13      92.8
451.14      91.6
451.15      91.8
451.16      91.8
451.17      91.3
451.18      91.1
451.19      92.1
451.20      91.6
451.21      91.3
451.22      91.6
451.23      91.3
451.24      92.3
451.25      92.8
451.26      92.3
451.27      91.8
451.28      92.1
451.29      91.6
451.30      92.1
451.31      92.3
451.32      92.1
451.33      93.0
451.34      93.5
451.35      93.0
451.36      93.0
451.37      92.8
451.38      93.3
451.39      93.5
451.40      93.0
451.41      92.3
451.42      91.8
451.43      92.3
451.44      92.3
451.45      92.8
451.46      93.5
451.47      94.0
451.48      93.0
451.49      92.1
451.50      91.8
451.51      92.8
451.52      93.5
451.53      92.8
451.54      94.0
451.55      93.3
451.56      92.8
451.57      91.1
451.58      91.1
451.59      90.1
451.60      90.6
451.61      91.3
451.62      92.3
451.63      94.0
451.64      92.1
451.65      93.0
451.66      92.3
451.67      93.0
451.68      92.8
451.69      92.8
451.70      92.6
451.71      91.8
451.72      92.1
451.73      92.6
451.74      92.3
451.75      92.3
451.76      92.3
451.77      92.8
451.78      92.6
451.79      92.8
451.80      92.8
451.81      94.3
451.82      94.3
451.83      92.8
451.84      91.6
451.85      92.1
451.86      92.8
451.87      92.3
451.88      93.0
451.89      92.6
451.90      91.3
451.91      92.6
451.92      91.8
451.93      91.8
451.94      92.8
451.95      93.0
451.96      92.3
451.97      91.6
451.98      92.3
451.99      92.3
452.00      92.8
452.01      91.8
452.02      91.6
452.03      92.8
452.04      92.8
452.05      92.6
452.06      93.0
452.07      94.0
452.08      94.3
452.09      93.8
452.10      92.6
452.11      92.1
452.12      91.6
452.13      91.8
452.14      93.3
452.15      92.8
452.16      92.8
452.17      92.3
452.18      92.8
452.19      92.8
452.20      93.0
452.21      93.8
452.22      93.8
452.23      94.0
452.24      92.8
452.25      92.8
452.26      91.8
452.27      92.1
452.28      93.0
452.29      92.1
452.30      92.8
452.31      92.6
452.32      91.8
452.33      92.1
452.34      93.8
452.35      94.3
452.36      93.3
452.37      93.0
452.38      92.6
452.39      92.8
452.40      91.8
452.41      92.3
452.42      93.3
452.43      93.0
452.44      92.6
452.45      92.1
452.46      91.6
452.47      92.1
452.48      92.6
452.49      92.3
452.50      92.6
452.51      92.3
452.52      91.8
452.53      92.1
452.54      91.8
452.55      92.3
452.56      92.3
452.57      92.6
452.58      92.3
452.59      93.3
452.60      91.8
452.61      91.3
452.62      92.1
452.63      91.6
452.64      91.1
452.65      90.6
452.66      91.1
452.67      92.1
452.68      93.3
452.69      93.3
452.70      92.6
452.71      91.8
452.72      92.1
452.73      91.8
452.74      91.8
452.75      92.1
452.76      93.0
452.77      93.8
452.78      93.0
452.79      93.3
452.80      93.5
452.81      93.5
452.82      94.0
452.83      93.3
452.84      93.0
452.85      92.8
452.86      92.6
452.87      92.1
452.88      92.6
452.89      92.6
452.90      92.6
452.91      92.8
452.92      93.5
452.93      92.1
452.94      92.3
452.95      92.1
452.96      92.8
452.97      92.8
452.98      93.3
452.99      93.5
453.00      92.6
453.01      91.1
453.02      90.8
453.03      90.4
453.04      91.1
453.05      92.3
453.06      92.1
453.07      92.3
453.08      92.1
453.09      91.8
453.10      91.3
453.11      90.6
453.12      90.4
453.13      89.9
453.14      90.4
453.15      91.1
453.16      91.1
453.17      91.6
453.18      92.1
453.19      92.6
453.20      92.1
453.21      92.3
453.22      91.1
453.23      91.6
453.24      92.6
453.25      93.8
453.26      93.8
453.27      94.5
453.28      95.0
453.29      94.3
453.30      95.2
453.31      95.0
453.32      95.2
453.33      95.0
453.34      93.3
453.35      94.0
453.36      94.0
453.37      93.8
453.38      93.8
453.39      93.3
453.40      93.3
453.41      93.0
453.42      92.8
453.43      91.8
453.44      92.3
453.45      91.6
453.46      91.1
453.47      91.8
453.48      91.3
453.49      91.3
453.50      91.8
453.51      91.8
453.52      92.3
453.53      92.6
453.54      92.6
453.55      91.6
453.56      91.1
453.57      91.1
453.58      91.8
453.59      91.6
453.60      91.8
453.61      92.6
453.62      93.0
453.63      93.3
453.64      92.8
453.65      93.0
453.66      92.6
453.67      93.5
453.68      94.0
453.69      94.0
453.70      93.8
453.71      94.3
453.72      93.5
453.73      93.5
453.74      93.8
453.75      93.0
453.76      92.3
453.77      92.6
453.78      93.3
453.79      93.8
453.80      92.8
453.81      93.5
453.82      93.0
453.83      94.3
453.84      94.3
453.85      93.5
453.86      94.0
453.87      94.7
453.88      93.8
453.89      93.8
453.90      94.3
453.91      94.0
453.92      93.0
453.93      92.8
453.94      92.1
453.95      91.8
453.96      92.1
453.97      92.1
453.98      91.8
453.99      92.3
454.00      91.6
454.01      91.1
454.02      90.4
454.03      90.4
454.04      90.6
454.05      91.1
454.06      90.1
454.07      90.4
454.08      90.4
454.09      91.3
454.10      89.9
454.11      90.8
454.12      90.8
454.13      91.6
454.14      90.8
454.15      91.3
454.16      91.8
454.17      93.0
454.18      93.0
454.19      92.8
454.20      93.3
454.21      93.0
454.22      93.3
454.23      93.0
454.24      92.8
454.25      92.8
454.26      92.6
454.27      92.3
454.28      92.8
454.29      92.3
454.30      92.3
454.31      91.6
454.32      91.6
454.33      91.1
454.34      90.8
454.35      90.6
454.36      91.1
454.37      91.3
454.38      91.3
454.39      91.1
454.40      91.3
454.41      91.1
454.42      91.6
454.43      91.3
454.44      90.8
454.45      91.3
454.46      91.8
454.47      91.6
454.48      92.6
454.49      93.0
454.50      92.1
454.51      91.6
454.52      92.1
454.53      93.0
454.54      92.6
454.55      91.6
454.56      92.1
454.57      92.3
454.58      91.1
454.59      91.6
454.60      91.1
454.61      91.3
454.62      91.3
454.63      90.4
454.64      89.9
454.65      90.1
454.66      90.6
454.67      91.1
454.68      91.6
454.69      91.6
454.70      90.6
454.71      90.8
454.72      90.8
454.73      90.8
454.74      92.1
454.75      92.8
454.76      92.1
454.77      91.6
454.78      90.6
454.79      91.6
454.80      91.3
454.81      91.1
454.82      91.8
454.83      90.6
454.84      90.6
454.85      91.8
454.86      92.6
454.87      92.8
454.88      92.1
454.89      93.3
454.90      93.3
454.91      92.6
454.92      92.3
454.93      92.3
454.94      92.8
454.95      92.3
454.96      92.1
454.97      93.0
454.98      94.0
454.99      94.0
455.00      94.0
455.01      93.3
455.02      93.5
455.03      93.5
455.04      94.3
455.05      93.5
455.06      94.3
455.07      94.5
455.08      94.3
455.09      94.5
455.10      95.0
455.11      95.7
455.12      93.8
455.13      93.0
455.14      91.8
455.15      91.8
455.16      92.6
455.17      93.0
455.18      93.0
455.19      92.6
455.20      92.3
455.21      92.8
455.22      92.3
455.23      91.8
455.24      92.1
455.25      91.8
455.26      92.3
455.27      92.1
455.28      92.1
455.29      91.1
455.30      90.6
455.31      90.6
455.32      92.3
455.33      92.8
455.34      93.5
455.35      94.0
455.36      94.3
455.37      94.7
455.38      94.5
455.39      93.3
455.40      93.8
455.41      94.5
455.42      93.8
455.43      92.3
455.44      92.8
455.45      92.1
455.46      92.6
455.47      92.3
455.48      91.1
455.49      90.8
455.50      91.6
455.51      91.8
455.52      91.3
455.53      90.8
455.54      90.1
455.55      90.1
455.56      90.4
455.57      91.3
455.58      90.4
455.59      91.8
455.60      90.8
455.61      90.6
455.62      90.8
455.63      90.4
455.64      91.1
455.65      92.6
455.66      92.3
455.67      93.3
455.68      92.8
455.69      92.6
455.70      91.6
455.71      91.6
455.72      91.6
455.73      91.6
455.74      91.6
455.75      93.0
455.76      92.8
455.77      92.6
455.78      92.1
455.79      92.6
455.80      93.0
455.81      94.0
455.82      93.8
455.83      93.5
455.84      92.6
455.85      92.6
455.86      92.3
455.87      92.1
455.88      91.1
455.89      90.1
455.90      90.4
455.91      91.1
455.92      90.4
455.93      91.6
455.94      90.6
455.95      91.6
455.96      91.6
455.97      91.3
455.98      90.8
455.99      91.3
456.00      92.8
456.01      92.8
456.02      92.6
456.03      92.6
456.04      92.3
456.05      92.3
456.06      91.1
456.07      91.1
456.08      90.4
456.09      90.6
456.10      90.8
456.11      91.1
456.12      91.6
456.13      91.6
456.14      92.8
456.15      93.0
456.16      92.8
456.17      93.8
456.18      93.3
456.19      94.0
456.20      93.5
456.21      92.6
456.22      92.8
456.23      92.8
456.24      93.3
456.25      92.8
456.26      93.0
456.27      93.3
456.28      93.3
456.29      92.6
456.30      92.1
456.31      92.1
456.32      93.5
456.33      93.5
456.34      92.6
456.35      92.6
456.36      94.0
456.37      92.8
456.38      92.6
456.39      92.8
456.40      93.3
456.41      93.8
456.42      91.3
456.43      91.6
456.44      91.3
456.45      91.1
456.46      91.3
456.47      92.3
456.48      92.3
456.49      92.3
456.50      92.1
456.51      91.6
456.52      91.8
456.53      91.3
456.54      90.4
456.55      91.6
456.56      92.1
456.57      91.1
456.58      91.6
456.59      91.8
456.60      91.3
456.61      91.3
456.62      91.8
456.63      92.3
456.64      91.1
456.65      89.9
456.66      90.4
456.67      91.1
456.68      89.9
456.69      90.4
456.70      90.6
456.71      91.3
456.72      92.8
456.73      92.8
456.74      94.5
456.75      96.2
456.76      97.4
456.77      98.2
456.78      98.4
456.79      98.2
456.80      96.9
456.81      96.5
456.82      94.5
456.83      94.7
456.84      95.2
456.85      95.0
456.86      93.3
456.87      93.0
456.88      92.8
456.89      92.3
456.90      91.6
456.91      90.6
456.92      90.1
456.93      91.1
456.94      91.8
456.95      91.8
456.96      91.3
456.97      90.6
456.98      91.8
456.99      91.8
457.00      92.3
457.01      93.5
457.02      93.3
457.03      93.0
457.04      92.6
457.05      91.6
457.06      92.3
457.07      92.1
457.08      92.1
457.09      91.6
457.10      91.6
457.11      90.4
457.12      90.4
457.13      90.4
457.14      91.3
457.15      92.1
457.16      93.5
457.17      93.5
457.18      93.5
457.19      94.5
457.20      94.5
457.21      96.2
457.22      96.5
457.23      96.7
457.24      96.9
457.25      96.7
457.26      96.2
457.27      96.9
457.28      96.0
457.29      94.5
457.30      93.3
457.31      93.0
457.32      92.8
457.33      93.3
457.34      92.8
457.35      92.3
457.36      91.8
457.37      91.6
457.38      91.6
457.39      92.8
457.40      93.5
457.41      93.0
457.42      93.0
457.43      92.6
457.44      92.8
457.45      92.6
457.46      92.8
457.47      93.0
457.48      92.8
457.49      92.6
457.50      93.5
457.51      94.5
457.52      93.5
457.53      93.5
457.54      93.8
457.55      93.0
457.56      93.8
457.57      93.5
457.58      93.3
457.59      93.3
457.60      93.3
457.61      93.0
457.62      93.0
457.63      92.1
457.64      91.6
457.65      90.8
457.66      91.3
457.67      92.1
457.68      91.8
457.69      91.8
457.70      91.3
457.71      92.1
457.72      91.8
457.73      92.6
457.74      94.0
457.75      94.7
457.76      94.3
457.77      94.5
457.78      95.2
457.79      95.2
457.80      94.7
457.81      94.5
457.82      93.0
457.83      93.0
457.84      92.8
457.85      92.8
457.86      93.0
457.87      93.3
457.88      93.8
457.89      93.8
457.90      93.8
457.91      94.7
457.92      96.0
457.93      95.7
457.94      96.0
457.95      96.9
457.96      97.9
457.97      98.2
457.98      99.4
457.99      100.1
458.00      99.6
458.01      99.6
458.02      98.2
458.03      96.9
458.04      95.2
458.05      94.7
458.06      94.5
458.07      94.0
458.08      92.6
458.09      92.1
458.10      92.3
458.11      92.8
458.12      92.6
458.13      92.3
458.14      92.3
458.15      93.0
458.16      92.8
458.17      91.8
458.18      92.1
458.19      92.8
458.20      92.8
458.21      92.8
458.22      93.3
458.23      94.3
458.24      93.5
458.25      93.0
458.26      93.3
458.27      93.5
458.28      93.0
458.29      93.5
458.30      93.5
458.31      93.5
458.32      92.8
458.33      92.6
458.34      92.8
458.35      92.8
458.36      93.0
458.37      94.3
458.38      95.2
458.39      96.0
458.40      95.7
458.41      96.0
458.42      96.7
458.43      96.5
458.44      96.5
458.45      96.7
458.46      95.7
458.47      96.0
458.48      94.7
458.49      94.0
458.50      94.5
458.51      94.5
458.52      93.8
458.53      93.5
458.54      94.0
458.55      95.2
458.56      95.2
458.57      94.5
458.58      94.3
458.59      92.8
458.60      91.8
458.61      91.3
458.62      91.3
458.63      91.3
458.64      91.3
458.65      91.6
458.66      91.8
458.67      91.1
458.68      92.3
458.69      92.8
458.70      92.3
458.71      90.8
458.72      90.4
458.73      90.1
458.74      89.6
458.75      90.4
458.76      90.4
458.77      89.9
458.78      90.6
458.79      89.9
458.80      90.1
458.81      90.6
458.82      91.6
458.83      91.1
458.84      90.6
458.85      91.8
458.86      92.8
458.87      92.3
458.88      91.3
458.89      92.6
458.90      92.3
458.91      90.8
458.92      90.1
458.93      89.6
458.94      90.1
458.95      90.4
458.96      90.8
458.97      91.1
458.98      91.8
458.99      91.6
459.00      91.1
459.01      91.3
459.02      92.3
459.03      92.3
459.04      92.6
459.05      93.0
459.06      93.8
459.07      92.8
459.08      93.5
459.09      94.5
459.10      93.3
459.11      93.5
459.12      92.3
459.13      92.6
459.14      92.1
459.15      92.6
459.16      92.1
459.17      92.6
459.18      92.8
459.19      92.8
459.20      92.8
459.21      92.3
459.22      92.3
459.23      92.1
459.24      92.6
459.25      93.5
459.26      92.8
459.27      93.5
459.28      93.0
459.29      94.3
459.30      94.5
459.31      94.5
459.32      93.8
459.33      93.8
459.34      92.8
459.35      94.0
459.36      93.5
459.37      92.8
459.38      93.5
459.39      93.3
459.40      93.0
459.41      92.8
459.42      93.0
459.43      93.3
459.44      93.5
459.45      93.5
459.46      93.8
459.47      93.8
459.48      92.6
459.49      93.3
459.50      93.3
459.51      92.8
459.52      92.1
459.53      91.1
459.54      90.8
459.55      91.1
459.56      91.6
459.57      91.6
459.58      91.8
459.59      92.1
459.60      91.3
459.61      90.6
459.62      90.8
459.63      91.3
459.64      90.8
459.65      90.4
459.66      91.3
459.67      91.3
459.68      93.0
459.69      94.0
459.70      93.5
459.71      93.5
459.72      93.5
459.73      93.0
459.74      91.8
459.75      91.3
459.76      90.8
459.77      91.6
459.78      91.6
459.79      90.4
459.80      90.6
459.81      90.6
459.82      90.4
459.83      90.6
459.84      92.3
459.85      92.3
459.86      92.3
459.87      92.1
459.88      92.1
459.89      91.6
459.90      90.8
459.91      91.1
459.92      91.1
459.93      90.8
459.94      91.8
459.95      92.6
459.96      92.3
459.97      92.3
459.98      91.6
459.99      91.6
460.00      91.3
460.01      90.4
460.02      90.6
460.03      91.6
460.04      91.1
460.05      91.1
460.06      92.1
460.07      92.6
460.08      92.6
460.09      92.3
460.10      92.1
460.11      91.8
460.12      92.6
460.13      92.6
460.14      91.8
460.15      91.3
460.16      91.1
460.17      91.3
460.18      91.6
460.19      91.3
460.20      91.3
460.21      90.4
460.22      91.3
460.23      91.3
460.24      91.3
460.25      92.6
460.26      92.3
460.27      90.4
460.28      90.4
460.29      91.6
460.30      91.8
460.31      91.8
460.32      91.6
460.33      91.6
460.34      91.6
460.35      91.1
460.36      90.6
460.37      91.1
460.38      91.1
460.39      91.1
460.40      90.4
460.41      90.8
460.42      90.1
460.43      90.1
460.44      89.9
460.45      89.6
460.46      89.6
460.47      90.1
460.48      89.9
460.49      91.6
460.50      91.3
460.51      90.8
460.52      91.3
460.53      91.1
460.54      91.6
460.55      91.1
460.56      91.3
460.57      91.3
460.58      91.8
460.59      91.6
460.60      91.8
460.61      93.5
460.62      93.0
460.63      93.0
460.64      93.0
460.65      93.5
460.66      92.6
460.67      91.8
460.68      91.8
460.69      91.8
460.70      91.6
460.71      92.6
460.72      91.6
460.73      92.3
460.74      92.1
460.75      91.6
460.76      90.8
460.77      91.6
460.78      91.6
460.79      91.8
460.80      91.1
460.81      90.8
460.82      91.1
460.83      92.6
460.84      92.6
460.85      93.3
460.86      92.1
460.87      90.8
460.88      89.9
460.89      89.6
460.90      89.9
460.91      89.6
460.92      90.6
460.93      90.6
460.94      89.6
460.95      90.1
460.96      90.1
460.97      90.6
460.98      91.6
460.99      90.1
461.00      90.1
461.01      90.8
461.02      91.1
461.03      90.8
461.04      90.4
461.05      91.1
461.06      90.4
461.07      90.1
461.08      89.9
461.09      89.6
461.10      90.8
461.11      90.6
461.12      91.1
461.13      91.1
461.14      90.6
461.15      90.8
461.16      90.6
461.17      90.6
461.18      90.1
461.19      91.8
461.20      92.1
461.21      92.1
461.22      91.3
461.23      90.4
461.24      90.4
461.25      89.9
461.26      89.6
461.27      90.4
461.28      90.6
461.29      90.6
461.30      90.1
461.31      90.4
461.32      89.9
461.33      89.4
461.34      90.1
461.35      89.9
461.36      89.6
461.37      90.4
461.38      90.4
461.39      90.1
461.40      89.1
461.41      88.9
461.42      89.9
461.43      90.1
461.44      90.1
461.45      90.4
461.46      90.6
461.47      91.8
461.48      92.6
461.49      92.8
461.50      92.6
461.51      91.8
461.52      91.3
461.53      92.3
461.54      92.1
461.55      92.6
461.56      92.6
461.57      92.8
461.58      93.0
461.59      92.8
461.60      93.0
461.61      92.8
461.62      92.3
461.63      93.3
461.64      93.3
461.65      92.3
461.66      91.6
461.67      91.1
461.68      91.8
461.69      91.8
461.70      92.6
461.71      93.3
461.72      93.5
461.73      93.3
461.74      93.8
461.75      94.7
461.76      95.0
461.77      95.0
461.78      95.0
461.79      93.5
461.80      93.0
461.81      92.1
461.82      90.4
461.83      90.4
461.84      89.9
461.85      90.6
461.86      90.8
461.87      90.6
461.88      91.6
461.89      90.4
461.90      89.9
461.91      89.4
461.92      89.6
461.93      90.8
461.94      91.8
461.95      91.6
461.96      91.6
461.97      91.8
461.98      91.8
461.99      92.1
462.00      91.6
462.01      90.6
462.02      89.9
462.03      90.1
462.04      90.1
462.05      90.4
462.06      88.9
462.07      90.1
462.08      90.6
462.09      89.9
462.10      89.9
462.11      90.4
462.12      89.9
462.13      90.8
462.14      90.4
462.15      90.4
462.16      88.9
462.17      90.6
462.18      91.8
462.19      91.8
462.20      91.1
462.21      90.4
462.22      90.6
462.23      90.1
462.24      90.6
462.25      91.3
462.26      91.8
462.27      92.1
462.28      91.8
462.29      92.6
462.30      92.3
462.31      91.3
462.32      91.8
462.33      91.8
462.34      92.8
462.35      92.3
462.36      91.3
462.37      91.1
462.38      90.1
462.39      90.4
462.40      91.6
462.41      92.3
462.42      92.1
462.43      92.8
462.44      95.0
462.45      96.2
462.46      95.5
462.47      95.2
462.48      93.8
462.49      93.8
462.50      95.0
462.51      94.3
462.52      92.6
462.53      92.1
462.54      91.3
462.55      92.1
462.56      92.1
462.57      91.6
462.58      91.8
462.59      92.1
462.60      90.8
462.61      91.6
462.62      92.6
462.63      92.6
462.64      92.6
462.65      93.3
462.66      94.7
462.67      96.2
462.68      97.2
462.69      98.2
462.70      99.4
462.71      100.4
462.72      100.1
462.73      99.1
462.74      97.9
462.75      96.9
462.76      97.2
462.77      95.5
462.78      94.3
462.79      93.0
462.80      92.8
462.81      92.3
462.82      91.8
462.83      90.1
462.84      89.9
462.85      89.6
462.86      89.9
462.87      90.8
462.88      89.9
462.89      90.1
462.90      90.4
462.91      90.6
462.92      90.8
462.93      90.6
462.94      89.4
462.95      89.6
462.96      89.1
462.97      90.1
462.98      89.4
462.99      89.9
463.00      89.6
463.01      90.8
463.02      90.6
463.03      91.3
463.04      93.8
463.05      95.7
463.06      96.7
463.07      97.2
463.08      97.9
463.09      99.4
463.10      101.1
463.11      102.3
463.12      103.5
463.13      102.1
463.14      101.6
463.15      99.6
463.16      98.2
463.17      96.7
463.18      94.5
463.19      94.0
463.20      93.5
463.21      92.1
463.22      92.1
463.23      92.3
463.24      92.3
463.25      91.1
463.26      91.3
463.27      92.6
463.28      94.5
463.29      95.5
463.30      96.9
463.31      99.1
463.32      101.3
463.33      103.5
463.34      104.3
463.35      105.5
463.36      106.2
463.37      104.5
463.38      103.3
463.39      103.3
463.40      103.5
463.41      103.3
463.42      101.1
463.43      99.9
463.44      99.1
463.45      97.9
463.46      96.2
463.47      94.7
463.48      94.5
463.49      95.2
463.50      95.0
463.51      95.5
463.52      94.3
463.53      93.8
463.54      94.5
463.55      94.0
463.56      95.0
463.57      95.7
463.58      95.5
463.59      94.5
463.60      94.3
463.61      94.3
463.62      93.3
463.63      93.0
463.64      93.0
463.65      92.8
463.66      94.3
463.67      92.8
463.68      91.1
463.69      91.8
463.70      91.6
463.71      91.1
463.72      91.1
463.73      90.8
463.74      91.1
463.75      91.6
463.76      89.9
463.77      89.6
463.78      89.6
463.79      90.4
463.80      91.1
463.81      92.3
463.82      90.6
463.83      90.1
463.84      90.8
463.85      91.1
463.86      90.6
463.87      90.6
463.88      90.1
463.89      90.4
463.90      91.3
463.91      89.9
463.92      90.1
463.93      90.4
463.94      90.1
463.95      89.6
463.96      90.1
463.97      91.6
463.98      91.1
463.99      90.1
464.00      89.1
464.01      91.1
464.02      90.6
464.03      90.1
464.04      90.8
464.05      90.8
464.06      92.1
464.07      91.8
464.08      91.6
464.09      92.8
464.10      92.8
464.11      93.3
464.12      94.5
464.13      95.7
464.14      96.7
464.15      98.2
464.16      98.7
464.17      99.1
464.18      97.7
464.19      97.2
464.20      95.7
464.21      94.0
464.22      93.0
464.23      92.6
464.24      92.1
464.25      91.1
464.26      90.4
464.27      90.8
464.28      90.8
464.29      91.1
464.30      90.8
464.31      91.1
464.32      91.6
464.33      92.1
464.34      91.8
464.35      92.8
464.36      92.1
464.37      93.3
464.38      94.3
464.39      94.5
464.40      95.2
464.41      94.7
464.42      95.0
464.43      95.0
464.44      94.7
464.45      95.2
464.46      95.2
464.47      94.5
464.48      94.0
464.49      93.5
464.50      92.6
464.51      90.8
464.52      90.6
464.53      90.8
464.54      90.8
464.55      90.6
464.56      90.6
464.57      90.8
464.58      91.8
464.59      91.6
464.60      92.1
464.61      92.1
464.62      92.8
464.63      91.8
464.64      91.8
464.65      90.8
464.66      91.8
464.67      91.6
464.68      90.8
464.69      90.4
464.70      90.1
464.71      89.4
464.72      90.8
464.73      91.1
464.74      90.8
464.75      90.4
464.76      89.6
464.77      89.6
464.78      90.1
464.79      90.4
464.80      90.6
464.81      90.4
464.82      91.6
464.83      91.3
464.84      91.6
464.85      92.8
464.86      93.5
464.87      93.0
464.88      94.0
464.89      94.3
464.90      94.5
464.91      94.3
464.92      94.5
464.93      95.2
464.94      95.5
464.95      96.2
464.96      96.0
464.97      95.5
464.98      95.0
464.99      94.7
465.00      95.0
465.01      95.0
465.02      94.5
465.03      93.8
465.04      93.5
465.05      93.3
465.06      93.5
465.07      94.5
465.08      93.0
465.09      92.6
465.10      93.5
465.11      93.5
465.12      93.5
465.13      93.3
465.14      93.0
465.15      92.8
465.16      92.8
465.17      92.8
465.18      92.6
465.19      91.3
465.20      91.1
465.21      90.8
465.22      90.4
465.23      89.1
465.24      90.1
465.25      92.3
465.26      92.3
465.27      92.6
465.28      93.0
465.29      93.8
465.30      93.5
465.31      92.6
465.32      91.8
465.33      91.3
465.34      92.3
465.35      92.6
465.36      92.6
465.37      93.0
465.38      92.8
465.39      92.6
465.40      91.3
465.41      90.8
465.42      91.3
465.43      91.6
465.44      91.1
465.45      91.1
465.46      91.1
465.47      91.1
465.48      89.9
465.49      90.8
465.50      90.8
465.51      90.8
465.52      89.9
465.53      91.6
465.54      91.6
465.55      91.3
465.56      90.8
465.57      91.1
465.58      89.9
465.59      90.4
465.60      90.8
465.61      90.8
465.62      90.4
465.63      89.9
465.64      89.6
465.65      90.6
465.66      90.6
465.67      91.6
465.68      91.6
465.69      91.6
465.70      92.6
465.71      91.8
465.72      91.3
465.73      91.1
465.74      91.3
465.75      92.6
465.76      91.6
465.77      90.8
465.78      91.3
465.79      91.8
465.80      92.6
465.81      92.6
465.82      92.6
465.83      91.3
465.84      91.1
465.85      92.3
465.86      91.3
465.87      91.1
465.88      91.8
465.89      91.8
465.90      91.1
465.91      91.6
465.92      91.3
465.93      90.6
465.94      91.3
465.95      91.1
465.96      91.3
465.97      92.3
465.98      92.8
465.99      94.0
466.00      94.0
466.01      93.8
466.02      93.0
466.03      92.3
466.04      92.1
466.05      92.8
466.06      93.0
466.07      92.3
466.08      92.3
466.09      92.3
466.10      93.0
466.11      93.5
466.12      93.0
466.13      92.6
466.14      93.0
466.15      92.3
466.16      92.8
466.17      91.8
466.18      92.1
466.19      92.6
466.20      91.8
466.21      91.1
466.22      91.1
466.23      92.1
466.24      91.8
466.25      92.8
466.26      93.5
466.27      92.3
466.28      92.3
466.29      93.3
466.30      92.3
466.31      92.6
466.32      92.6
466.33      91.8
466.34      92.6
466.35      93.0
466.36      92.6
466.37      92.1
466.38      91.8
466.39      91.1
466.40      90.1
466.41      89.9
466.42      90.4
466.43      90.4
466.44      90.6
466.45      91.6
466.46      91.3
466.47      91.1
466.48      91.3
466.49      91.8
466.50      90.8
466.51      91.6
466.52      91.3
466.53      91.3
466.54      91.6
466.55      93.0
466.56      92.8
466.57      92.8
466.58      92.3
466.59      92.3
466.60      92.1
466.61      91.8
466.62      91.6
466.63      92.8
466.64      92.3
466.65      91.8
466.66      90.1
466.67      90.1
466.68      89.9
466.69      90.1
466.70      91.3
466.71      91.3
466.72      91.8
466.73      91.1
466.74      91.1
466.75      91.1
466.76      90.4
466.77      90.6
466.78      91.1
466.79      91.1
466.80      91.3
466.81      90.8
466.82      92.3
466.83      93.3
466.84      92.6
466.85      91.3
466.86      91.1
466.87      91.1
466.88      90.8
466.89      90.1
466.90      91.6
466.91      91.8
466.92      92.1
466.93      91.8
466.94      90.6
466.95      89.9
466.96      90.4
466.97      91.3
466.98      91.8
466.99      93.0
467.00      93.0
467.01      92.6
467.02      93.3
467.03      92.6
467.04      92.8
467.05      92.8
467.06      93.5
467.07      94.0
467.08      94.0
467.09      93.0
467.10      92.6
467.11      92.3
467.12      93.0
467.13      93.5
467.14      92.8
467.15      92.6
467.16      93.8
467.17      93.3
467.18      92.6
467.19      93.0
467.20      92.8
467.21      91.8
467.22      91.8
467.23      90.6
467.24      89.9
467.25      91.1
467.26      90.8
467.27      91.8
467.28      92.6
467.29      92.1
467.30      92.3
467.31      90.8
467.32      90.1
467.33      91.3
467.34      92.1
467.35      92.1
467.36      91.1
467.37      91.3
467.38      92.1
467.39      92.3
467.40      92.6
467.41      92.3
467.42      93.0
467.43      92.1
467.44      92.8
467.45      93.0
467.46      92.3
467.47      92.1
467.48      91.3
467.49      91.1
467.50      90.8
467.51      90.8
467.52      91.6
467.53      91.8
467.54      92.8
467.55      91.8
467.56      91.3
467.57      90.6
467.58      90.8
467.59      90.4
467.60      90.1
467.61      90.8
467.62      89.9
467.63      89.9
467.64      89.6
467.65      89.1
467.66      90.4
467.67      91.3
467.68      91.1
467.69      91.3
467.70      90.8
467.71      90.6
467.72      91.8
467.73      92.1
467.74      92.1
467.75      91.8
467.76      91.8
467.77      90.4
467.78      91.1
467.79      90.8
467.80      90.1
467.81      90.6
467.82      90.4
467.83      91.3
467.84      91.6
467.85      91.8
467.86      92.6
467.87      92.6
467.88      93.0
467.89      92.8
467.90      92.6
467.91      91.8
467.92      92.6
467.93      92.6
467.94      92.3
467.95      93.8
467.96      92.1
467.97      90.8
467.98      92.6
467.99      93.0
468.00      91.6
468.01      92.3
468.02      91.8
468.03      91.6
468.04      92.1
468.05      92.3
468.06      92.8
468.07      94.5
468.08      94.7
468.09      94.7
468.10      94.0
468.11      92.8
468.12      92.8
468.13      94.0
468.14      94.5
468.15      94.5
468.16      93.8
468.17      92.8
468.18      91.6
468.19      92.3
468.20      92.6
468.21      90.1
468.22      90.6
468.23      91.1
468.24      92.3
468.25      92.3
468.26      93.3
468.27      94.3
468.28      95.0
468.29      96.5
468.30      97.2
468.31      97.7
468.32      96.2
468.33      96.2
468.34      96.0
468.35      95.0
468.36      93.0
468.37      92.1
468.38      92.3
468.39      92.8
468.40      91.8
468.41      91.1
468.42      90.6
468.43      90.8
468.44      90.4
468.45      90.8
468.46      90.1
468.47      90.8
468.48      91.3
468.49      91.3
468.50      91.1
468.51      91.1
468.52      91.3
468.53      91.8
468.54      92.6
468.55      92.8
468.56      93.0
468.57      92.8
468.58      93.8
468.59      94.0
468.60      94.3
468.61      93.5
468.62      92.3
468.63      92.3
468.64      92.3
468.65      92.3
468.66      92.3
468.67      92.3
468.68      91.6
468.69      91.1
468.70      89.6
468.71      89.9
468.72      90.8
468.73      91.3
468.74      90.4
468.75      91.3
468.76      91.3
468.77      91.3
468.78      91.1
468.79      90.6
468.80      90.8
468.81      91.8
468.82      91.3
468.83      90.6
468.84      90.4
468.85      89.6
468.86      88.6
468.87      90.1
468.88      90.4
468.89      91.3
468.90      91.1
468.91      92.6
468.92      92.8
468.93      92.1
468.94      91.1
468.95      90.4
468.96      88.9
468.97      89.6
468.98      89.6
468.99      90.8
469.00      91.3
469.01      91.8
469.02      91.6
469.03      90.8
469.04      90.6
469.05      91.3
469.06      91.1
469.07      91.3
469.08      91.3
469.09      91.1
469.10      91.8
469.11      91.6
469.12      91.1
469.13      90.1
469.14      89.6
469.15      90.4
469.16      89.9
469.17      89.9
469.18      90.1
469.19      89.9
469.20      90.1
469.21      89.1
469.22      89.6
469.23      90.6
469.24      91.6
469.25      91.1
469.26      90.1
469.27      89.4
469.28      89.1
469.29      90.4
469.30      89.6
469.31      89.6
469.32      89.6
469.33      89.9
469.34      90.1
469.35      90.8
469.36      90.1
469.37      90.4
469.38      89.6
469.39      90.1
469.40      90.1
469.41      88.9
469.42      88.6
469.43      90.1
469.44      90.4
469.45      89.9
469.46      89.6
469.47      89.6
469.48      89.6
469.49      90.1
469.50      90.6
469.51      90.4
469.52      89.6
469.53      89.6
469.54      88.9
469.55      88.9
469.56      89.1
469.57      88.9
469.58      89.6
469.59      88.9
469.60      89.6
469.61      90.8
469.62      90.6
469.63      90.4
469.64      89.9
469.65      89.9
469.66      89.6
469.67      90.8
469.68      90.1
469.69      89.1
469.70      89.4
469.71      90.1
469.72      89.9
469.73      89.9
469.74      88.4
469.75      88.4
469.76      88.4
469.77      88.4
469.78      88.9
469.79      89.4
469.80      90.8
469.81      90.6
469.82      89.4
469.83      89.6
469.84      89.4
469.85      88.9
469.86      89.9
469.87      89.4
469.88      90.1
469.89      90.1
469.90      90.8
469.91      90.8
469.92      90.6
469.93      90.4
469.94      89.4
469.95      89.1
469.96      89.4
469.97      90.8
469.98      91.3
469.99      90.6
470.00      90.4
470.01      90.4
470.02      89.9
470.03      89.9
470.04      90.4
470.05      90.8
470.06      91.6
470.07      90.8
470.08      89.9
470.09      89.9
470.10      90.6
470.11      89.4
470.12      89.6
470.13      90.1
470.14      90.4
470.15      90.1
470.16      90.4
470.17      91.1
470.18      90.6
470.19      90.4
470.20      90.4
470.21      90.8
470.22      89.9
470.23      89.9
470.24      91.1
470.25      90.8
470.26      91.1
470.27      91.6
470.28      91.3
470.29      91.1
470.30      90.4
470.31      89.1
470.32      88.2
470.33      87.9
470.34      88.6
470.35      89.4
470.36      90.1
470.37      90.8
470.38      90.1
470.39      89.6
470.40      90.1
470.41      90.6
470.42      90.4
470.43      89.9
470.44      90.4
470.45      90.1
470.46      89.4
470.47      89.6
470.48      88.6
470.49      89.1
470.50      90.4
470.51      90.1
470.52      89.4
470.53      88.2
470.54      87.9
470.55      88.6
470.56      88.6
470.57      88.9
470.58      88.6
470.59      90.1
470.60      90.6
470.61      89.9
470.62      90.1
470.63      90.4
470.64      90.8
470.65      91.1
470.66      90.6
470.67      90.4
470.68      90.1
470.69      89.9
470.70      89.6
470.71      90.1
470.72      89.6
470.73      89.9
470.74      89.1
470.75      88.6
470.76      88.9
470.77      89.1
470.78      89.1
470.79      88.2
470.80      88.6
470.81      89.6
470.82      90.1
470.83      89.9
470.84      89.6
470.85      90.1
470.86      91.1
470.87      91.1
470.88      90.8
470.89      91.6
470.90      93.3
470.91      93.0
470.92      91.8
470.93      92.1
470.94      91.6
470.95      90.1
470.96      90.6
470.97      90.4
470.98      91.3
470.99      92.1
471.00      91.6
471.01      90.8
471.02      91.1
471.03      91.8
471.04      92.1
471.05      91.6
471.06      91.8
471.07      90.8
471.08      91.1
471.09      90.4
471.10      91.3
471.11      90.4
471.12      89.6
471.13      89.6
471.14      89.9
471.15      89.4
471.16      88.9
471.17      89.9
471.18      89.6
471.19      89.1
471.20      89.1
471.21      89.4
471.22      89.6
471.23      91.1
471.24      92.6
471.25      92.3
471.26      91.6
471.27      91.3
471.28      90.8
471.29      90.1
471.30      90.1
471.31      90.6
471.32      90.6
471.33      91.1
471.34      91.3
471.35      91.6
471.36      91.1
471.37      90.8
471.38      90.4
471.39      90.1
471.40      90.4
471.41      89.9
471.42      89.9
471.43      90.8
471.44      90.8
471.45      90.8
471.46      90.8
471.47      91.3
471.48      91.3
471.49      90.6
471.50      90.1
471.51      89.1
471.52      89.1
471.53      89.9
471.54      89.9
471.55      90.6
471.56      91.1
471.57      91.3
471.58      90.1
471.59      90.1
471.60      90.4
471.61      89.9
471.62      90.4
471.63      91.6
471.64      90.8
471.65      91.1
471.66      91.1
471.67      90.8
471.68      90.1
471.69      89.6
471.70      90.1
471.71      90.4
471.72      90.4
471.73      90.1
471.74      89.6
471.75      90.8
471.76      91.1
471.77      91.3
471.78      92.3
471.79      91.6
471.80      91.6
471.81      92.3
471.82      92.6
471.83      93.5
471.84      94.5
471.85      94.5
471.86      93.5
471.87      94.0
471.88      93.3
471.89      93.3
471.90      93.3
471.91      92.8
471.92      92.3
471.93      92.3
471.94      91.3
471.95      90.8
471.96      90.8
471.97      90.4
471.98      89.9
471.99      91.3
472.00      91.8
472.01      90.1
472.02      89.4
472.03      90.1
472.04      90.6
472.05      90.1
472.06      90.4
472.07      90.8
472.08      90.8
472.09      90.8
472.10      90.6
472.11      90.6
472.12      91.6
472.13      91.6
472.14      91.1
472.15      90.4
472.16      90.1
472.17      91.3
472.18      91.8
472.19      92.1
472.20      91.3
472.21      92.3
472.22      90.8
472.23      92.6
472.24      94.5
472.25      96.0
472.26      95.7
472.27      94.7
472.28      94.3
472.29      93.5
472.30      93.3
472.31      93.3
472.32      92.3
472.33      91.6
472.34      90.8
472.35      90.8
472.36      91.3
472.37      91.3
472.38      91.3
472.39      90.8
472.40      91.1
472.41      91.3
472.42      90.6
472.43      90.4
472.44      89.9
472.45      89.6
472.46      90.4
472.47      90.6
472.48      90.8
472.49      91.8
472.50      91.8
472.51      91.8
472.52      91.1
472.53      90.6
472.54      90.6
472.55      91.3
472.56      91.6
472.57      91.8
472.58      91.1
472.59      90.4
472.60      90.4
472.61      89.1
472.62      90.1
472.63      89.9
472.64      89.9
472.65      91.3
472.66      91.1
472.67      91.6
472.68      91.3
472.69      91.8
472.70      91.6
472.71      92.1
472.72      92.1
472.73      91.1
472.74      91.6
472.75      92.8
472.76      92.1
472.77      90.8
472.78      91.1
472.79      91.1
472.80      91.1
472.81      90.4
472.82      90.8
472.83      90.4
472.84      91.1
472.85      90.8
472.86      90.4
472.87      91.1
472.88      90.6
472.89      90.6
472.90      91.1
472.91      91.1
472.92      91.6
472.93      91.8
472.94      91.1
472.95      92.3
472.96      92.3
472.97      92.8
472.98      93.3
472.99      93.3
473.00      92.1
473.01      92.1
473.02      92.1
473.03      91.8
473.04      91.6
473.05      90.6
473.06      90.1
473.07      91.1
473.08      90.1
473.09      91.1
473.10      92.1
473.11      92.1
473.12      91.8
473.13      91.3
473.14      91.6
473.15      92.1
473.16      91.8
473.17      92.6
473.18      93.0
473.19      93.5
473.20      92.6
473.21      92.6
473.22      92.6
473.23      93.3
473.24      92.3
473.25      92.6
473.26      93.5
473.27      95.2
473.28      95.7
473.29      94.5
473.30      93.3
473.31      93.5
473.32      94.3
473.33      94.3
473.34      93.8
473.35      93.3
473.36      94.3
473.37      93.8
473.38      93.5
473.39      92.8
473.40      92.3
473.41      91.8
473.42      90.6
473.43      90.8
473.44      90.1
473.45      90.6
473.46      90.4
473.47      90.8
473.48      91.1
473.49      92.1
473.50      91.8
473.51      92.3
473.52      91.1
473.53      91.3
473.54      91.8
473.55      92.1
473.56      91.8
473.57      91.8
473.58      90.8
473.59      91.3
473.60      91.6
473.61      90.6
473.62      90.6
473.63      91.1
473.64      90.8
473.65      91.1
473.66      91.3
473.67      91.6
473.68      90.4
473.69      90.4
473.70      89.4
473.71      89.4
473.72      89.1
473.73      89.9
473.74      90.4
473.75      90.1
473.76      90.1
473.77      91.3
473.78      91.6
473.79      91.1
473.80      92.8
473.81      92.8
473.82      91.6
473.83      91.8
473.84      92.1
473.85      91.1
473.86      91.1
473.87      91.8
473.88      90.6
473.89      90.6
473.90      90.1
473.91      90.4
473.92      90.8
473.93      90.8
473.94      90.6
473.95      90.1
473.96      90.1
473.97      90.1
473.98      89.1
473.99      90.1
474.00      91.6
474.01      92.3
474.02      91.1
474.03      90.4
474.04      90.4
474.05      91.1
474.06      91.3
474.07      91.1
474.08      91.6
474.09      91.1
474.10      91.1
474.11      92.6
474.12      92.3
474.13      92.1
474.14      92.8
474.15      93.0
474.16      92.6
474.17      92.6
474.18      92.1
474.19      92.6
474.20      93.0
474.21      92.1
474.22      92.6
474.23      92.8
474.24      92.8
474.25      92.8
474.26      92.6
474.27      91.8
474.28      90.8
474.29      91.6
474.30      91.6
474.31      91.3
474.32      90.1
474.33      89.4
474.34      90.4
474.35      91.8
474.36      91.8
474.37      92.1
474.38      92.3
474.39      93.3
474.40      91.8
474.41      90.4
474.42      91.3
474.43      92.1
474.44      92.1
474.45      92.1
474.46      92.1
474.47      92.6
474.48      92.8
474.49      92.8
474.50      93.5
474.51      92.6
474.52      91.6
474.53      91.8
474.54      89.9
474.55      90.1
474.56      90.4
474.57      90.4
474.58      90.8
474.59      91.3
474.60      91.6
474.61      91.6
474.62      91.6
474.63      91.1
474.64      90.6
474.65      90.4
474.66      89.9
474.67      90.6
474.68      89.9
474.69      90.4
474.70      89.6
474.71      90.6
474.72      90.8
474.73      90.1
474.74      89.9
474.75      89.6
474.76      90.6
474.77      89.6
474.78      90.4
474.79      90.4
474.80      90.6
474.81      90.8
474.82      90.4
474.83      89.9
474.84      91.1
474.85      91.3
474.86      90.6
474.87      89.4
474.88      89.9
474.89      89.9
474.90      90.1
474.91      90.8
474.92      91.3
474.93      90.8
474.94      91.1
474.95      90.8
474.96      91.3
474.97      91.3
474.98      90.8
474.99      91.6
475.00      91.1
475.01      90.8
475.02      91.3
475.03      91.3
475.04      91.3
475.05      92.1
475.06      91.3
475.07      91.8
475.08      91.1
475.09      91.1
475.10      89.9
475.11      89.6
475.12      90.6
475.13      91.1
475.14      91.1
475.15      91.1
475.16      91.3
475.17      90.8
475.18      90.1
475.19      90.4
475.20      90.6
475.21      90.6
475.22      91.3
475.23      91.3
475.24      92.1
475.25      91.6
475.26      90.1
475.27      89.4
475.28      88.6
475.29      89.1
475.30      89.9
475.31      89.9
475.32      89.6
475.33      89.9
475.34      90.1
475.35      90.1
475.36      90.4
475.37      92.1
475.38      91.3
475.39      90.8
475.40      90.6
475.41      90.6
475.42      89.9
475.43      90.8
475.44      91.8
475.45      91.8
475.46      92.1
475.47      92.1
475.48      91.8
475.49      91.6
475.50      91.3
475.51      90.6
475.52      89.9
475.53      90.6
475.54      91.1
475.55      91.6
475.56      91.8
475.57      91.3
475.58      91.3
475.59      92.6
475.60      91.8
475.61      92.1
475.62      92.3
475.63      92.3
475.64      92.3
475.65      92.3
475.66      92.1
475.67      91.8
475.68      91.1
475.69      91.3
475.70      91.1
475.71      91.6
475.72      91.8
475.73      91.8
475.74      90.8
475.75      91.1
475.76      90.6
475.77      90.4
475.78      90.8
475.79      90.1
475.80      89.4
475.81      89.9
475.82      89.6
475.83      89.9
475.84      89.9
475.85      89.1
475.86      89.6
475.87      89.6
475.88      90.4
475.89      90.8
475.90      89.9
475.91      89.6
475.92      89.9
475.93      91.1
475.94      90.6
475.95      90.8
475.96      91.3
475.97      91.1
475.98      90.8
475.99      91.1
476.00      91.8
476.01      91.3
476.02      91.6
476.03      91.1
476.04      90.8
476.05      90.4
476.06      90.4
476.07      90.4
476.08      90.1
476.09      91.1
476.10      90.8
476.11      90.8
476.12      91.1
476.13      92.1
476.14      91.8
476.15      91.6
476.16      92.3
476.17      91.6
476.18      91.3
476.19      90.4
476.20      89.9
476.21      90.6
476.22      92.1
476.23      93.3
476.24      93.5
476.25      94.0
476.26      93.0
476.27      92.1
476.28      93.3
476.29      93.0
476.30      93.0
476.31      92.3
476.32      93.3
476.33      92.6
476.34      92.1
476.35      91.8
476.36      92.1
476.37      91.8
476.38      91.6
476.39      91.6
476.40      91.6
476.41      91.3
476.42      90.4
476.43      90.4
476.44      90.1
476.45      90.6
476.46      90.6
476.47      90.6
476.48      91.6
476.49      92.6
476.50      92.6
476.51      92.8
476.52      92.6
476.53      92.8
476.54      92.3
476.55      93.0
476.56      92.1
476.57      91.6
476.58      91.3
476.59      92.6
476.60      92.3
476.61      91.6
476.62      92.1
476.63      92.1
476.64      93.3
476.65      93.3
476.66      91.8
476.67      92.1
476.68      92.1
476.69      92.1
476.70      91.8
476.71      91.6
476.72      92.1
476.73      92.1
476.74      91.1
476.75      90.4
476.76      91.6
476.77      91.1
476.78      90.4
476.79      91.6
476.80      91.8
476.81      90.8
476.82      91.1
476.83      91.3
476.84      92.1
476.85      92.3
476.86      91.1
476.87      91.1
476.88      90.8
476.89      90.6
476.90      91.6
476.91      91.6
476.92      91.6
476.93      92.1
476.94      90.6
476.95      89.6
476.96      90.4
476.97      90.6
476.98      90.1
476.99      90.6
477.00      91.3
477.01      91.3
477.02      89.9
477.03      89.1
477.04      90.4
477.05      90.6
477.06      91.1
477.07      90.1
477.08      90.1
477.09      90.1
477.10      89.6
477.11      90.4
477.12      89.9
477.13      89.9
477.14      89.6
477.15      89.9
477.16      90.4
477.17      90.1
477.18      90.4
477.19      90.6
477.20      90.8
477.21      90.4
477.22      91.3
477.23      91.8
477.24      91.6
477.25      89.9
477.26      89.9
477.27      91.3
477.28      92.3
477.29      92.1
477.30      90.8
477.31      91.8
477.32      92.6
477.33      92.1
477.34      91.8
477.35      92.1
477.36      91.1
477.37      90.8
477.38      91.6
477.39      91.8
477.40      91.8
477.41      91.1
477.42      90.4
477.43      92.1
477.44      92.6
477.45      91.6
477.46      90.6
477.47      89.1
477.48      90.1
477.49      90.1
477.50      91.1
477.51      91.8
477.52      91.8
477.53      92.6
477.54      92.3
477.55      92.6
477.56      92.1
477.57      91.1
477.58      91.3
477.59      90.8
477.60      90.1
477.61      90.6
477.62      91.1
477.63      92.6
477.64      92.3
477.65      91.6
477.66      92.1
477.67      91.1
477.68      92.3
477.69      91.6
477.70      91.6
477.71      92.8
477.72      91.8
477.73      90.8
477.74      90.1
477.75      91.6
477.76      91.8
477.77      91.6
477.78      90.4
477.79      90.4
477.80      90.6
477.81      90.1
477.82      89.4
477.83      89.4
477.84      89.9
477.85      89.6
477.86      90.1
477.87      90.6
477.88      89.9
477.89      91.3
477.90      91.8
477.91      92.3
477.92      92.1
477.93      93.3
477.94      93.3
477.95      93.0
477.96      92.8
477.97      92.6
477.98      92.6
477.99      93.8
478.00      92.6
478.01      92.8
478.02      91.3
478.03      91.1
478.04      90.6
478.05      91.3
478.06      92.1
478.07      92.1
478.08      90.8
478.09      90.6
478.10      89.9
478.11      90.1
478.12      90.8
478.13      90.8
478.14      90.8
478.15      90.8
478.16      91.3
478.17      91.3
478.18      92.3
478.19      92.1
478.20      92.1
478.21      91.1
478.22      90.8
478.23      90.4
478.24      91.1
478.25      91.1
478.26      91.1
478.27      91.1
478.28      91.8
478.29      91.8
478.30      92.6
478.31      92.8
478.32      92.6
478.33      92.6
478.34      92.6
478.35      92.6
478.36      92.1
478.37      91.6
478.38      91.1
478.39      91.3
478.40      91.8
478.41      90.8
478.42      90.8
478.43      91.3
478.44      90.8
478.45      91.1
478.46      89.6
478.47      90.6
478.48      91.1
478.49      90.4
478.50      89.9
478.51      91.6
478.52      91.1
478.53      90.6
478.54      91.1
478.55      90.8
478.56      91.6
478.57      92.1
478.58      90.6
478.59      89.9
478.60      89.4
478.61      90.1
478.62      91.1
478.63      90.6
478.64      91.1
478.65      90.4
478.66      90.4
478.67      90.4
478.68      90.4
478.69      91.1
478.70      91.6
478.71      91.3
478.72      91.1
478.73      90.8
478.74      90.1
478.75      90.6
478.76      90.6
478.77      91.3
478.78      90.8
478.79      91.3
478.80      91.3
478.81      91.8
478.82      91.1
478.83      90.8
478.84      91.1
478.85      91.8
478.86      90.8
478.87      91.1
478.88      91.8
478.89      92.1
478.90      92.1
478.91      91.8
478.92      91.6
478.93      90.6
478.94      91.3
478.95      91.6
478.96      90.6
478.97      90.1
478.98      91.3
478.99      90.8
479.00      91.1
479.01      91.8
479.02      92.1
479.03      92.1
479.04      91.8
479.05      91.8
479.06      90.4
479.07      90.8
479.08      90.6
479.09      91.1
479.10      91.6
479.11      91.3
479.12      91.3
479.13      91.6
479.14      92.1
479.15      92.1
479.16      91.8
479.17      91.6
479.18      91.1
479.19      91.3
479.20      91.8
479.21      92.8
479.22      92.8
479.23      93.0
479.24      92.1
479.25      91.6
479.26      91.6
479.27      91.6
479.28      91.6
479.29      91.6
479.30      92.1
479.31      92.1
479.32      92.1
479.33      92.3
479.34      92.8
479.35      91.6
479.36      90.6
479.37      90.8
479.38      91.3
479.39      91.8
479.40      91.8
479.41      91.3
479.42      91.6
479.43      91.3
479.44      91.8
479.45      91.8
479.46      92.3
479.47      92.3
479.48      91.3
479.49      91.6
479.50      91.8
479.51      90.6
479.52      90.1
479.53      90.1
479.54      90.4
479.55      91.1
479.56      92.6
479.57      92.3
479.58      91.8
479.59      93.3
479.60      93.8
479.61      93.3
479.62      93.0
479.63      93.5
479.64      94.3
479.65      94.3
479.66      93.5
479.67      93.0
479.68      93.0
479.69      93.3
479.70      91.8
479.71      92.1
479.72      91.6
479.73      92.1
479.74      92.8
479.75      92.8
479.76      93.3
479.77      93.0
479.78      93.0
479.79      92.1
479.80      91.8
479.81      90.8
479.82      91.3
479.83      91.8
479.84      91.6
479.85      93.3
479.86      93.8
479.87      93.0
479.88      92.1
479.89      91.8
479.90      92.8
479.91      93.3
479.92      92.6
479.93      92.1
479.94      91.6
479.95      91.6
479.96      91.3
479.97      92.1
479.98      91.8
479.99      91.8
480.00      91.3
480.01      91.3
480.02      91.6
480.03      91.3
480.04      91.3
480.05      91.1
480.06      89.6
480.07      90.4
480.08      89.9
480.09      91.1
480.10      90.1
480.11      90.4
480.12      92.1
480.13      93.3
480.14      93.8
480.15      92.6
480.16      93.0
480.17      93.3
480.18      93.8
480.19      93.0
480.20      92.1
480.21      92.1
480.22      91.6
480.23      91.1
480.24      90.6
480.25      90.6
480.26      91.8
480.27      91.1
480.28      90.1
480.29      89.4
480.30      90.1
480.31      89.9
480.32      89.6
480.33      90.8
480.34      90.8
480.35      91.1
480.36      91.1
480.37      90.4
480.38      91.3
480.39      90.8
480.40      90.8
480.41      91.1
480.42      91.3
480.43      90.8
480.44      91.3
480.45      90.8
480.46      90.8
480.47      91.3
480.48      91.1
480.49      91.6
480.50      90.6
480.51      90.6
480.52      90.6
480.53      90.8
480.54      90.4
480.55      91.1
480.56      91.6
480.57      92.8
480.58      92.6
480.59      91.3
480.60      89.6
480.61      89.4
480.62      90.1
480.63      90.6
480.64      91.8
480.65      92.1
480.66      91.3
480.67      90.8
480.68      90.6
480.69      91.6
480.70      93.0
480.71      91.8
480.72      91.1
480.73      89.9
480.74      90.6
480.75      90.4
480.76      90.4
480.77      88.9
480.78      89.6
480.79      89.6
480.80      90.6
480.81      90.6
480.82      91.3
480.83      91.1
480.84      91.6
480.85      91.8
480.86      92.3
480.87      92.3
480.88      92.6
480.89      92.3
480.90      91.1
480.91      90.8
480.92      91.3
480.93      92.3
480.94      91.8
480.95      91.1
480.96      92.1
480.97      92.3
480.98      92.1
480.99      92.1
481.00      91.8
481.01      91.1
481.02      91.3
481.03      92.1
481.04      91.8
481.05      92.1
481.06      92.1
481.07      91.6
481.08      91.6
481.09      92.6
481.10      92.1
481.11      91.6
481.12      91.3
481.13      91.3
481.14      91.1
481.15      91.8
481.16      90.6
481.17      89.9
481.18      89.1
481.19      90.1
481.20      90.4
481.21      90.4
481.22      90.8
481.23      90.4
481.24      91.1
481.25      91.3
481.26      91.1
481.27      90.6
481.28      90.4
481.29      90.8
481.30      90.8
481.31      91.1
481.32      91.3
481.33      90.6
481.34      91.8
481.35      92.3
481.36      92.1
481.37      92.3
481.38      92.6
481.39      92.1
481.40      92.8
481.41      92.8
481.42      91.6
481.43      90.6
481.44      90.8
481.45      91.6
481.46      90.6
481.47      91.3
481.48      91.8
481.49      90.4
481.50      89.6
481.51      90.1
481.52      90.1
481.53      91.1
481.54      91.8
481.55      91.6
481.56      91.6
481.57      91.1
481.58      92.1
481.59      90.8
481.60      91.1
481.61      91.6
481.62      92.6
481.63      91.1
481.64      91.1
481.65      91.1
481.66      90.6
481.67      91.3
481.68      90.1
481.69      89.9
481.70      90.6
481.71      91.8
481.72      92.3
481.73      92.1
481.74      92.1
481.75      92.3
481.76      92.3
481.77      92.1
481.78      92.1
481.79      91.6
481.80      91.3
481.81      91.1
481.82      90.6
481.83      89.1
481.84      89.1
481.85      90.1
481.86      89.6
481.87      90.8
481.88      89.9
481.89      89.6
481.90      90.4
481.91      91.8
481.92      92.3
481.93      90.6
481.94      89.6
481.95      89.6
481.96      89.6
481.97      90.6
481.98      91.3
481.99      90.8
482.00      90.6
482.01      90.8
482.02      91.6
482.03      92.3
482.04      91.3
482.05      91.1
482.06      90.8
482.07      90.4
482.08      89.9
482.09      89.6
482.10      89.4
482.11      89.6
482.12      88.9
482.13      89.4
482.14      90.8
482.15      92.1
482.16      91.8
482.17      91.8
482.18      91.6
482.19      92.1
482.20      91.8
482.21      92.3
482.22      91.6
482.23      91.1
482.24      92.1
482.25      92.6
482.26      91.6
482.27      92.6
482.28      92.8
482.29      93.3
482.30      92.6
482.31      92.1
482.32      92.6
482.33      92.3
482.34      92.8
482.35      91.8
482.36      92.1
482.37      92.1
482.38      91.6
482.39      91.1
482.40      91.8
482.41      91.6
482.42      92.1
482.43      90.8
482.44      91.1
482.45      91.3
482.46      91.1
482.47      90.4
482.48      89.9
482.49      90.1
482.50      90.4
482.51      89.1
482.52      89.6
482.53      90.6
482.54      90.6
482.55      90.1
482.56      89.6
482.57      89.4
482.58      89.4
482.59      89.9
482.60      90.6
482.61      90.1
482.62      90.1
482.63      90.1
482.64      90.1
482.65      91.1
482.66      89.9
482.67      91.1
482.68      91.1
482.69      90.6
482.70      90.6
482.71      90.8
482.72      91.8
482.73      92.3
482.74      92.8
482.75      92.6
482.76      91.3
482.77      90.8
482.78      91.6
482.79      90.8
482.80      90.8
482.81      91.1
482.82      90.8
482.83      90.6
482.84      90.6
482.85      91.1
482.86      91.1
482.87      91.1
482.88      91.1
482.89      90.4
482.90      89.9
482.91      90.4
482.92      89.6
482.93      89.9
482.94      90.1
482.95      91.6
482.96      91.6
482.97      91.6
482.98      91.3
482.99      91.6
483.00      91.1
483.01      91.8
483.02      92.8
483.03      92.3
483.04      91.8
483.05      92.1
483.06      91.3
483.07      91.3
483.08      91.3
483.09      90.8
483.10      90.6
483.11      90.8
483.12      91.8
483.13      91.3
483.14      91.3
483.15      90.8
483.16      91.3
483.17      92.1
483.18      92.3
483.19      92.6
483.20      92.3
483.21      91.1
483.22      90.1
483.23      90.4
483.24      90.4
483.25      89.9
483.26      90.8
483.27      91.3
483.28      90.6
483.29      91.1
483.30      90.6
483.31      90.6
483.32      90.6
483.33      91.6
483.34      91.1
483.35      90.4
483.36      89.4
483.37      90.4
483.38      90.1
483.39      89.9
483.40      90.6
483.41      90.6
483.42      91.8
483.43      90.8
483.44      90.6
483.45      91.3
483.46      92.1
483.47      92.1
483.48      92.3
483.49      93.3
483.50      94.0
483.51      93.8
483.52      93.5
483.53      93.5
483.54      93.5
483.55      94.0
483.56      93.3
483.57      94.0
483.58      93.0
483.59      92.8
483.60      92.8
483.61      92.8
483.62      92.1
483.63      93.3
483.64      93.0
483.65      93.0
483.66      93.0
483.67      93.3
483.68      93.0
483.69      93.8
483.70      93.3
483.71      93.5
483.72      93.3
483.73      93.0
483.74      93.0
483.75      93.8
483.76      92.6
483.77      91.8
483.78      91.3
483.79      91.3
483.80      90.6
483.81      91.3
483.82      91.3
483.83      90.6
483.84      91.6
483.85      91.1
483.86      90.4
483.87      91.6
483.88      91.6
483.89      91.6
483.90      91.1
483.91      91.8
483.92      91.6
483.93      91.6
483.94      90.6
483.95      90.4
483.96      90.8
483.97      91.6
483.98      90.8
483.99      91.3
484.00      91.6
484.01      91.3
484.02      90.8
484.03      90.1
484.04      90.1
484.05      90.6
484.06      90.4
484.07      90.4
484.08      90.8
484.09      92.3
484.10      92.6
484.11      91.6
484.12      91.6
484.13      91.8
484.14      92.1
484.15      90.8
484.16      92.3
484.17      92.3
484.18      92.3
484.19      92.6
484.20      92.3
484.21      92.8
484.22      92.8
484.23      93.3
484.24      94.0
484.25      93.3
484.26      94.3
484.27      94.0
484.28      93.3
484.29      93.3
484.30      93.0
484.31      92.1
484.32      91.6
484.33      90.8
484.34      90.6
484.35      91.6
484.36      91.6
484.37      92.1
484.38      90.8
484.39      90.6
484.40      91.1
484.41      91.6
484.42      90.6
484.43      90.6
484.44      90.8
484.45      91.1
484.46      91.8
484.47      91.8
484.48      92.6
484.49      92.3
484.50      92.3
484.51      91.8
484.52      92.6
484.53      92.3
484.54      92.6
484.55      91.6
484.56      90.6
484.57      91.3
484.58      92.1
484.59      92.3
484.60      91.8
484.61      91.1
484.62      90.6
484.63      90.4
484.64      91.1
484.65      91.3
484.66      91.1
484.67      92.1
484.68      92.3
484.69      92.6
484.70      92.3
484.71      92.6
484.72      92.1
484.73      92.1
484.74      93.3
484.75      94.7
484.76      93.8
484.77      94.3
484.78      94.7
484.79      94.7
484.80      95.0
484.81      94.5
484.82      95.0
484.83      94.3
484.84      94.5
484.85      94.3
484.86      94.0
484.87      93.0
484.88      93.5
484.89      92.6
484.90      92.3
484.91      91.6
484.92      91.3
484.93      92.1
484.94      92.3
484.95      92.1
484.96      92.3
484.97      92.3
484.98      91.8
484.99      91.6
485.00      91.1
485.01      90.6
485.02      90.8
485.03      91.1
485.04      90.8
485.05      90.8
485.06      91.3
485.07      91.3
485.08      91.3
485.09      91.6
485.10      90.6
485.11      90.8
485.12      90.6
485.13      89.9
485.14      90.1
485.15      90.4
485.16      91.8
485.17      91.3
485.18      91.8
485.19      91.3
485.20      91.1
485.21      90.8
485.22      91.1
485.23      92.3
485.24      92.8
485.25      92.6
485.26      91.6
485.27      91.3
485.28      91.6
485.29      92.1
485.30      92.6
485.31      91.3
485.32      90.8
485.33      90.1
485.34      90.4
485.35      90.1
485.36      90.4
485.37      90.4
485.38      91.1
485.39      90.8
485.40      90.8
485.41      91.1
485.42      90.4
485.43      91.8
485.44      92.6
485.45      91.3
485.46      91.8
485.47      91.3
485.48      90.8
485.49      91.6
485.50      92.3
485.51      93.5
485.52      95.0
485.53      94.5
485.54      94.7
485.55      94.0
485.56      93.8
485.57      93.0
485.58      92.6
485.59      92.8
485.60      93.0
485.61      92.3
485.62      92.1
485.63      91.6
485.64      92.1
485.65      93.0
485.66      92.8
485.67      92.6
485.68      93.3
485.69      92.6
485.70      93.0
485.71      92.8
485.72      93.8
485.73      94.0
485.74      95.5
485.75      96.2
485.76      98.9
485.77      104.3
485.78      110.4
485.79      121.9
485.80      135.5
485.81      160.0
485.82      188.3
485.83      222.0
485.84      252.5
485.85      269.8
485.86      273.7
485.87      264.2
485.88      250.8
485.89      235.9
485.90      224.2
485.91      217.6
485.92      218.8
485.93      233.2
485.94      264.0
485.95      313.3
485.96      367.0
485.97      422.5
485.98      454.2
485.99      458.6
486.00      442.7
486.01      411.2
486.02      378.3
486.03      340.4
486.04      305.7
486.05      270.3
486.06      240.3
486.07      212.5
486.08      189.0
486.09      166.8
486.10      149.2
486.11      133.8
486.12      122.6
486.13      112.8
486.14      104.5
486.15      100.1
486.16      96.9
486.17      94.7
486.18      93.3
486.19      92.6
486.20      93.0
486.21      92.6
486.22      92.3
486.23      92.6
486.24      91.6
486.25      91.1
486.26      91.1
486.27      90.8
486.28      90.6
486.29      89.4
486.30      91.3
486.31      91.3
486.32      91.3
486.33      90.8
486.34      90.1
486.35      90.1
486.36      89.9
486.37      88.6
486.38      89.6
486.39      90.8
486.40      91.6
486.41      91.8
486.42      91.1
486.43      91.8
486.44      91.3
486.45      90.8
486.46      90.1
486.47      90.1
486.48      89.4
486.49      89.6
486.50      90.1
486.51      90.4
486.52      89.9
486.53      89.9
486.54      91.3
486.55      92.1
486.56      92.1
486.57      92.6
486.58      93.0
486.59      93.0
486.60      93.0
486.61      92.3
486.62      91.1
486.63      91.8
486.64      91.8
486.65      92.1
486.66      91.3
486.67      91.6
486.68      91.8
486.69      92.1
486.70      91.1
486.71      91.6
486.72      91.1
486.73      92.1
486.74      92.1
486.75      92.3
486.76      91.1
486.77      90.4
486.78      90.1
486.79      91.1
486.80      91.8
486.81      91.1
486.82      90.6
486.83      91.6
486.84      91.6
486.85      92.3
486.86      91.3
486.87      90.6
486.88      90.6
486.89      91.1
486.90      91.8
486.91      91.1
486.92      90.8
486.93      92.3
486.94      91.6
486.95      90.8
486.96      91.3
486.97      91.1
486.98      91.6
486.99      91.8
487.00      91.6
487.01      91.3
487.02      91.8
487.03      91.8
487.04      92.3
487.05      93.5
487.06      93.0
487.07      92.3
487.08      91.6
487.09      91.6
487.10      90.6
487.11      91.1
487.12      90.8
487.13      90.8
487.14      91.3
487.15      92.1
487.16      93.3
487.17      93.8
487.18      94.5
487.19      94.5
487.20      94.3
487.21      94.5
487.22      94.0
487.23      94.5
487.24      94.3
487.25      94.3
487.26      93.8
487.27      93.3
487.28      93.5
487.29      93.3
487.30      92.1
487.31      91.8
487.32      91.6
487.33      92.1
487.34      91.8
487.35      92.1
487.36      91.3
487.37      91.8
487.38      90.6
487.39      90.6
487.40      90.4
487.41      90.1
487.42      90.4
487.43      90.6
487.44      91.3
487.45      91.3
487.46      91.1
487.47      90.8
487.48      91.1
487.49      91.6
487.50      91.3
487.51      92.3
487.52      92.8
487.53      92.3
487.54      93.0
487.55      92.6
487.56      93.3
487.57      92.8
487.58      92.6
487.59      91.3
487.60      90.4
487.61      89.6
487.62      90.1
487.63      89.6
487.64      89.1
487.65      89.9
487.66      90.4
487.67      89.4
487.68      89.9
487.69      90.6
487.70      91.1
487.71      90.8
487.72      91.3
487.73      91.3
487.74      92.1
487.75      91.3
487.76      91.8
487.77      91.8
487.78      91.8
487.79      91.3
487.80      90.4
487.81      89.9
487.82      90.6
487.83      90.4
487.84      91.1
487.85      90.1
487.86      89.9
487.87      90.1
487.88      90.8
487.89      90.1
487.90      89.6
487.91      89.9
487.92      90.6
487.93      90.4
487.94      89.1
487.95      90.4
487.96      90.8
487.97      91.3
487.98      91.6
487.99      90.8
488.00      90.1
488.01      90.4
488.02      92.3
488.03      93.0
488.04      92.3
488.05      92.3
488.06      92.3
488.07      92.8
488.08      92.6
488.09      92.3
488.10      92.8
488.11      93.5
488.12      93.3
488.13      92.3
488.14      91.8
488.15      91.1
488.16      91.1
488.17      91.6
488.18      91.3
488.19      91.6
488.20      91.1
488.21      90.4
488.22      90.4
488.23      91.1
488.24      90.6
488.25      90.6
488.26      90.8
488.27      91.1
488.28      90.8
488.29      90.8
488.30      91.1
488.31      91.6
488.32      92.1
488.33      91.8
488.34      92.3
488.35      92.3
488.36      91.1
488.37      91.1
488.38      90.6
488.39      90.4
488.40      90.8
488.41      91.8
488.42      91.6
488.43      91.1
488.44      91.1
488.45      91.1
488.46      90.6
488.47      91.3
488.48      91.3
488.49      91.1
488.50      89.4
488.51      89.6
488.52      90.6
488.53      91.3
488.54      92.1
488.55      91.8
488.56      91.6
488.57      92.6
488.58      93.3
488.59      92.8
488.60      92.3
488.61      91.8
488.62      93.3
488.63      93.3
488.64      92.8
488.65      92.1
488.66      92.1
488.67      92.1
488.68      92.6
488.69      92.3
488.70      91.3
488.71      90.6
488.72      91.6
488.73      92.6
488.74      92.6
488.75      92.1
488.76      92.3
488.77      92.1
488.78      92.1
488.79      91.8
488.80      92.1
488.81      91.8
488.82      91.8
488.83      92.3
488.84      91.8
488.85      90.6
488.86      90.4
488.87      90.1
488.88      90.1
488.89      90.4
488.90      90.6
488.91      89.9
488.92      90.6
488.93      90.6
488.94      90.8
488.95      91.1
488.96      90.4
488.97      90.6
488.98      90.6
488.99      90.8
489.00      91.3
489.01      90.8
489.02      90.6
489.03      91.1
489.04      90.6
489.05      90.8
489.06      91.3
489.07      92.3
489.08      91.3
489.09      91.6
489.10      91.8
489.11      92.6
489.12      93.5
489.13      93.3
489.14      93.0
489.15      92.6
489.16      93.8
489.17      93.8
489.18      93.8
489.19      94.0
489.20      92.6
489.21      92.1
489.22      92.6
489.23      91.3
489.24      92.3
489.25      92.1
489.26      92.3
489.27      91.3
489.28      91.1
489.29      92.1
489.30      91.8
489.31      92.1
489.32      91.3
489.33      91.1
489.34      90.8
489.35      90.4
489.36      89.1
489.37      90.1
489.38      90.6
489.39      90.8
489.40      91.8
489.41      91.3
489.42      90.6
489.43      90.4
489.44      90.1
489.45      91.1
489.46      90.4
489.47      90.4
489.48      91.1
489.49      91.1
489.50      90.1
489.51      89.4
489.52      90.1
489.53      89.9
489.54      89.6
489.55      89.9
489.56      90.8
489.57      91.8
489.58      91.3
489.59      91.6
489.60      90.8
489.61      91.6
489.62      91.3
489.63      91.6
489.64      92.6
489.65      92.6
489.66      92.6
489.67      91.6
489.68      91.1
489.69      91.6
489.70      91.6
489.71      90.4
489.72      91.1
489.73      90.1
489.74      91.1
489.75      92.1
489.76      91.1
489.77      90.4
489.78      90.8
489.79      91.3
489.80      92.3
489.81      91.3
489.82      92.1
489.83      91.1
489.84      89.9
489.85      90.4
489.86      89.9
489.87      90.1
489.88      89.9
489.89      89.9
489.90      89.6
489.91      90.8
489.92      91.6
489.93      92.6
489.94      94.0
489.95      93.8
489.96      94.0
489.97      93.5
489.98      92.3
489.99      93.5
490.00      93.8
490.01      94.0
490.02      93.3
490.03      93.8
490.04      93.5
490.05      93.3
490.06      92.6
490.07      93.3
490.08      92.1
490.09      93.0
490.10      93.8
490.11      93.5
490.12      93.8
490.13      92.3
490.14      91.8
490.15      91.8
490.16      92.6
490.17      93.3
490.18      92.8
490.19      93.5
490.20      93.0
490.21      92.6
490.22      92.6
490.23      92.1
490.24      92.3
490.25      92.8
490.26      91.8
490.27      91.3
490.28      92.1
490.29      91.3
490.30      90.8
490.31      90.8
490.32      91.3
490.33      92.8
490.34      92.8
490.35      93.0
490.36      94.0
490.37      92.6
490.38      91.6
490.39      91.8
490.40      92.3
490.41      92.3
490.42      93.0
490.43      93.3
490.44      92.3
490.45      91.3
490.46      91.3
490.47      91.3
490.48      90.8
490.49      90.6
490.50      89.9
490.51      91.1
490.52      91.1
490.53      91.8
490.54      91.3
490.55      91.3
490.56      91.1
490.57      91.6
490.58      93.0
490.59      92.8
490.60      92.8
490.61      91.6
490.62      92.1
490.63      91.6
490.64      90.6
490.65      91.1
490.66      90.1
490.67      88.9
490.68      88.2
490.69      89.4
490.70      88.9
490.71      88.2
490.72      89.6
490.73      90.1
490.74      90.8
490.75      90.8
490.76      91.1
490.77      91.1
490.78      91.3
490.79      92.3
490.80      91.8
490.81      92.1
490.82      92.6
490.83      92.6
490.84      92.6
490.85      91.3
490.86      91.3
490.87      91.8
490.88      91.1
490.89      92.3
490.90      92.6
490.91      92.6
490.92      92.6
490.93      92.3
490.94      91.8
490.95      91.6
490.96      91.3
490.97      91.1
490.98      91.8
490.99      91.3
491.00      92.1
491.01      91.3
491.02      90.6
491.03      92.1
491.04      92.1
491.05      92.6
491.06      92.1
491.07      92.1
491.08      93.8
491.09      94.5
491.10      94.7
491.11      94.0
491.12      93.8
491.13      93.8
491.14      93.3
491.15      93.3
491.16      92.6
491.17      92.8
491.18      93.0
491.19      92.3
491.20      92.6
491.21      93.3
491.22      92.6
491.23      92.1
491.24      91.6
491.25      90.4
491.26      89.6
491.27      90.1
491.28      89.4
491.29      90.1
491.30      90.4
491.31      90.6
491.32      89.6
491.33      89.4
491.34      89.1
491.35      89.6
491.36      89.4
491.37      90.1
491.38      89.9
491.39      89.6
491.40      89.9
491.41      90.8
491.42      90.6
491.43      90.4
491.44      90.1
491.45      90.1
491.46      89.6
491.47      89.6
491.48      90.4
491.49      89.6
491.50      90.1
491.51      90.4
491.52      89.4
491.53      88.6
491.54      89.9
491.55      89.4
491.56      88.6
491.57      88.6
491.58      88.6
491.59      89.4
491.60      90.1
491.61      89.9
491.62      89.9
491.63      90.4
491.64      89.4
491.65      89.4
491.66      89.9
491.67      89.9
491.68      90.1
491.69      91.3
491.70      90.6
491.71      90.1
491.72      89.4
491.73      90.4
491.74      90.4
491.75      90.4
491.76      89.6
491.77      89.9
491.78      90.4
491.79      89.6
491.80      89.9
491.81      89.6
491.82      90.6
491.83      91.1
491.84      91.8
491.85      92.1
491.86      92.1
491.87      92.8
491.88      92.6
491.89      92.6
491.90      92.3
491.91      92.6
491.92      92.1
491.93      92.3
491.94      92.8
491.95      92.3
491.96      91.3
491.97      92.1
491.98      92.3
491.99      93.3
492.00      92.1
492.01      92.3
492.02      91.6
492.03      90.8
492.04      91.3
492.05      91.1
492.06      90.6
492.07      91.1
492.08      91.1
492.09      92.1
492.10      91.6
492.11      91.8
492.12      92.3
492.13      92.8
492.14      92.3
492.15      91.6
492.16      91.3
492.17      91.6
492.18      91.3
492.19      90.4
492.20      90.4
492.21      91.3
492.22      92.3
492.23      92.3
492.24      92.1
492.25      91.8
492.26      91.6
492.27      91.6
492.28      91.6
492.29      91.8
492.30      91.3
492.31      92.3
492.32      92.6
492.33      93.3
492.34      92.6
492.35      91.8
492.36      91.6
492.37      92.3
492.38      91.6
492.39      91.3
492.40      91.1
492.41      90.4
492.42      89.9
492.43      89.9
492.44      89.9
492.45      90.4
492.46      90.6
492.47      90.4
492.48      89.6
492.49      89.9
492.50      90.6
492.51      90.6
492.52      91.1
492.53      90.8
492.54      89.9
492.55      89.1
492.56      89.1
492.57      89.6
492.58      89.4
492.59      89.4
492.60      90.6
492.61      90.8
492.62      90.1
492.63      90.8
492.64      92.6
492.65      94.0
492.66      95.5
492.67      97.4
492.68      97.7
492.69      99.9
492.70      101.3
492.71      99.6
492.72      99.6
492.73      98.7
492.74      98.2
492.75      97.2
492.76      96.0
492.77      95.7
492.78      95.7
492.79      94.5
492.80      94.3
492.81      94.0
492.82      94.0
492.83      92.6
492.84      91.8
492.85      91.6
492.86      91.6
492.87      90.8
492.88      91.1
492.89      91.6
492.90      91.6
492.91      91.8
492.92      92.3
492.93      92.3
492.94      91.1
492.95      91.6
492.96      91.6
492.97      91.3
492.98      91.1
492.99      92.1
493.00      90.8
493.01      91.1
493.02      91.3
493.03      92.3
493.04      93.5
493.05      92.6
493.06      91.8
493.07      91.8
493.08      91.6
493.09      91.6
493.10      91.6
493.11      92.6
493.12      92.6
493.13      92.8
493.14      92.1
493.15      93.0
493.16      93.5
493.17      93.8
493.18      94.7
493.19      95.5
493.20      95.7
493.21      95.7
493.22      96.2
493.23      96.9
493.24      97.4
493.25      98.9
493.26      99.4
493.27      98.4
493.28      99.4
493.29      97.7
493.30      96.5
493.31      95.7
493.32      95.7
493.33      95.7
493.34      94.5
493.35      92.8
493.36      93.0
493.37      91.6
493.38      91.6
493.39      91.6
493.40      92.6
493.41      93.3
493.42      94.5
493.43      94.0
493.44      92.8
493.45      92.1
493.46      93.0
493.47      93.0
493.48      93.0
493.49      93.0
493.50      92.8
493.51      92.6
493.52      92.1
493.53      91.3
493.54      91.8
493.55      91.8
493.56      91.6
493.57      91.3
493.58      91.1
493.59      90.8
493.60      90.8
493.61      91.3
493.62      89.9
493.63      89.6
493.64      89.4
493.65      89.6
493.66      90.1
493.67      90.1
493.68      89.9
493.69      91.1
493.70      91.1
493.71      91.1
493.72      90.8
493.73      91.6
493.74      92.6
493.75      94.0
493.76      94.7
493.77      95.0
493.78      95.5
493.79      94.5
493.80      92.8
493.81      94.3
493.82      92.8
493.83      92.6
493.84      92.3
493.85      91.8
493.86      91.1
493.87      91.1
493.88      90.6
493.89      90.8
493.90      90.1
493.91      91.1
493.92      90.1
493.93      89.4
493.94      89.9
493.95      90.4
493.96      89.6
493.97      89.9
493.98      89.9
493.99      89.6
494.00      90.4
494.01      90.6
494.02      91.3
494.03      90.6
494.04      90.4
494.05      90.8
494.06      91.3
494.07      91.1
494.08      90.1
494.09      90.4
494.10      90.8
494.11      89.6
494.12      89.6
494.13      90.6
494.14      90.8
494.15      90.1
494.16      90.8
494.17      90.8
494.18      90.4
494.19      89.1
494.20      89.6
494.21      90.6
494.22      90.8
494.23      90.6
494.24      91.1
494.25      90.6
494.26      90.4
494.27      90.6
494.28      89.6
494.29      89.9
494.30      91.1
494.31      90.8
494.32      91.1
494.33      91.3
494.34      91.1
494.35      90.8
494.36      90.1
494.37      90.4
494.38      90.1
494.39      90.1
494.40      89.6
494.41      89.6
494.42      89.6
494.43      89.6
494.44      90.8
494.45      91.6
494.46      92.1
494.47      91.3
494.48      92.3
494.49      92.1
494.50      91.6
494.51      91.3
494.52      90.6
494.53      90.1
494.54      89.4
494.55      88.9
494.56      89.4
494.57      89.9
494.58      90.4
494.59      90.6
494.60      91.1
494.61      90.8
494.62      90.1
494.63      91.1
494.64      92.6
494.65      91.8
494.66      92.6
494.67      92.8
494.68      92.1
494.69      90.8
494.70      89.6
494.71      89.6
494.72      88.9
494.73      89.9
494.74      89.9
494.75      89.9
494.76      90.6
494.77      90.1
494.78      90.6
494.79      90.8
494.80      91.1
494.81      91.3
494.82      90.4
494.83      88.9
494.84      87.9
494.85      89.4
494.86      89.6
494.87      89.9
494.88      89.1
494.89      90.8
494.90      91.8
494.91      91.8
494.92      91.3
494.93      91.3
494.94      90.6
494.95      89.4
494.96      89.4
494.97      89.6
494.98      88.9
494.99      89.6
495.00      89.1
495.01      89.6
495.02      89.6
495.03      88.9
495.04      89.1
495.05      91.1
495.06      90.8
495.07      90.4
495.08      90.8
495.09      90.6
495.10      90.8
495.11      90.1
495.12      90.6
495.13      90.6
495.14      89.4
495.15      88.9
495.16      88.6
495.17      88.6
495.18      89.4
495.19      89.6
495.20      89.4
495.21      90.6
495.22      90.4
495.23      89.6
495.24      89.4
495.25      89.9
495.26      91.1
495.27      91.1
495.28      92.1
495.29      92.8
495.30      92.1
495.31      91.3
495.32      90.1
495.33      90.6
495.34      90.6
495.35      90.6
495.36      89.9
495.37      90.1
495.38      90.8
495.39      91.3
495.40      91.8
495.41      91.1
495.42      90.8
495.43      91.1
495.44      91.6
495.45      91.1
495.46      91.6
495.47      92.8
495.48      92.8
495.49      92.6
495.50      92.1
495.51      91.8
495.52      91.8
495.53      92.8
495.54      93.3
495.55      93.0
495.56      93.5
495.57      92.1
495.58      91.6
495.59      91.6
495.60      91.6
495.61      91.6
495.62      90.8
495.63      91.1
495.64      91.1
495.65      91.1
495.66      91.6
495.67      91.6
495.68      91.3
495.69      90.8
495.70      90.4
495.71      89.9
495.72      89.6
495.73      89.4
495.74      89.9
495.75      90.1
495.76      90.4
495.77      90.8
495.78      91.6
495.79      90.4
495.80      89.9
495.81      91.1
495.82      90.6
495.83      89.4
495.84      89.9
495.85      89.1
495.86      90.1
495.87      89.9
495.88      89.4
495.89      90.4
495.90      91.1
495.91      89.9
495.92      89.9
495.93      90.1
495.94      91.1
495.95      91.1
495.96      91.1
495.97      90.1
495.98      89.1
495.99      89.6
496.00      89.4
496.01      88.6
496.02      88.9
496.03      89.4
496.04      88.4
496.05      88.6
496.06      89.6
496.07      90.6
496.08      91.8
496.09      90.4
496.10      89.6
496.11      90.1
496.12      89.1
496.13      90.1
496.14      89.1
496.15      88.9
496.16      88.9
496.17      89.4
496.18      89.4
496.19      90.1
496.20      89.6
496.21      90.4
496.22      91.1
496.23      90.1
496.24      90.6
496.25      90.6
496.26      89.9
496.27      90.1
496.28      88.9
496.29      88.9
496.30      88.6
496.31      89.1
496.32      90.4
496.33      89.4
496.34      90.1
496.35      88.9
496.36      89.1
496.37      89.6
496.38      90.6
496.39      90.6
496.40      90.1
496.41      90.6
496.42      91.6
496.43      91.1
496.44      90.6
496.45      91.1
496.46      90.4
496.47      90.4
496.48      90.1
496.49      90.6
496.50      91.1
496.51      90.4
496.52      90.1
496.53      90.6
496.54      89.4
496.55      89.1
496.56      89.9
496.57      90.1
496.58      90.8
496.59      91.8
496.60      91.8
496.61      91.8
496.62      93.0
496.63      93.5
496.64      93.3
496.65      92.8
496.66      92.8
496.67      91.6
496.68      90.4
496.69      91.1
496.70      91.1
496.71      90.6
496.72      90.8
496.73      91.8
496.74      90.8
496.75      91.6
496.76      91.1
496.77      90.8
496.78      90.6
496.79      89.4
496.80      89.9
496.81      90.8
496.82      91.1
496.83      91.3
496.84      90.6
496.85      90.1
496.86      89.6
496.87      89.9
496.88      89.1
496.89      89.1
496.90      89.4
496.91      91.1
496.92      89.6
496.93      89.1
496.94      89.9
496.95      88.9
496.96      89.1
496.97      90.1
496.98      90.1
496.99      90.6
497.00      91.1
497.01      92.6
497.02      91.3
497.03      91.1
497.04      90.8
497.05      90.8
497.06      90.6
497.07      89.1
497.08      88.9
497.09      89.1
497.10      89.6
497.11      90.8
497.12      90.8
497.13      90.4
497.14      90.1
497.15      89.6
497.16      89.6
497.17      89.9
497.18      90.6
497.19      91.1
497.20      91.3
497.21      92.1
497.22      92.3
497.23      93.3
497.24      92.8
497.25      92.6
497.26      92.1
497.27      93.0
497.28      92.8
497.29      92.1
497.30      91.1
497.31      91.1
497.32      91.8
497.33      91.6
497.34      90.6
497.35      90.6
497.36      89.9
497.37      89.4
497.38      89.6
497.39      89.6
497.40      89.9
497.41      90.1
497.42      89.9
497.43      90.4
497.44      90.1
497.45      90.1
497.46      89.6
497.47      88.9
497.48      89.1
497.49      88.9
497.50      88.2
497.51      88.4
497.52      89.4
497.53      89.9
497.54      91.1
497.55      91.3
497.56      90.6
497.57      90.8
497.58      90.6
497.59      93.0
497.60      93.3
497.61      92.3
497.62      91.8
497.63      92.1
497.64      91.1
497.65      91.6
497.66      91.1
497.67      91.3
497.68      89.9
497.69      90.4
497.70      91.1
497.71      90.1
497.72      89.9
497.73      89.9
497.74      90.4
497.75      91.1
497.76      91.3
497.77      91.1
497.78      90.8
497.79      90.1
497.80      89.9
497.81      90.4
497.82      89.6
497.83      90.1
497.84      90.6
497.85      91.1
497.86      90.4
497.87      90.6
497.88      91.1
497.89      90.8
497.90      89.6
497.91      89.9
497.92      89.9
497.93      90.1
497.94      91.6
497.95      92.6
497.96      93.0
497.97      92.6
497.98      93.3
497.99      93.0
498.00      92.8
498.01      91.8
498.02      91.6
498.03      92.8
498.04      92.8
498.05      91.3
498.06      91.3
498.07      91.6
498.08      90.6
498.09      90.1
498.10      89.6
498.11      90.6
498.12      90.4
498.13      90.1
498.14      90.4
498.15      90.6
498.16      90.1
498.17      90.1
498.18      90.4
498.19      90.8
498.20      89.1
498.21      89.9
498.22      89.9
498.23      90.1
498.24      90.8
498.25      90.6
498.26      91.3
498.27      91.1
498.28      89.9
498.29      90.6
498.30      91.1
498.31      91.1
498.32      91.3
498.33      91.1
498.34      91.3
498.35      91.6
498.36      92.1
498.37      92.1
498.38      91.6
498.39      91.3
498.40      90.8
498.41      90.4
498.42      90.4
498.43      91.1
498.44      91.1
498.45      90.6
498.46      91.1
498.47      92.1
498.48      92.1
498.49      91.6
498.50      91.8
498.51      91.1
498.52      90.4
498.53      89.6
498.54      88.4
498.55      88.6
498.56      88.6
498.57      89.1
498.58      90.4
498.59      89.1
498.60      88.6
498.61      89.6
498.62      90.1
498.63      90.6
498.64      90.8
498.65      90.6
498.66      90.4
498.67      90.4
498.68      90.8
498.69      90.6
498.70      90.6
498.71      90.6
498.72      91.1
498.73      90.1
498.74      89.9
498.75      89.9
498.76      90.8
498.77      91.1
498.78      91.3
498.79      92.6
498.80      91.6
498.81      91.1
498.82      92.1
498.83      92.8
498.84      92.6
498.85      93.0
498.86      92.1
498.87      91.6
498.88      90.6
498.89      91.3
498.90      92.1
498.91      90.8
498.92      90.1
498.93      90.1
498.94      91.3
498.95      92.3
498.96      93.0
498.97      93.0
498.98      93.0
498.99      93.3
499.00      92.8
499.01      93.8
499.02      93.5
499.03      93.8
499.04      93.0
499.05      92.6
499.06      92.1
499.07      93.0
499.08      93.0
499.09      92.6
499.10      92.8
499.11      92.6
499.12      92.1
499.13      90.6
499.14      90.4
499.15      91.6
499.16      90.8
499.17      90.6
499.18      90.6
499.19      90.4
499.20      89.4
499.21      89.1
499.22      89.9
499.23      89.4
499.24      89.6
499.25      90.4
499.26      90.6
499.27      90.6
499.28      91.8
499.29      90.8
499.30      91.1
499.31      90.4
499.32      89.9
499.33      90.4
499.34      89.1
499.35      89.1
499.36      90.1
499.37      91.8
499.38      92.3
499.39      92.6
499.40      92.1
499.41      91.3
499.42      91.3
499.43      90.8
499.44      90.4
499.45      90.6
499.46      89.9
499.47      90.4
499.48      89.9
499.49      89.9
499.50      88.9
499.51      89.9
499.52      89.1
499.53      90.4
499.54      90.4
499.55      90.8
499.56      91.3
499.57      90.4
499.58      90.8
499.59      92.1
499.60      90.8
499.61      92.1
499.62      92.1
499.63      92.1
499.64      91.8
499.65      91.8
499.66      92.1
499.67      92.6
499.68      92.6
499.69      90.8
499.70      91.1
499.71      90.1
499.72      90.4
499.73      90.1
499.74      91.1
499.75      92.3
499.76      91.3
499.77      90.8
499.78      90.4
499.79      90.4
499.80      90.8
499.81      91.1
499.82      91.8
499.83      91.1
499.84      91.1
499.85      91.3
499.86      90.1
499.87      89.6
499.88      90.4
499.89      90.4
499.90      90.1
499.91      90.6
499.92      90.8
499.93      90.8
499.94      90.6
499.95      90.4
499.96      90.4
499.97      90.4
499.98      91.8
499.99      91.3
500.00      90.8
500.01      91.6
500.02      90.6
500.03      90.8
500.04      91.6
500.05      91.6
500.06      91.1
500.07      91.8
500.08      92.3
500.09      91.6
500.10      90.8
500.11      90.6
500.12      91.3
500.13      89.9
500.14      89.9
500.15      91.3
500.16      92.6
500.17      92.1
500.18      91.6
500.19      91.6
500.20      91.1
500.21      92.1
500.22      91.6
500.23      90.1
500.24      90.8
500.25      90.8
500.26      90.6
500.27      91.8
500.28      91.6
500.29      91.1
500.30      91.3
500.31      90.4
500.32      89.9
500.33      89.4
500.34      88.6
500.35      89.9
500.36      89.9
500.37      89.6
500.38      90.6
500.39      90.1
500.40      90.1
500.41      90.6
500.42      90.6
500.43      90.1
500.44      89.4
500.45      89.6
500.46      89.6
500.47      88.6
500.48      89.1
500.49      90.1
500.50      90.6
500.51      90.4
500.52      89.4
500.53      89.9
500.54      91.3
500.55      91.3
500.56      90.8
500.57      91.6
500.58      91.8
500.59      91.8
500.60      91.8
500.61      92.1
500.62      91.1
500.63      92.1
500.64      92.3
500.65      93.0
500.66      92.6
500.67      91.3
500.68      90.4
500.69      91.1
500.70      91.8
500.71      92.1
500.72      91.1
500.73      89.4
500.74      88.9
500.75      90.4
500.76      90.6
500.77      90.1
500.78      90.6
500.79      91.6
500.80      90.8
500.81      90.6
500.82      92.1
500.83      91.8
500.84      91.3
500.85      91.3
500.86      90.6
500.87      90.6
500.88      91.1
500.89      90.1
500.90      89.9
500.91      89.9
500.92      90.8
500.93      90.4
500.94      89.6
500.95      90.1
500.96      91.3
500.97      91.3
500.98      92.1
500.99      92.1
501.00      90.6
501.01      90.6
501.02      90.6
501.03      91.1
501.04      90.6
501.05      90.1
501.06      90.4
501.07      90.6
501.08      89.9
501.09      90.6
501.10      91.6
501.11      91.6
501.12      91.3
501.13      92.1
501.14      93.8
501.15      94.5
501.16      95.0
501.17      95.7
501.18      96.5
501.19      95.2
501.20      94.7
501.21      94.3
501.22      92.6
501.23      92.3
501.24      92.1
501.25      91.6
501.26      90.8
501.27      90.8
501.28      90.1
501.29      91.6
501.30      92.8
501.31      93.3
501.32      94.5
501.33      95.2
501.34      94.7
501.35      93.8
501.36      93.3
501.37      92.6
501.38      92.8
501.39      92.3
501.40      92.1
501.41      92.6
501.42      91.6
501.43      92.1
501.44      92.6
501.45      92.6
501.46      92.3
501.47      92.6
501.48      92.8
501.49      91.6
501.50      92.3
501.51      93.0
501.52      92.3
501.53      92.8
501.54      91.8
501.55      90.8
501.56      91.3
501.57      92.1
501.58      91.6
501.59      90.8
501.60      90.8
501.61      91.3
501.62      91.3
501.63      90.1
501.64      90.6
501.65      91.1
501.66      91.3
501.67      92.1
501.68      91.6
501.69      91.3
501.70      90.8
501.71      90.8
501.72      90.8
501.73      91.8
501.74      91.6
501.75      90.6
501.76      90.6
501.77      89.9
501.78      90.1
501.79      90.8
501.80      91.8
501.81      91.3
501.82      90.8
501.83      91.3
501.84      91.1
501.85      91.6
501.86      90.8
501.87      90.6
501.88      91.8
501.89      92.6
501.90      91.6
501.91      91.6
501.92      90.4
501.93      90.4
501.94      89.4
501.95      89.1
501.96      90.1
501.97      90.6
501.98      89.9
501.99      89.6
502.00      89.9
502.01      89.9
502.02      89.6
502.03      89.9
502.04      89.9
502.05      89.9
502.06      89.9
502.07      90.6
502.08      90.4
502.09      89.1
502.10      90.4
502.11      92.3
502.12      91.1
502.13      90.4
502.14      90.6
502.15      90.4
502.16      91.1
502.17      92.3
502.18      92.1
502.19      91.6
502.20      91.1
502.21      92.3
502.22      93.0
502.23      92.6
502.24      91.8
502.25      92.1
502.26      90.8
502.27      89.9
502.28      90.8
502.29      90.6
502.30      91.6
502.31      91.6
502.32      91.6
502.33      90.8
502.34      91.3
502.35      91.8
502.36      92.6
502.37      92.3
502.38      90.6
502.39      90.4
502.40      91.3
502.41      89.6
502.42      89.9
502.43      89.6
502.44      89.4
502.45      89.1
502.46      89.4
502.47      88.6
502.48      89.4
502.49      89.9
502.50      90.4
502.51      90.8
502.52      89.4
502.53      89.4
502.54      88.9
502.55      88.9
502.56      89.4
502.57      90.1
502.58      91.1
502.59      91.1
502.60      90.8
502.61      89.9
502.62      90.4
502.63      89.6
502.64      90.1
502.65      91.1
502.66      92.1
502.67      91.3
502.68      91.3
502.69      91.1
502.70      91.1
502.71      91.3
502.72      92.1
502.73      92.6
502.74      92.1
502.75      91.8
502.76      91.3
502.77      90.6
502.78      91.6
502.79      89.9
502.80      89.6
502.81      90.4
502.82      89.9
502.83      91.3
502.84      91.8
502.85      92.1
502.86      92.1
502.87      92.8
502.88      93.5
502.89      93.0
502.90      92.3
502.91      93.0
502.92      93.0
502.93      92.1
502.94      92.3
502.95      92.6
502.96      91.8
502.97      91.1
502.98      90.8
502.99      91.3
503.00      91.8
503.01      92.3
503.02      91.6
503.03      90.6
503.04      90.8
503.05      90.6
503.06      90.4
503.07      90.1
503.08      91.1
503.09      91.6
503.10      91.6
503.11      91.6
503.12      91.8
503.13      90.8
503.14      89.9
503.15      89.9
503.16      90.6
503.17      90.4
503.18      88.9
503.19      89.6
503.20      90.8
503.21      91.1
503.22      91.1
503.23      91.3
503.24      90.8
503.25      90.6
503.26      91.3
503.27      91.6
503.28      92.3
503.29      91.3
503.30      91.1
503.31      91.3
503.32      91.3
503.33      90.4
503.34      90.4
503.35      90.4
503.36      90.8
503.37      91.1
503.38      91.6
503.39      91.6
503.40      90.6
503.41      90.4
503.42      91.1
503.43      90.8
503.44      89.9
503.45      89.4
503.46      89.4
503.47      89.9
503.48      90.4
503.49      90.1
503.50      90.6
503.51      91.1
503.52      90.6
503.53      91.1
503.54      90.4
503.55      90.8
503.56      89.6
503.57      90.6
503.58      90.8
503.59      91.1
503.60      90.4
503.61      90.8
503.62      91.3
503.63      90.6
503.64      89.6
503.65      88.6
503.66      90.1
503.67      90.1
503.68      89.4
503.69      88.6
503.70      88.6
503.71      89.4
503.72      90.6
503.73      91.1
503.74      89.9
503.75      89.4
503.76      89.4
503.77      89.9
503.78      89.9
503.79      90.8
503.80      89.9
503.81      90.4
503.82      90.8
503.83      91.6
503.84      91.8
503.85      91.8
503.86      91.6
503.87      93.0
503.88      92.3
503.89      91.3
503.90      90.1
503.91      90.1
503.92      89.9
503.93      89.1
503.94      89.1
503.95      89.4
503.96      90.6
503.97      91.1
503.98      90.6
503.99      90.4
504.00      89.6
504.01      89.6
504.02      89.6
504.03      90.8
504.04      91.3
504.05      91.6
504.06      91.8
504.07      91.6
504.08      92.1
504.09      90.8
504.10      89.1
504.11      90.1
504.12      89.9
504.13      90.1
504.14      89.1
504.15      89.6
504.16      89.6
504.17      89.4
504.18      89.4
504.19      89.1
504.20      89.9
504.21      90.8
504.22      90.4
504.23      89.4
504.24      89.6
504.25      90.4
504.26      90.4
504.27      90.4
504.28      90.4
504.29      89.9
504.30      90.8
504.31      91.3
504.32      92.1
504.33      91.8
504.34      90.8
504.35      91.1
504.36      89.9
504.37      90.1
504.38      90.4
504.39      89.6
504.40      89.1
504.41      89.4
504.42      89.4
504.43      89.9
504.44      90.6
504.45      88.9
504.46      89.4
504.47      89.1
504.48      89.4
504.49      89.9
504.50      90.1
504.51      90.8
504.52      91.1
504.53      90.4
504.54      90.6
504.55      90.8
504.56      91.3
504.57      90.1
504.58      89.9
504.59      90.8
504.60      91.3
504.61      92.3
504.62      91.6
504.63      92.1
504.64      90.8
504.65      90.8
504.66      91.1
504.67      90.8
504.68      90.4
504.69      90.4
504.70      90.1
504.71      90.6
504.72      90.4
504.73      90.4
504.74      90.4
504.75      89.9
504.76      89.1
504.77      90.4
504.78      90.6
504.79      90.4
504.80      90.1
504.81      90.4
504.82      91.8
504.83      92.6
504.84      92.8
504.85      92.1
504.86      91.6
504.87      91.6
504.88      92.1
504.89      92.3
504.90      91.3
504.91      90.8
504.92      89.9
504.93      89.1
504.94      88.2
504.95      88.4
504.96      89.1
504.97      89.1
504.98      89.1
504.99      88.9
505.00      89.9
505.01      90.1
505.02      89.9
505.03      90.1
505.04      90.6
505.05      90.8
505.06      90.6
505.07      90.6
505.08      91.1
505.09      90.8
505.10      90.6
505.11      91.6
505.12      91.6
505.13      91.1
505.14      90.6
505.15      90.4
505.16      89.9
505.17      90.8
505.18      90.6
505.19      90.4
505.20      90.6
505.21      90.8
505.22      90.6
505.23      89.6
505.24      89.9
505.25      89.6
505.26      88.6
505.27      87.4
505.28      89.1
505.29      89.9
505.30      90.4
505.31      90.4
505.32      90.4
505.33      91.1
505.34      92.1
505.35      91.6
505.36      91.6
505.37      92.1
505.38      92.3
505.39      92.8
505.40      92.1
505.41      92.8
505.42      92.3
505.43      93.5
505.44      93.3
505.45      92.1
505.46      91.8
505.47      92.1
505.48      91.1
505.49      90.8
505.50      90.1
505.51      90.8
505.52      90.4
505.53      90.4
505.54      91.1
505.55      91.3
505.56      91.3
505.57      91.8
505.58      90.4
505.59      89.9
505.60      90.6
505.61      90.6
505.62      90.4
505.63      90.4
505.64      90.8
505.65      90.4
505.66      90.6
505.67      91.3
505.68      90.6
505.69      90.6
505.70      90.4
505.71      89.4
505.72      89.4
505.73      89.6
505.74      90.8
505.75      89.6
505.76      90.1
505.77      89.4
505.78      89.1
505.79      89.1
505.80      89.9
505.81      90.8
505.82      90.1
505.83      89.9
505.84      90.1
505.85      90.6
505.86      89.6
505.87      90.4
505.88      90.1
505.89      90.1
505.90      89.9
505.91      88.9
505.92      89.1
505.93      89.9
505.94      89.4
505.95      89.1
505.96      88.9
505.97      89.6
505.98      90.6
505.99      90.6
506.00      89.6
506.01      90.4
506.02      91.3
506.03      91.3
506.04      89.9
506.05      89.9
506.06      89.9
506.07      89.9
506.08      90.1
506.09      89.9
506.10      89.4
506.11      91.3
506.12      90.8
506.13      90.8
506.14      91.1
506.15      90.4
506.16      89.9
506.17      90.4
506.18      89.4
506.19      89.6
506.20      88.6
506.21      89.9
506.22      91.6
506.23      90.4
506.24      90.4
506.25      91.8
506.26      91.1
506.27      91.1
506.28      91.6
506.29      90.8
506.30      91.8
506.31      91.3
506.32      91.1
506.33      90.6
506.34      90.6
506.35      90.6
506.36      90.6
506.37      90.4
506.38      90.1
506.39      90.8
506.40      89.9
506.41      90.1
506.42      90.4
506.43      90.4
506.44      90.1
506.45      89.1
506.46      88.9
506.47      90.1
506.48      90.4
506.49      90.1
506.50      89.9
506.51      89.4
506.52      88.6
506.53      88.9
506.54      90.1
506.55      90.1
506.56      89.9
506.57      91.1
506.58      90.8
506.59      90.8
506.60      91.8
506.61      92.6
506.62      92.3
506.63      90.1
506.64      89.9
506.65      89.6
506.66      90.1
506.67      91.3
506.68      92.1
506.69      91.8
506.70      92.6
506.71      92.1
506.72      91.3
506.73      90.6
506.74      91.8
506.75      92.3
506.76      91.8
506.77      91.8
506.78      90.1
506.79      89.9
506.80      89.4
506.81      89.1
506.82      88.9
506.83      87.9
506.84      87.9
506.85      88.2
506.86      89.1
506.87      88.4
506.88      88.9
506.89      89.9
506.90      90.6
506.91      90.6
506.92      89.6
506.93      90.1
506.94      90.8
506.95      91.1
506.96      91.6
506.97      92.1
506.98      90.4
506.99      90.6
507.00      90.8
507.01      90.1
507.02      90.1
507.03      89.9
507.04      89.6
507.05      90.4
507.06      90.6
507.07      90.1
507.08      89.6
507.09      90.4
507.10      90.4
507.11      90.4
507.12      90.4
507.13      89.9
507.14      90.1
507.15      89.6
507.16      90.6
507.17      91.3
507.18      91.8
507.19      91.1
507.20      90.4
507.21      89.6
507.22      89.1
507.23      89.4
507.24      89.4
507.25      88.6
507.26      89.1
507.27      89.6
507.28      91.8
507.29      91.6
507.30      90.1
507.31      89.6
507.32      89.1
507.33      88.4
507.34      89.4
507.35      89.6
507.36      89.4
507.37      89.6
507.38      90.1
507.39      90.4
507.40      89.9
507.41      89.6
507.42      90.1
507.43      91.1
507.44      90.6
507.45      89.9
507.46      90.6
507.47      90.1
507.48      90.8
507.49      90.6
507.50      90.4
507.51      90.4
507.52      90.6
507.53      89.9
507.54      89.9
507.55      90.4
507.56      90.6
507.57      91.1
507.58      91.1
507.59      90.4
507.60      89.9
507.61      90.6
507.62      90.1
507.63      89.9
507.64      89.4
507.65      89.9
507.66      90.4
507.67      91.1
507.68      91.3
507.69      91.1
507.70      90.8
507.71      90.1
507.72      89.4
507.73      90.1
507.74      90.4
507.75      90.1
507.76      91.1
507.77      90.4
507.78      90.4
507.79      90.6
507.80      89.9
507.81      90.1
507.82      90.8
507.83      90.1
507.84      91.3
507.85      90.8
507.86      90.8
507.87      90.8
507.88      90.8
507.89      92.3
507.90      92.1
507.91      92.6
507.92      92.6
507.93      92.1
507.94      91.8
507.95      91.6
507.96      91.3
507.97      92.6
507.98      92.3
507.99      91.3
508.00      90.6
508.01      91.6
508.02      91.8
508.03      91.3
508.04      91.3
508.05      91.1
508.06      91.6
508.07      90.4
508.08      89.9
508.09      90.1
508.10      90.6
508.11      92.1
508.12      91.6
508.13      90.6
508.14      90.4
508.15      90.1
508.16      89.9
508.17      89.9
508.18      90.8
508.19      89.9
508.20      89.9
508.21      89.6
508.22      90.1
508.23      90.4
508.24      90.8
508.25      91.1
508.26      90.1
508.27      90.1
508.28      89.4
508.29      90.4
508.30      91.1
508.31      92.1
508.32      91.6
508.33      91.8
508.34      91.8
508.35      90.8
508.36      90.6
508.37      90.6
508.38      91.3
508.39      91.3
508.40      90.6
508.41      91.1
508.42      90.6
508.43      89.4
508.44      89.4
508.45      90.1
508.46      91.8
508.47      91.8
508.48      90.8
508.49      89.6
508.50      90.4
508.51      90.4
508.52      91.3
508.53      91.1
508.54      90.1
508.55      89.4
508.56      89.1
508.57      88.9
508.58      88.9
508.59      89.4
508.60      90.1
508.61      90.6
508.62      90.6
508.63      90.1
508.64      89.9
508.65      90.6
508.66      90.8
508.67      90.6
508.68      90.4
508.69      90.4
508.70      90.6
508.71      90.8
508.72      91.1
508.73      90.4
508.74      89.1
508.75      87.9
508.76      88.2
508.77      88.2
508.78      88.2
508.79      88.4
508.80      89.1
508.81      89.9
508.82      89.4
508.83      90.4
508.84      89.6
508.85      89.4
508.86      90.8
508.87      90.6
508.88      89.9
508.89      89.6
508.90      89.6
508.91      89.9
508.92      90.4
508.93      90.6
508.94      89.9
508.95      89.6
508.96      89.6
508.97      90.4
508.98      90.1
508.99      88.6
509.00      89.1
509.01      89.1
509.02      90.1
509.03      90.6
509.04      89.9
509.05      90.4
509.06      89.9
509.07      89.4
509.08      88.9
509.09      87.2
509.10      88.2
509.11      88.9
509.12      89.9
509.13      88.9
509.14      88.4
509.15      89.1
509.16      89.9
509.17      89.1
509.18      89.1
509.19      90.1
509.20      90.4
509.21      89.6
509.22      89.6
509.23      88.6
509.24      89.1
509.25      89.4
509.26      89.1
509.27      88.4
509.28      90.1
509.29      89.9
509.30      90.4
509.31      90.4
509.32      89.6
509.33      89.9
509.34      90.1
509.35      89.6
509.36      89.1
509.37      90.1
509.38      89.6
509.39      90.4
509.40      89.4
509.41      90.1
509.42      90.4
509.43      90.1
509.44      90.8
509.45      90.4
509.46      90.1
509.47      89.9
509.48      89.9
509.49      90.4
509.50      89.9
509.51      88.6
509.52      88.4
509.53      88.6
509.54      88.9
509.55      89.4
509.56      88.4
509.57      87.7
509.58      88.2
509.59      88.4
509.60      88.9
509.61      89.1
509.62      89.4
509.63      89.6
509.64      88.6
509.65      88.9
509.66      88.4
509.67      88.2
509.68      88.4
509.69      88.9
509.70      89.6
509.71      89.4
509.72      90.6
509.73      90.4
509.74      91.3
509.75      91.3
509.76      90.8
509.77      90.6
509.78      90.1
509.79      89.9
509.80      89.9
509.81      88.4
509.82      89.9
509.83      91.1
509.84      90.6
509.85      90.4
509.86      89.6
509.87      88.9
509.88      88.9
509.89      88.6
509.90      89.6
509.91      88.2
509.92      89.4
509.93      89.9
509.94      89.6
509.95      90.1
509.96      89.9
509.97      90.1
509.98      89.9
509.99      89.4
510.00      89.1
510.01      88.9
510.02      88.6
510.03      88.4
510.04      88.6
510.05      89.4
510.06      89.1
510.07      89.1
510.08      90.1
510.09      89.6
510.10      89.9
510.11      90.8
510.12      90.8
510.13      91.1
510.14      91.8
510.15      91.3
510.16      90.4
510.17      90.6
510.18      89.6
510.19      90.6
510.20      90.1
510.21      91.1
510.22      90.8
510.23      91.6
510.24      91.1
510.25      90.4
510.26      89.6
510.27      89.6
510.28      88.9
510.29      89.1
510.30      89.1
510.31      89.4
510.32      89.4
510.33      88.9
510.34      89.9
510.35      90.1
510.36      90.8
510.37      90.6
510.38      89.9
510.39      89.1
510.40      89.6
510.41      89.4
510.42      90.1
510.43      89.9
510.44      90.6
510.45      89.9
510.46      90.1
510.47      90.1
510.48      89.4
510.49      89.6
510.50      90.4
510.51      89.9
510.52      88.6
510.53      89.1
510.54      88.9
510.55      88.2
510.56      88.4
510.57      88.9
510.58      89.9
510.59      90.4
510.60      91.3
510.61      91.3
510.62      90.4
510.63      90.6
510.64      90.4
510.65      89.9
510.66      89.9
510.67      89.6
510.68      90.6
510.69      89.9
510.70      88.6
510.71      88.6
510.72      89.1
510.73      88.9
510.74      90.1
510.75      90.6
510.76      91.1
510.77      91.1
510.78      90.4
510.79      91.3
510.80      91.3
510.81      91.6
510.82      91.1
510.83      90.1
510.84      90.8
510.85      90.1
510.86      90.4
510.87      90.8
510.88      91.3
510.89      91.6
510.90      90.6
510.91      89.9
510.92      91.1
510.93      90.6
510.94      90.1
510.95      90.1
510.96      89.9
510.97      90.4
510.98      90.4
510.99      89.6
511.00      89.1
511.01      89.9
511.02      90.8
511.03      90.8
511.04      91.1
511.05      90.8
511.06      90.8
511.07      91.1
511.08      89.4
511.09      89.4
511.10      89.4
511.11      90.1
511.12      89.9
511.13      89.9
511.14      90.4
511.15      90.1
511.16      89.9
511.17      89.4
511.18      90.6
511.19      91.3
511.20      92.1
511.21      92.6
511.22      92.3
511.23      90.8
511.24      91.1
511.25      90.8
511.26      90.1
511.27      91.8
511.28      92.1
511.29      91.1
511.30      89.1
511.31      89.6
511.32      88.9
511.33      88.6
511.34      89.1
511.35      89.1
511.36      89.6
511.37      90.4
511.38      90.8
511.39      90.1
511.40      90.6
511.41      89.9
511.42      90.1
511.43      90.6
511.44      90.6
511.45      90.4
511.46      89.4
511.47      88.9
511.48      89.1
511.49      90.4
511.50      89.6
511.51      88.9
511.52      89.4
511.53      89.9
511.54      90.1
511.55      90.1
511.56      90.1
511.57      90.4
511.58      90.4
511.59      90.1
511.60      90.4
511.61      89.9
511.62      88.9
511.63      89.6
511.64      89.4
511.65      89.1
511.66      89.4
511.67      91.1
511.68      91.6
511.69      91.3
511.70      89.4
511.71      89.6
511.72      89.4
511.73      88.9
511.74      89.1
511.75      89.4
511.76      88.9
511.77      89.6
511.78      90.4
511.79      89.9
511.80      90.4
511.81      91.1
511.82      91.8
511.83      90.1
511.84      90.1
511.85      89.9
511.86      89.6
511.87      90.8
511.88      91.8
511.89      90.4
511.90      91.8
511.91      91.6
511.92      90.4
511.93      90.4
511.94      90.4
511.95      90.6
511.96      91.1
511.97      90.6
511.98      88.6
511.99      88.6
512.00      89.6
512.01      90.8
512.02      91.1
512.03      90.8
512.04      90.4
512.05      90.8
512.06      91.1
512.07      90.4
512.08      89.9
512.09      90.1
512.10      90.4
512.11      90.1
512.12      90.8
512.13      90.8
512.14      89.9
512.15      89.6
512.16      88.2
512.17      89.1
512.18      89.4
512.19      88.4
512.20      89.6
512.21      89.4
512.22      89.6
512.23      90.1
512.24      89.9
512.25      90.4
512.26      90.4
512.27      89.6
512.28      88.6
512.29      88.9
512.30      89.6
512.31      90.4
512.32      90.1
512.33      91.1
512.34      90.4
512.35      89.4
512.36      89.9
512.37      91.1
512.38      89.6
512.39      90.4
512.40      90.1
512.41      90.6
512.42      90.1
512.43      90.8
512.44      90.4
512.45      91.1
512.46      90.8
512.47      91.8
512.48      91.3
512.49      90.4
512.50      90.4
512.51      90.6
512.52      89.4
512.53      88.9
512.54      87.9
512.55      88.9
512.56      89.6
512.57      89.1
512.58      89.6
512.59      88.9
512.60      89.6
512.61      90.1
512.62      91.1
512.63      91.3
512.64      91.6
512.65      91.8
512.66      91.6
512.67      91.8
512.68      91.8
512.69      92.1
512.70      92.1
512.71      91.6
512.72      90.1
512.73      89.9
512.74      89.6
512.75      89.4
512.76      89.4
512.77      89.4
512.78      89.1
512.79      88.9
512.80      89.1
512.81      89.4
512.82      90.1
512.83      89.9
512.84      88.4
512.85      88.9
512.86      89.1
512.87      90.1
512.88      91.1
512.89      91.1
512.90      89.6
512.91      90.1
512.92      89.9
512.93      88.9
512.94      89.9
512.95      90.4
512.96      91.1
512.97      90.6
512.98      89.4
512.99      88.6
513.00      88.6
513.01      89.6
513.02      89.6
513.03      88.9
513.04      88.6
513.05      88.4
513.06      89.4
513.07      91.1
513.08      89.9
513.09      89.9
513.10      89.6
513.11      89.9
513.12      89.6
513.13      89.9
513.14      89.6
513.15      90.1
513.16      89.9
513.17      89.9
513.18      90.6
513.19      90.8
513.20      90.8
513.21      90.1
513.22      89.6
513.23      88.6
513.24      88.4
513.25      87.9
513.26      88.4
513.27      89.6
513.28      89.6
513.29      89.4
513.30      88.9
513.31      88.6
513.32      88.9
513.33      89.4
513.34      90.4
513.35      90.1
513.36      89.1
513.37      88.9
513.38      88.9
513.39      89.1
513.40      89.4
513.41      89.4
513.42      91.1
513.43      91.6
513.44      91.3
513.45      91.1
513.46      90.6
513.47      90.6
513.48      89.4
513.49      89.9
513.50      90.6
513.51      90.4
513.52      88.9
513.53      89.1
513.54      89.4
513.55      88.6
513.56      88.4
513.57      89.9
513.58      89.9
513.59      89.9
513.60      89.9
513.61      90.1
513.62      89.6
513.63      89.1
513.64      89.1
513.65      90.1
513.66      89.6
513.67      89.4
513.68      88.6
513.69      89.1
513.70      89.1
513.71      89.1
513.72      89.1
513.73      88.9
513.74      88.4
513.75      88.2
513.76      88.9
513.77      89.1
513.78      88.9
513.79      87.9
513.80      89.1
513.81      89.6
513.82      89.4
513.83      88.6
513.84      89.1
513.85      89.9
513.86      89.9
513.87      89.6
513.88      89.4
513.89      90.4
513.90      90.4
513.91      90.4
513.92      90.4
513.93      89.1
513.94      88.9
513.95      90.1
513.96      89.4
513.97      89.1
513.98      89.4
513.99      89.9
514.00      89.9
514.01      91.1
514.02      90.6
514.03      90.4
514.04      89.9
514.05      89.4
514.06      89.6
514.07      89.6
514.08      90.4
514.09      90.4
514.10      89.9
514.11      89.9
514.12      90.4
514.13      89.9
514.14      89.4
514.15      89.6
514.16      90.1
514.17      91.6
514.18      91.8
514.19      91.6
514.20      90.8
514.21      89.9
514.22      89.6
514.23      90.1
514.24      90.6
514.25      90.6
514.26      89.4
514.27      89.1
514.28      89.1
514.29      89.4
514.30      88.9
514.31      89.4
514.32      89.1
514.33      88.9
514.34      90.1
514.35      89.1
514.36      89.1
514.37      88.9
514.38      88.4
514.39      89.1
514.40      89.1
514.41      89.6
514.42      89.4
514.43      89.1
514.44      89.4
514.45      89.4
514.46      90.1
514.47      90.6
514.48      90.1
514.49      89.4
514.50      90.6
514.51      91.8
514.52      91.3
514.53      90.1
514.54      90.1
514.55      91.6
514.56      91.3
514.57      91.1
514.58      90.4
514.59      89.9
514.60      90.6
514.61      90.8
514.62      90.1
514.63      89.4
514.64      89.1
514.65      88.6
514.66      89.6
514.67      89.9
514.68      90.8
514.69      89.6
514.70      90.6
514.71      90.6
514.72      90.4
514.73      89.9
514.74      89.9
514.75      89.9
514.76      90.4
514.77      90.4
514.78      91.1
514.79      90.6
514.80      90.4
514.81      90.8
514.82      91.3
514.83      91.1
514.84      91.8
514.85      91.6
514.86      91.3
514.87      91.8
514.88      90.6
514.89      89.6
514.90      89.9
514.91      91.6
514.92      89.9
514.93      89.6
514.94      89.9
514.95      90.1
514.96      89.9
514.97      89.6
514.98      89.6
514.99      89.6
515.00      89.4
515.01      89.6
515.02      89.6
515.03      89.9
515.04      90.1
515.05      89.9
515.06      89.6
515.07      91.1
515.08      90.8
515.09      90.1
515.10      90.1
515.11      90.4
515.12      89.6
515.13      89.1
515.14      88.9
515.15      88.9
515.16      88.2
515.17      88.6
515.18      88.2
515.19      89.6
515.20      89.4
515.21      90.1
515.22      89.4
515.23      89.6
515.24      89.6
515.25      89.9
515.26      90.4
515.27      89.4
515.28      88.4
515.29      88.4
515.30      89.4
515.31      88.4
515.32      88.2
515.33      88.9
515.34      89.4
515.35      90.1
515.36      89.6
515.37      89.4
515.38      88.9
515.39      89.1
515.40      89.6
515.41      89.1
515.42      89.4
515.43      89.9
515.44      90.1
515.45      88.9
515.46      88.6
515.47      89.9
515.48      90.1
515.49      91.3
515.50      91.6
515.51      91.8
515.52      90.8
515.53      90.1
515.54      90.4
515.55      90.6
515.56      91.1
515.57      90.8
515.58      91.1
515.59      92.1
515.60      91.3
515.61      91.3
515.62      91.1
515.63      91.6
515.64      91.6
515.65      91.3
515.66      91.3
515.67      90.6
515.68      90.4
515.69      90.6
515.70      90.6
515.71      90.1
515.72      90.6
515.73      89.4
515.74      89.1
515.75      88.4
515.76      88.2
515.77      88.6
515.78      89.1
515.79      88.9
515.80      89.9
515.81      89.4
515.82      89.4
515.83      89.6
515.84      89.6
515.85      89.4
515.86      88.9
515.87      89.4
515.88      90.6
515.89      90.1
515.90      90.8
515.91      90.8
515.92      91.1
515.93      90.6
515.94      91.1
515.95      90.8
515.96      90.6
515.97      89.6
515.98      90.1
515.99      90.4
516.00      89.9
516.01      90.4
516.02      90.1
516.03      89.9
516.04      88.9
516.05      89.6
516.06      88.6
516.07      88.9
516.08      89.9
516.09      90.1
516.10      90.6
516.11      90.1
516.12      89.4
516.13      90.1
516.14      89.6
516.15      89.1
516.16      89.9
516.17      89.9
516.18      90.1
516.19      89.6
516.20      88.6
516.21      88.6
516.22      87.4
516.23      87.9
516.24      89.1
516.25      90.1
516.26      91.3
516.27      91.6
516.28      90.4
516.29      90.1
516.30      89.9
516.31      89.6
516.32      89.1
516.33      90.6
516.34      90.4
516.35      90.4
516.36      89.6
516.37      89.6
516.38      89.6
516.39      89.1
516.40      88.6
516.41      88.4
516.42      88.9
516.43      88.4
516.44      88.6
516.45      89.9
516.46      90.1
516.47      90.8
516.48      90.4
516.49      89.4
516.50      89.1
516.51      88.9
516.52      88.6
516.53      89.6
516.54      88.9
516.55      88.9
516.56      89.1
516.57      89.1
516.58      89.6
516.59      90.4
516.60      89.9
516.61      90.6
516.62      89.1
516.63      88.6
516.64      89.1
516.65      90.6
516.66      89.9
516.67      89.1
516.68      88.9
516.69      88.9
516.70      89.4
516.71      89.6
516.72      88.9
516.73      89.4
516.74      88.9
516.75      88.4
516.76      88.9
516.77      88.4
516.78      88.6
516.79      89.6
516.80      89.1
516.81      90.4
516.82      89.9
516.83      89.1
516.84      89.1
516.85      88.6
516.86      88.4
516.87      88.4
516.88      88.6
516.89      90.1
516.90      91.3
516.91      91.3
516.92      90.8
516.93      90.4
516.94      90.1
516.95      89.6
516.96      90.8
516.97      90.6
516.98      90.6
516.99      91.1
517.00      91.8
517.01      92.1
517.02      91.8
517.03      91.1
517.04      91.3
517.05      89.9
517.06      89.1
517.07      88.2
517.08      87.9
517.09      87.7
517.10      88.4
517.11      88.9
517.12      88.6
517.13      90.1
517.14      90.4
517.15      90.1
517.16      89.9
517.17      89.6
517.18      89.4
517.19      88.2
517.20      87.9
517.21      88.6
517.22      89.4
517.23      89.6
517.24      90.6
517.25      90.8
517.26      91.1
517.27      90.8
517.28      89.1
517.29      88.9
517.30      90.1
517.31      90.1
517.32      89.9
517.33      89.1
517.34      88.6
517.35      89.6
517.36      89.9
517.37      89.6
517.38      90.4
517.39      91.3
517.40      90.4
517.41      89.1
517.42      88.9
517.43      88.9
517.44      88.6
517.45      88.9
517.46      90.4
517.47      90.6
517.48      91.6
517.49      90.8
517.50      90.6
517.51      90.6
517.52      89.9
517.53      90.4
517.54      90.4
517.55      90.1
517.56      88.9
517.57      88.9
517.58      88.9
517.59      88.4
517.60      88.4
517.61      88.4
517.62      88.2
517.63      88.6
517.64      89.4
517.65      90.1
517.66      90.4
517.67      91.3
517.68      90.6
517.69      90.1
517.70      90.1
517.71      90.1
517.72      89.1
517.73      89.1
517.74      89.9
517.75      89.4
517.76      89.1
517.77      89.4
517.78      91.1
517.79      90.8
517.80      90.1
517.81      90.4
517.82      91.6
517.83      90.8
517.84      90.6
517.85      91.3
517.86      90.1
517.87      89.9
517.88      90.4
517.89      90.1
517.90      88.9
517.91      88.9
517.92      88.6
517.93      88.9
517.94      90.6
517.95      91.6
517.96      91.6
517.97      90.4
517.98      89.6
517.99      89.6
518.00      89.4
518.01      90.1
518.02      89.9
518.03      89.9
518.04      89.4
518.05      89.4
518.06      88.6
518.07      89.6
518.08      90.1
518.09      89.1
518.10      89.6
518.11      90.1
518.12      88.9
518.13      88.4
518.14      88.6
518.15      89.9
518.16      89.1
518.17      87.7
518.18      87.9
518.19      88.6
518.20      88.6
518.21      89.4
518.22      89.6
518.23      89.4
518.24      89.1
518.25      88.2
518.26      88.4
518.27      88.6
518.28      88.6
518.29      88.9
518.30      88.6
518.31      88.6
518.32      88.9
518.33      88.6
518.34      88.9
518.35      89.9
518.36      89.1
518.37      87.7
518.38      88.6
518.39      88.6
518.40      87.9
518.41      88.2
518.42      89.4
518.43      88.4
518.44      89.1
518.45      89.4
518.46      89.9
518.47      90.6
518.48      90.1
518.49      90.1
518.50      90.4
518.51      90.8
518.52      90.8
518.53      91.3
518.54      90.6
518.55      89.9
518.56      90.1
518.57      90.4
518.58      89.6
518.59      89.6
518.60      90.4
518.61      89.4
518.62      90.1
518.63      90.4
518.64      89.9
518.65      90.6
518.66      90.6
518.67      91.1
518.68      90.6
518.69      90.4
518.70      91.1
518.71      90.8
518.72      90.4
518.73      90.1
518.74      89.9
518.75      89.6
518.76      89.6
518.77      88.9
518.78      88.6
518.79      89.1
518.80      88.2
518.81      88.4
518.82      88.6
518.83      88.9
518.84      89.1
518.85      89.9
518.86      89.9
518.87      89.4
518.88      89.9
518.89      89.9
518.90      90.4
518.91      90.4
518.92      90.4
518.93      90.4
518.94      90.1
518.95      89.9
518.96      90.4
518.97      90.6
518.98      90.6
518.99      90.4
519.00      90.4
519.01      90.8
519.02      91.1
519.03      90.8
519.04      90.8
519.05      89.9
519.06      89.6
519.07      89.4
519.08      88.2
519.09      88.4
519.10      88.6
519.11      88.6
519.12      90.4
519.13      90.4
519.14      89.6
519.15      88.9
519.16      89.1
519.17      89.4
519.18      88.6
519.19      88.9
519.20      88.9
519.21      89.6
519.22      90.4
519.23      90.8
519.24      90.8
519.25      91.3
519.26      91.1
519.27      91.1
519.28      90.4
519.29      90.4
519.30      90.1
519.31      89.1
519.32      88.9
519.33      90.4
519.34      89.9
519.35      89.6
519.36      89.1
519.37      90.6
519.38      90.1
519.39      90.6
519.40      90.1
519.41      89.6
519.42      89.4
519.43      90.4
519.44      90.4
519.45      90.1
519.46      89.9
519.47      89.4
519.48      90.1
519.49      91.1
519.50      92.6
519.51      92.1
519.52      91.1
519.53      90.1
519.54      89.9
519.55      90.1
519.56      90.8
519.57      90.8
519.58      90.4
519.59      90.4
519.60      90.8
519.61      90.6
519.62      90.6
519.63      89.9
519.64      90.4
519.65      91.1
519.66      91.3
519.67      89.9
519.68      90.1
519.69      90.8
519.70      89.1
519.71      89.1
519.72      89.4
519.73      88.9
519.74      88.6
519.75      89.4
519.76      90.1
519.77      90.8
519.78      91.1
519.79      91.1
519.80      90.8
519.81      91.3
519.82      91.1
519.83      90.8
519.84      90.1
519.85      90.6
519.86      91.6
519.87      91.6
519.88      90.6
519.89      90.4
519.90      90.4
519.91      90.6
519.92      91.1
519.93      90.1
519.94      90.1
519.95      90.6
519.96      90.1
519.97      89.9
519.98      90.1
519.99      90.4
520.00      89.9
520.01      90.4
520.02      90.4
520.03      89.4
520.04      89.9
520.05      90.1
520.06      90.8
520.07      91.1
520.08      90.8
520.09      90.8
520.10      90.8
520.11      90.8
520.12      91.6
520.13      90.4
520.14      91.3
520.15      91.8
520.16      91.6
520.17      91.3
520.18      91.1
520.19      91.8
520.20      90.8
520.21      89.9
520.22      89.1
520.23      88.9
520.24      90.6
520.25      91.6
520.26      91.3
520.27      91.1
520.28      90.1
520.29      90.6
520.30      90.4
520.31      89.9
520.32      89.4
520.33      88.9
520.34      89.4
520.35      89.4
520.36      89.6
520.37      89.6
520.38      89.1
520.39      88.9
520.40      88.6
520.41      87.9
520.42      87.9
520.43      87.9
520.44      87.7
520.45      88.2
520.46      88.2
520.47      87.9
520.48      88.6
520.49      90.4
520.50      90.1
520.51      89.1
520.52      90.1
520.53      89.4
520.54      89.6
520.55      89.9
520.56      88.9
520.57      89.1
520.58      89.4
520.59      89.4
520.60      88.4
520.61      88.9
520.62      88.6
520.63      88.6
520.64      88.4
520.65      89.1
520.66      88.6
520.67      89.4
520.68      90.1
520.69      90.4
520.70      90.4
520.71      90.4
520.72      90.1
520.73      89.9
520.74      89.6
520.75      89.4
520.76      89.6
520.77      90.4
520.78      89.9
520.79      89.9
520.80      90.4
520.81      90.1
520.82      90.1
520.83      90.6
520.84      90.6
520.85      90.1
520.86      90.4
520.87      89.6
520.88      88.9
520.89      89.1
520.90      88.6
520.91      89.4
520.92      88.4
520.93      88.4
520.94      89.4
520.95      90.8
520.96      90.6
520.97      89.9
520.98      88.9
520.99      88.6
521.00      88.6
521.01      87.4
521.02      88.4
521.03      88.4
521.04      88.9
521.05      88.6
521.06      88.6
521.07      89.6
521.08      89.9
521.09      89.6
521.10      89.1
521.11      89.4
521.12      90.4
521.13      90.4
521.14      90.6
521.15      90.4
521.16      89.4
521.17      90.4
521.18      90.4
521.19      89.1
521.20      90.1
521.21      90.6
521.22      89.9
521.23      89.4
521.24      89.6
521.25      90.1
521.26      88.6
521.27      89.9
521.28      89.9
521.29      90.1
521.30      90.6
521.31      90.8
521.32      91.1
521.33      92.1
521.34      90.8
521.35      91.3
521.36      91.6
521.37      90.6
521.38      90.8
521.39      91.3
521.40      90.8
521.41      91.3
521.42      90.1
521.43      89.6
521.44      90.1
521.45      90.8
521.46      90.6
521.47      89.6
521.48      89.4
521.49      89.9
521.50      90.4
521.51      90.4
521.52      90.1
521.53      89.9
521.54      89.9
521.55      90.4
521.56      89.1
521.57      89.6
521.58      89.9
521.59      89.4
521.60      88.4
521.61      88.6
521.62      89.9
521.63      89.6
521.64      89.4
521.65      89.1
521.66      89.6
521.67      89.4
521.68      89.4
521.69      89.1
521.70      88.9
521.71      89.4
521.72      89.6
521.73      89.1
521.74      89.1
521.75      89.1
521.76      89.4
521.77      89.6
521.78      89.1
521.79      88.9
521.80      89.4
521.81      88.9
521.82      87.7
521.83      87.4
521.84      88.6
521.85      89.1
521.86      90.4
521.87      90.6
521.88      89.4
521.89      90.6
521.90      89.4
521.91      88.4
521.92      87.9
521.93      88.9
521.94      89.1
521.95      88.9
521.96      89.6
521.97      88.9
521.98      88.9
521.99      89.4
522.00      90.1
522.01      89.6
522.02      89.1
522.03      89.4
522.04      88.6
522.05      89.4
522.06      89.6
522.07      89.4
522.08      90.4
522.09      90.8
522.10      90.6
522.11      89.9
522.12      90.1
522.13      90.1
522.14      90.1
522.15      89.1
522.16      89.4
522.17      90.1
522.18      89.9
522.19      88.9
522.20      89.1
522.21      90.4
522.22      90.6
522.23      88.9
522.24      89.6
522.25      90.4
522.26      90.1
522.27      89.9
522.28      90.1
522.29      90.4
522.30      89.1
522.31      88.4
522.32      88.6
522.33      88.9
522.34      89.1
522.35      89.4
522.36      89.9
522.37      89.4
522.38      88.4
522.39      88.9
522.40      88.9
522.41      88.6
522.42      88.4
522.43      88.6
522.44      89.6
522.45      89.4
522.46      88.9
522.47      89.1
522.48      90.1
522.49      89.4
522.50      89.1
522.51      87.9
522.52      87.2
522.53      88.2
522.54      89.6
522.55      90.4
522.56      90.1
522.57      90.1
522.58      89.4
522.59      89.1
522.60      89.6
522.61      88.6
522.62      88.6
522.63      88.4
522.64      87.2
522.65      87.4
522.66      87.2
522.67      87.2
522.68      88.4
522.69      88.6
522.70      88.2
522.71      88.2
522.72      87.9
522.73      89.1
522.74      88.6
522.75      88.6
522.76      87.2
522.77      87.7
522.78      89.1
522.79      88.9
522.80      89.1
522.81      89.6
522.82      89.4
522.83      90.4
522.84      90.1
522.85      89.1
522.86      88.9
522.87      90.4
522.88      89.6
522.89      91.6
522.90      91.3
522.91      90.8
522.92      90.1
522.93      89.9
522.94      90.1
522.95      90.1
522.96      89.4
522.97      89.4
522.98      89.6
522.99      89.4
523.00      90.1
523.01      89.6
523.02      90.6
523.03      90.4
523.04      89.6
523.05      88.9
523.06      88.4
523.07      88.9
523.08      88.2
523.09      89.6
523.10      88.9
523.11      89.1
523.12      89.1
523.13      89.6
523.14      90.1
523.15      89.9
523.16      89.9
523.17      89.9
523.18      90.1
523.19      89.4
523.20      89.6
523.21      90.1
523.22      91.1
523.23      90.6
523.24      89.9
523.25      90.6
523.26      90.4
523.27      89.1
523.28      89.4
523.29      89.9
523.30      90.4
523.31      90.8
523.32      89.6
523.33      89.9
523.34      89.9
523.35      89.4
523.36      89.1
523.37      89.6
523.38      90.4
523.39      91.1
523.40      90.4
523.41      89.4
523.42      89.4
523.43      88.9
523.44      88.4
523.45      87.9
523.46      88.4
523.47      87.7
523.48      87.7
523.49      88.4
523.50      88.6
523.51      89.6
523.52      89.4
523.53      88.9
523.54      87.4
523.55      87.7
523.56      88.2
523.57      89.1
523.58      89.4
523.59      90.8
523.60      90.1
523.61      89.4
523.62      89.4
523.63      88.6
523.64      88.6
523.65      89.6
523.66      89.1
523.67      88.4
523.68      88.9
523.69      88.6
523.70      88.2
523.71      88.2
523.72      87.7
523.73      88.2
523.74      89.6
523.75      90.1
523.76      90.8
523.77      90.4
523.78      90.1
523.79      90.1
523.80      89.9
523.81      89.4
523.82      88.6
523.83      88.2
523.84      88.6
523.85      89.1
523.86      89.9
523.87      89.4
523.88      88.6
523.89      88.6
523.90      89.4
523.91      89.4
523.92      88.9
523.93      88.9
523.94      89.6
523.95      89.9
523.96      88.9
523.97      88.9
523.98      89.1
523.99      88.9
524.00      88.9
524.01      87.7
524.02      88.2
524.03      88.2
524.04      88.9
524.05      89.4
524.06      88.6
524.07      88.6
524.08      89.1
524.09      88.6
524.10      89.1
524.11      89.9
524.12      90.6
524.13      89.1
524.14      88.6
524.15      88.9
524.16      89.1
524.17      90.4
524.18      90.1
524.19      89.9
524.20      89.6
524.21      88.9
524.22      88.9
524.23      89.9
524.24      90.4
524.25      89.6
524.26      89.4
524.27      89.1
524.28      89.4
524.29      89.4
524.30      88.6
524.31      88.9
524.32      90.1
524.33      90.4
524.34      90.1
524.35      91.6
524.36      91.1
524.37      90.6
524.38      89.4
524.39      88.9
524.40      88.6
524.41      87.9
524.42      88.2
524.43      88.6
524.44      88.9
524.45      88.6
524.46      88.2
524.47      88.6
524.48      89.1
524.49      90.1
524.50      89.6
524.51      89.6
524.52      89.1
524.53      88.9
524.54      88.6
524.55      89.4
524.56      90.1
524.57      89.4
524.58      90.1
524.59      89.6
524.60      89.6
524.61      89.9
524.62      89.6
524.63      90.4
524.64      89.6
524.65      89.9
524.66      89.9
524.67      89.6
524.68      89.6
524.69      89.6
524.70      88.6
524.71      89.1
524.72      89.6
524.73      88.2
524.74      88.2
524.75      88.2
524.76      89.4
524.77      89.1
524.78      88.2
524.79      88.4
524.80      88.4
524.81      89.1
524.82      89.6
524.83      90.4
524.84      89.1
524.85      89.4
524.86      89.9
524.87      91.1
524.88      89.4
524.89      88.6
524.90      88.4
524.91      88.6
524.92      89.6
524.93      89.6
524.94      89.6
524.95      89.4
524.96      90.4
524.97      90.4
524.98      90.1
524.99      88.9
525.00      89.4
525.01      89.1
525.02      88.6
525.03      89.4
525.04      88.9
525.05      89.4
525.06      90.1
525.07      88.9
525.08      88.9
525.09      87.7
525.10      88.2
525.11      88.9
525.12      89.6
525.13      88.6
525.14      88.2
525.15      88.6
525.16      89.4
525.17      90.1
525.18      90.1
525.19      89.1
525.20      90.1
525.21      89.4
525.22      88.6
525.23      88.9
525.24      88.6
525.25      89.6
525.26      90.6
525.27      91.3
525.28      91.3
525.29      89.9
525.30      90.1
525.31      90.8
525.32      90.6
525.33      89.1
525.34      88.9
525.35      88.6
525.36      87.9
525.37      89.4
525.38      89.6
525.39      88.9
525.40      88.2
525.41      88.2
525.42      88.6
525.43      90.4
525.44      90.6
525.45      90.8
525.46      90.4
525.47      91.3
525.48      92.1
525.49      91.6
525.50      91.3
525.51      90.4
525.52      89.9
525.53      89.6
525.54      89.9
525.55      89.6
525.56      89.4
525.57      89.1
525.58      89.1
525.59      88.6
525.60      88.6
525.61      88.9
525.62      89.9
525.63      90.1
525.64      90.6
525.65      90.1
525.66      89.6
525.67      90.1
525.68      89.6
525.69      89.4
525.70      88.6
525.71      88.2
525.72      88.9
525.73      88.6
525.74      89.6
525.75      89.4
525.76      88.9
525.77      89.4
525.78      89.9
525.79      90.1
525.80      90.1
525.81      89.9
525.82      89.4
525.83      90.4
525.84      90.1
525.85      90.1
525.86      89.4
525.87      89.6
525.88      90.4
525.89      90.4
525.90      89.6
525.91      89.9
525.92      89.6
525.93      89.6
525.94      89.1
525.95      89.9
525.96      90.4
525.97      90.6
525.98      91.1
525.99      90.4
526.00      89.6
526.01      89.6
526.02      90.1
526.03      90.1
526.04      90.1
526.05      90.8
526.06      91.6
526.07      90.8
526.08      89.9
526.09      89.9
526.10      89.4
526.11      89.6
526.12      88.4
526.13      88.2
526.14      88.4
526.15      88.2
526.16      88.2
526.17      88.9
526.18      89.1
526.19      90.6
526.20      91.8
526.21      91.6
526.22      91.3
526.23      91.3
526.24      90.1
526.25      90.4
526.26      90.1
526.27      89.6
526.28      90.4
526.29      90.8
526.30      90.1
526.31      89.4
526.32      88.6
526.33      89.9
526.34      90.8
526.35      89.9
526.36      89.4
526.37      89.9
526.38      90.4
526.39      90.8
526.40      90.6
526.41      91.3
526.42      91.1
526.43      91.8
526.44      91.3
526.45      89.9
526.46      89.1
526.47      89.4
526.48      89.9
526.49      90.4
526.50      89.1
526.51      88.9
526.52      88.9
526.53      89.6
526.54      90.1
526.55      90.6
526.56      91.1
526.57      90.6
526.58      90.4
526.59      90.8
526.60      90.8
526.61      90.6
526.62      89.9
526.63      89.1
526.64      88.9
526.65      89.6
526.66      89.6
526.67      87.9
526.68      88.6
526.69      88.4
526.70      89.1
526.71      88.6
526.72      89.1
526.73      90.4
526.74      90.6
526.75      89.6
526.76      89.4
526.77      89.1
526.78      88.2
526.79      88.6
526.80      88.4
526.81      88.4
526.82      89.6
526.83      90.6
526.84      91.3
526.85      91.3
526.86      91.8
526.87      91.3
526.88      90.8
526.89      90.4
526.90      88.9
526.91      88.9
526.92      88.9
526.93      89.9
526.94      90.4
526.95      89.6
526.96      89.4
526.97      89.4
526.98      89.6
526.99      89.4
527.00      89.9
527.01      90.6
527.02      90.4
527.03      90.1
527.04      91.1
527.05      91.8
527.06      91.8
527.07      91.6
527.08      91.1
527.09      91.6
527.10      92.3
527.11      92.1
527.12      91.1
527.13      90.6
527.14      91.1
527.15      91.3
527.16      90.8
527.17      91.1
527.18      90.6
527.19      90.4
527.20      89.6
527.21      90.1
527.22      89.4
527.23      88.9
527.24      88.9
527.25      88.9
527.26      89.4
527.27      90.4
527.28      91.6
527.29      91.1
527.30      89.1
527.31      88.9
527.32      88.6
527.33      89.1
527.34      89.1
527.35      89.4
527.36      88.4
527.37      87.4
527.38      87.9
527.39      87.9
527.40      87.9
527.41      88.9
527.42      88.4
527.43      88.2
527.44      88.4
527.45      89.4
527.46      90.8
527.47      90.4
527.48      90.1
527.49      91.1
527.50      90.1
527.51      89.9
527.52      90.6
527.53      90.6
527.54      90.6
527.55      89.9
527.56      89.4
527.57      88.6
527.58      88.9
527.59      88.9
527.60      88.6
527.61      88.6
527.62      89.1
527.63      89.9
527.64      89.9
527.65      89.6
527.66      90.6
527.67      89.6
527.68      90.6
527.69      90.6
527.70      90.4
527.71      89.4
527.72      89.1
527.73      88.6
527.74      88.2
527.75      88.9
527.76      88.9
527.77      89.4
527.78      89.6
527.79      89.6
527.80      89.9
527.81      89.9
527.82      89.4
527.83      89.1
527.84      89.6
527.85      90.6
527.86      90.6
527.87      89.6
527.88      90.4
527.89      88.9
527.90      88.2
527.91      88.9
527.92      89.1
527.93      88.6
527.94      88.4
527.95      89.1
527.96      88.9
527.97      88.4
527.98      88.6
527.99      88.9
528.00      87.4
528.01      88.2
528.02      88.4
528.03      88.6
528.04      88.9
528.05      89.1
528.06      88.4
528.07      88.6
528.08      88.2
528.09      87.7
528.10      88.2
528.11      88.6
528.12      89.6
528.13      89.9
528.14      89.9
528.15      89.6
528.16      88.2
528.17      89.1
528.18      88.9
528.19      88.4
528.20      89.1
528.21      88.4
528.22      89.1
528.23      89.6
528.24      88.9
528.25      90.1
528.26      89.9
528.27      89.1
528.28      89.6
528.29      91.1
528.30      91.3
528.31      91.6
528.32      91.1
528.33      91.6
528.34      90.6
528.35      89.9
528.36      89.6
528.37      90.6
528.38      90.1
528.39      89.6
528.40      89.4
528.41      88.9
528.42      88.4
528.43      88.9
528.44      89.6
528.45      89.1
528.46      89.1
528.47      89.4
528.48      89.1
528.49      89.1
528.50      89.1
528.51      88.2
528.52      88.9
528.53      88.9
528.54      88.6
528.55      88.4
528.56      88.4
528.57      89.1
528.58      89.1
528.59      89.6
528.60      90.1
528.61      89.1
528.62      88.9
528.63      87.4
528.64      88.2
528.65      88.2
528.66      88.6
528.67      89.6
528.68      88.2
528.69      87.7
528.70      88.2
528.71      88.4
528.72      87.7
528.73      88.6
528.74      89.6
528.75      89.4
528.76      89.4
528.77      90.1
528.78      89.4
528.79      89.6
528.80      89.1
528.81      88.4
528.82      88.6
528.83      88.9
528.84      89.6
528.85      88.9
528.86      89.9
528.87      89.1
528.88      87.9
528.89      87.9
528.90      88.4
528.91      87.9
528.92      87.4
528.93      87.4
528.94      88.2
528.95      89.9
528.96      90.1
528.97      90.4
528.98      90.1
528.99      89.9
529.00      89.9
529.01      88.9
529.02      88.6
529.03      89.9
529.04      90.6
529.05      90.1
529.06      90.8
529.07      90.1
529.08      90.1
529.09      90.6
529.10      89.9
529.11      90.4
529.12      90.8
529.13      90.1
529.14      91.1
529.15      90.8
529.16      89.4
529.17      89.1
529.18      89.9
529.19      90.1
529.20      89.4
529.21      87.9
529.22      88.4
529.23      87.9
529.24      87.7
529.25      88.4
529.26      88.9
529.27      88.2
529.28      87.7
529.29      88.9
529.30      89.1
529.31      88.2
529.32      88.9
529.33      87.7
529.34      88.6
529.35      88.9
529.36      88.9
529.37      88.2
529.38      88.2
529.39      89.4
529.40      89.1
529.41      90.4
529.42      88.9
529.43      88.6
529.44      88.4
529.45      88.6
529.46      88.9
529.47      89.6
529.48      88.9
529.49      89.4
529.50      89.4
529.51      88.6
529.52      88.4
529.53      88.6
529.54      89.4
529.55      90.4
529.56      90.6
529.57      89.6
529.58      88.4
529.59      87.9
529.60      87.2
529.61      87.7
529.62      87.9
529.63      88.6
529.64      88.6
529.65      89.4
529.66      89.1
529.67      89.4
529.68      90.1
529.69      89.4
529.70      89.1
529.71      88.6
529.72      89.1
529.73      88.4
529.74      88.4
529.75      88.4
529.76      87.9
529.77      87.2
529.78      88.2
529.79      89.1
529.80      90.1
529.81      89.9
529.82      88.9
529.83      87.2
529.84      87.7
529.85      89.6
529.86      89.1
529.87      89.4
529.88      89.1
529.89      88.6
529.90      90.1
529.91      89.6
529.92      90.4
529.93      89.4
529.94      90.1
529.95      90.4
529.96      88.9
529.97      89.9
529.98      90.6
529.99      89.1
530.00      89.4
530.01      89.1
530.02      89.1
530.03      89.6
530.04      89.9
530.05      89.4
530.06      88.6
530.07      88.2
530.08      87.9
530.09      88.6
530.10      88.9
530.11      89.9
530.12      89.1
530.13      88.9
530.14      88.4
530.15      88.9
530.16      89.4
530.17      89.6
530.18      90.6
530.19      91.6
530.20      91.8
530.21      91.1
530.22      90.1
530.23      90.6
530.24      90.6
530.25      90.6
530.26      90.1
530.27      90.4
530.28      89.6
530.29      89.4
530.30      89.6
530.31      88.9
530.32      89.6
530.33      89.1
530.34      89.9
530.35      89.6
530.36      89.6
530.37      88.6
530.38      88.6
530.39      88.9
530.40      88.2
530.41      88.2
530.42      89.4
530.43      89.6
530.44      89.9
530.45      90.1
530.46      88.9
530.47      88.9
530.48      88.6
530.49      89.1
530.50      88.6
530.51      88.6
530.52      88.6
530.53      88.4
530.54      88.9
530.55      89.4
530.56      89.6
530.57      89.4
530.58      89.6
530.59      90.6
530.60      89.4
530.61      89.6
530.62      89.9
530.63      89.9
530.64      90.6
530.65      90.6
530.66      89.6
530.67      90.8
530.68      90.4
530.69      90.1
530.70      89.9
530.71      89.6
530.72      89.1
530.73      88.6
530.74      89.6
530.75      90.6
530.76      90.4
530.77      90.1
530.78      89.6
530.79      89.9
530.80      88.9
530.81      88.6
530.82      88.9
530.83      89.4
530.84      88.9
530.85      87.9
530.86      88.6
530.87      88.9
530.88      88.2
530.89      88.4
530.90      89.6
530.91      89.1
530.92      88.4
530.93      89.4
530.94      89.4
530.95      89.1
530.96      90.1
530.97      90.6
530.98      90.6
530.99      89.1
531.00      88.4
531.01      88.9
531.02      88.9
531.03      90.4
531.04      90.6
531.05      90.8
531.06      91.8
531.07      91.6
531.08      90.8
531.09      89.9
531.10      87.7
531.11      87.9
531.12      88.9
531.13      89.1
531.14      88.4
531.15      88.9
531.16      89.4
531.17      89.4
531.18      89.4
531.19      88.9
531.20      89.6
531.21      90.1
531.22      89.4
531.23      89.1
531.24      89.1
531.25      88.4
531.26      87.9
531.27      87.7
531.28      87.4
531.29      88.4
531.30      89.6
531.31      89.1
531.32      88.9
531.33      88.2
531.34      88.4
531.35      88.2
531.36      89.6
531.37      89.9
531.38      89.6
531.39      89.1
531.40      88.9
531.41      89.1
531.42      89.6
531.43      89.6
531.44      89.4
531.45      88.9
531.46      88.9
531.47      88.6
531.48      88.4
531.49      89.1
531.50      89.1
531.51      89.6
531.52      90.1
531.53      89.6
531.54      89.6
531.55      90.6
531.56      89.4
531.57      88.6
531.58      89.1
531.59      88.6
531.60      88.4
531.61      88.6
531.62      89.1
531.63      89.6
531.64      89.6
531.65      89.9
531.66      90.4
531.67      90.4
531.68      89.6
531.69      88.9
531.70      89.4
531.71      89.1
531.72      89.9
531.73      90.6
531.74      91.6
531.75      90.4
531.76      89.4
531.77      89.1
531.78      88.6
531.79      88.4
531.80      88.2
531.81      88.2
531.82      89.6
531.83      89.4
531.84      88.6
531.85      89.4
531.86      88.9
531.87      89.4
531.88      89.1
531.89      89.6
531.90      89.9
531.91      89.6
531.92      88.4
531.93      88.6
531.94      89.6
531.95      89.6
531.96      89.4
531.97      88.6
531.98      90.1
531.99      90.4
532.00      89.9
532.01      87.9
532.02      87.7
532.03      87.9
532.04      87.7
532.05      87.7
532.06      88.6
532.07      88.2
532.08      88.9
532.09      89.6
532.10      88.9
532.11      87.7
532.12      88.6
532.13      89.1
532.14      89.6
532.15      91.1
532.16      90.4
532.17      89.9
532.18      88.9
532.19      88.9
532.20      88.4
532.21      89.4
532.22      89.9
532.23      90.4
532.24      90.4
532.25      89.4
532.26      89.4
532.27      88.6
532.28      89.6
532.29      89.6
532.30      89.9
532.31      89.9
532.32      89.9
532.33      89.4
532.34      89.4
532.35      90.4
532.36      90.6
532.37      89.9
532.38      89.6
532.39      90.1
532.40      91.1
532.41      90.6
532.42      90.4
532.43      90.4
532.44      90.4
532.45      91.1
532.46      89.6
532.47      90.1
532.48      90.1
532.49      90.1
532.50      89.6
532.51      88.9
532.52      89.9
532.53      88.9
532.54      88.6
532.55      88.4
532.56      88.6
532.57      89.1
532.58      88.2
532.59      88.6
532.60      89.9
532.61      89.1
532.62      90.4
532.63      90.6
532.64      90.6
532.65      89.6
532.66      89.4
532.67      89.4
532.68      89.4
532.69      88.6
532.70      88.6
532.71      89.1
532.72      89.4
532.73      89.6
532.74      90.6
532.75      89.9
532.76      89.1
532.77      89.4
532.78      89.1
532.79      89.9
532.80      89.1
532.81      89.9
532.82      89.4
532.83      88.6
532.84      88.9
532.85      89.9
532.86      90.1
532.87      90.8
532.88      90.8
532.89      90.1
532.90      90.4
532.91      90.6
532.92      89.1
532.93      88.6
532.94      88.6
532.95      88.6
532.96      88.9
532.97      88.9
532.98      89.6
532.99      90.1
533.00      89.6
533.01      88.9
533.02      88.6
533.03      88.6
533.04      88.9
533.05      88.4
533.06      88.2
533.07      88.4
533.08      88.4
533.09      88.2
533.10      88.9
533.11      88.9
533.12      88.6
533.13      89.1
533.14      90.1
533.15      89.9
533.16      89.6
533.17      89.1
533.18      89.4
533.19      88.6
533.20      90.1
533.21      89.9
533.22      91.1
533.23      90.8
533.24      90.1
533.25      90.6
533.26      90.1
533.27      90.1
533.28      89.9
533.29      90.1
533.30      90.8
533.31      91.1
533.32      90.6
533.33      91.8
533.34      92.1
533.35      90.1
533.36      89.9
533.37      90.8
533.38      89.9
533.39      88.9
533.40      89.9
533.41      89.1
533.42      88.9
533.43      89.9
533.44      90.6
533.45      91.1
533.46      91.3
533.47      90.1
533.48      89.9
533.49      89.9
533.50      90.4
533.51      90.6
533.52      89.4
533.53      89.4
533.54      90.1
533.55      90.4
533.56      90.1
533.57      90.6
533.58      89.6
533.59      89.1
533.60      89.4
533.61      89.6
533.62      89.9
533.63      89.6
533.64      88.6
533.65      89.1
533.66      88.4
533.67      88.6
533.68      88.2
533.69      88.4
533.70      89.1
533.71      88.4
533.72      88.6
533.73      88.9
533.74      89.1
533.75      89.1
533.76      89.4
533.77      89.4
533.78      89.1
533.79      89.4
533.80      90.1
533.81      89.4
533.82      89.1
533.83      90.4
533.84      89.9
533.85      90.4
533.86      89.4
533.87      89.4
533.88      89.6
533.89      89.9
533.90      88.6
533.91      88.6
533.92      87.9
533.93      87.7
533.94      87.9
533.95      88.9
533.96      88.4
533.97      89.1
533.98      88.6
533.99      89.9
534.00      89.6
534.01      89.4
534.02      89.4
534.03      89.6
534.04      89.1
534.05      88.6
534.06      87.9
534.07      88.6
534.08      88.9
534.09      88.9
534.10      89.1
534.11      89.9
534.12      90.8
534.13      89.9
534.14      90.4
534.15      88.9
534.16      89.1
534.17      89.6
534.18      89.9
534.19      88.6
534.20      88.6
534.21      88.6
534.22      89.6
534.23      90.1
534.24      88.9
534.25      89.6
534.26      90.4
534.27      90.4
534.28      89.4
534.29      88.4
534.30      89.1
534.31      89.4
534.32      89.9
534.33      88.6
534.34      88.6
534.35      89.6
534.36      89.9
534.37      89.1
534.38      88.6
534.39      89.1
534.40      88.6
534.41      88.6
534.42      89.4
534.43      90.1
534.44      89.4
534.45      89.9
534.46      88.9
534.47      88.9
534.48      89.6
534.49      90.6
534.50      90.4
534.51      90.4
534.52      89.4
534.53      90.1
534.54      90.6
534.55      90.4
534.56      90.1
534.57      90.4
534.58      89.9
534.59      88.4
534.60      87.4
534.61      87.7
534.62      87.2
534.63      88.2
534.64      89.4
534.65      89.1
534.66      88.4
534.67      87.4
534.68      87.2
534.69      87.9
534.70      89.1
534.71      88.6
534.72      87.9
534.73      88.6
534.74      87.9
534.75      88.4
534.76      88.9
534.77      88.6
534.78      89.4
534.79      89.6
534.80      89.6
534.81      89.4
534.82      89.1
534.83      89.4
534.84      88.9
534.85      88.4
534.86      87.7
534.87      87.4
534.88      87.4
534.89      88.6
534.90      87.9
534.91      88.6
534.92      90.6
534.93      91.1
534.94      90.4
534.95      91.1
534.96      91.6
534.97      92.1
534.98      91.1
534.99      90.4
535.00      89.4
535.01      89.6
535.02      89.6
535.03      90.1
535.04      90.4
535.05      91.3
535.06      90.4
535.07      89.9
535.08      90.4
535.09      90.1
535.10      90.1
535.11      89.4
535.12      89.1
535.13      89.1
535.14      87.7
535.15      87.7
535.16      88.4
535.17      89.1
535.18      89.9
535.19      90.4
535.20      89.4
535.21      89.6
535.22      89.9
535.23      89.9
535.24      89.1
535.25      88.9
535.26      89.6
535.27      89.1
535.28      89.1
535.29      89.1
535.30      88.4
535.31      89.1
535.32      89.6
535.33      89.9
535.34      90.1
535.35      88.9
535.36      90.1
535.37      91.1
535.38      90.1
535.39      89.4
535.40      88.4
535.41      88.4
535.42      88.4
535.43      87.9
535.44      88.6
535.45      88.6
535.46      90.4
535.47      90.4
535.48      90.4
535.49      90.6
535.50      90.1
535.51      91.1
535.52      89.9
535.53      89.9
535.54      90.1
535.55      89.9
535.56      90.1
535.57      88.9
535.58      89.4
535.59      89.9
535.60      89.1
535.61      89.4
535.62      89.1
535.63      89.1
535.64      89.1
535.65      88.9
535.66      90.1
535.67      90.8
535.68      90.8
535.69      90.6
535.70      89.6
535.71      88.6
535.72      89.4
535.73      89.4
535.74      89.1
535.75      89.6
535.76      89.6
535.77      89.9
535.78      89.6
535.79      90.4
535.80      89.4
535.81      89.6
535.82      89.9
535.83      89.1
535.84      88.4
535.85      87.9
535.86      88.9
535.87      88.9
535.88      88.9
535.89      89.9
535.90      89.4
535.91      89.6
535.92      89.4
535.93      89.1
535.94      88.9
535.95      87.7
535.96      88.2
535.97      88.6
535.98      89.1
535.99      87.9
536.00      87.4
536.01      88.4
536.02      87.7
536.03      88.6
536.04      88.9
536.05      88.6
536.06      89.6
536.07      89.9
536.08      89.1
536.09      88.9
536.10      89.1
536.11      89.6
536.12      89.9
536.13      90.4
536.14      91.1
536.15      90.4
536.16      90.4
536.17      88.6
536.18      89.4
536.19      89.4
536.20      89.1
536.21      89.4
536.22      89.9
536.23      89.1
536.24      88.6
536.25      88.4
536.26      88.4
536.27      88.6
536.28      89.1
536.29      88.9
536.30      88.2
536.31      89.6
536.32      89.4
536.33      89.4
536.34      89.6
536.35      89.9
536.36      89.9
536.37      90.1
536.38      90.8
536.39      90.8
536.40      90.4
536.41      89.9
536.42      89.9
536.43      89.6
536.44      89.6
536.45      89.6
536.46      89.4
536.47      90.1
536.48      89.9
536.49      90.4
536.50      90.4
536.51      91.1
536.52      90.4
536.53      89.4
536.54      88.6
536.55      89.1
536.56      90.1
536.57      90.6
536.58      89.4
536.59      89.6
536.60      89.6
536.61      89.1
536.62      89.9
536.63      90.1
536.64      89.9
536.65      90.4
536.66      90.4
536.67      89.6
536.68      88.9
536.69      88.9
536.70      89.6
536.71      89.9
536.72      88.9
536.73      89.1
536.74      88.9
536.75      88.6
536.76      89.4
536.77      88.9
536.78      88.4
536.79      87.7
536.80      88.2
536.81      88.6
536.82      88.4
536.83      89.4
536.84      89.6
536.85      87.9
536.86      88.4
536.87      89.6
536.88      89.6
536.89      88.4
536.90      88.6
536.91      89.1
536.92      89.4
536.93      88.6
536.94      88.2
536.95      90.1
536.96      90.8
536.97      90.6
536.98      89.9
536.99      89.6
537.00      89.4
537.01      88.9
537.02      87.7
537.03      87.9
537.04      88.6
537.05      89.1
537.06      89.4
537.07      89.4
537.08      90.4
537.09      91.1
537.10      90.1
537.11      89.1
537.12      89.1
537.13      89.6
537.14      89.4
537.15      89.1
537.16      89.4
537.17      90.1
537.18      90.1
537.19      88.6
537.20      88.6
537.21      89.4
537.22      89.1
537.23      89.4
537.24      88.4
537.25      89.6
537.26      89.9
537.27      90.1
537.28      89.9
537.29      90.1
537.30      90.1
537.31      89.4
537.32      90.1
537.33      89.9
537.34      89.4
537.35      89.6
537.36      90.4
537.37      89.6
537.38      89.9
537.39      89.9
537.40      88.9
537.41      88.4
537.42      88.4
537.43      87.9
537.44      88.4
537.45      89.1
537.46      89.9
537.47      90.1
537.48      90.1
537.49      90.8
537.50      90.8
537.51      90.1
537.52      89.4
537.53      89.1
537.54      89.4
537.55      89.1
537.56      89.1
537.57      90.4
537.58      90.6
537.59      90.8
537.60      90.1
537.61      90.1
537.62      89.1
537.63      89.6
537.64      90.1
537.65      90.6
537.66      90.6
537.67      90.4
537.68      90.6
537.69      90.1
537.70      89.9
537.71      89.9
537.72      89.6
537.73      89.9
537.74      89.4
537.75      89.4
537.76      88.4
537.77      88.2
537.78      88.6
537.79      89.6
537.80      89.6
537.81      89.4
537.82      89.4
537.83      88.4
537.84      89.6
537.85      90.6
537.86      90.4
537.87      90.6
537.88      89.6
537.89      88.4
537.90      87.9
537.91      87.9
537.92      87.4
537.93      87.7
537.94      87.9
537.95      88.4
537.96      87.4
537.97      87.2
537.98      87.7
537.99      89.1
538.00      89.6
538.01      89.4
538.02      90.1
538.03      90.1
538.04      90.1
538.05      90.1
538.06      90.6
538.07      90.6
538.08      90.8
538.09      90.4
538.10      90.6
538.11      90.8
538.12      91.3
538.13      90.1
538.14      90.4
538.15      88.9
538.16      88.9
538.17      88.6
538.18      88.6
538.19      89.1
538.20      89.4
538.21      89.1
538.22      88.2
538.23      89.4
538.24      89.6
538.25      89.4
538.26      89.9
538.27      89.4
538.28      88.2
538.29      87.7
538.30      87.9
538.31      87.2
538.32      87.4
538.33      87.7
538.34      88.4
538.35      88.4
538.36      88.2
538.37      88.2
538.38      88.6
538.39      90.4
538.40      89.6
538.41      88.6
538.42      88.9
538.43      88.4
538.44      87.4
538.45      88.2
538.46      87.9
538.47      87.4
538.48      87.7
538.49      88.2
538.50      89.6
538.51      89.4
538.52      90.6
538.53      91.3
538.54      91.1
538.55      90.6
538.56      89.4
538.57      89.1
538.58      89.4
538.59      90.1
538.60      89.9
538.61      90.8
538.62      90.1
538.63      90.6
538.64      91.3
538.65      91.8
538.66      92.1
538.67      91.8
538.68      90.6
538.69      90.1
538.70      89.1
538.71      89.4
538.72      90.8
538.73      90.8
538.74      90.1
538.75      90.1
538.76      89.4
538.77      90.6
538.78      90.1
538.79      89.4
538.80      88.9
538.81      89.4
538.82      88.6
538.83      89.1
538.84      89.4
538.85      89.4
538.86      89.9
538.87      90.1
538.88      90.4
538.89      89.4
538.90      89.1
538.91      90.4
538.92      90.4
538.93      90.4
538.94      89.6
538.95      89.4
538.96      89.4
538.97      89.6
538.98      88.4
538.99      87.7
539.00      88.4
539.01      88.2
539.02      87.9
539.03      87.9
539.04      87.7
539.05      87.4
539.06      88.4
539.07      87.9
539.08      88.4
539.09      89.6
539.10      89.9
539.11      89.6
539.12      89.9
539.13      89.6
539.14      89.4
539.15      88.6
539.16      88.6
539.17      88.4
539.18      88.4
539.19      88.2
539.20      89.1
539.21      88.4
539.22      87.7
539.23      88.2
539.24      88.6
539.25      88.9
539.26      89.1
539.27      89.9
539.28      89.6
539.29      89.4
539.30      88.9
539.31      90.1
539.32      88.6
539.33      88.9
539.34      89.4
539.35      89.6
539.36      90.1
539.37      89.1
539.38      89.6
539.39      89.1
539.40      88.9
539.41      88.6
539.42      87.9
539.43      89.4
539.44      88.2
539.45      87.9
539.46      89.1
539.47      88.6
539.48      88.4
539.49      88.9
539.50      88.9
539.51      89.1
539.52      89.6
539.53      89.9
539.54      88.9
539.55      89.1
539.56      88.6
539.57      88.9
539.58      89.4
539.59      88.4
539.60      88.2
539.61      87.9
539.62      87.9
539.63      88.2
539.64      88.4
539.65      90.1
539.66      90.4
539.67      89.9
539.68      89.9
539.69      90.1
539.70      90.8
539.71      90.4
539.72      90.1
539.73      89.6
539.74      89.1
539.75      89.9
539.76      89.1
539.77      90.4
539.78      90.6
539.79      90.1
539.80      90.6
539.81      90.4
539.82      89.9
539.83      90.4
539.84      90.1
539.85      88.9
539.86      89.4
539.87      89.1
539.88      90.1
539.89      89.9
539.90      91.1
539.91      90.1
539.92      90.8
539.93      91.3
539.94      91.6
539.95      91.6
539.96      91.6
539.97      91.1
539.98      91.6
539.99      90.8
540.00      89.9
540.01      90.6
540.02      90.4
540.03      90.4
540.04      90.6
540.05      89.9
540.06      88.6
540.07      88.6
540.08      88.9
540.09      89.9
540.10      89.6
540.11      90.4
540.12      90.4
540.13      90.1
540.14      89.6
540.15      90.6
540.16      89.6
540.17      87.7
540.18      87.9
540.19      87.2
540.20      87.9
540.21      88.9
540.22      88.6
540.23      88.4
540.24      88.2
540.25      88.4
540.26      88.9
540.27      89.6
540.28      89.4
540.29      90.1
540.30      90.8
540.31      91.3
540.32      90.8
540.33      90.4
540.34      89.1
540.35      88.4
540.36      88.9
540.37      89.1
540.38      89.6
540.39      88.6
540.40      87.9
540.41      88.2
540.42      90.1
540.43      89.9
540.44      89.6
540.45      89.9
540.46      89.1
540.47      89.6
540.48      88.6
540.49      88.6
540.50      89.9
540.51      90.4
540.52      89.4
540.53      90.4
540.54      90.6
540.55      90.1
540.56      89.6
540.57      88.9
540.58      89.6
540.59      89.9
540.60      89.4
540.61      89.9
540.62      89.4
540.63      88.9
540.64      89.1
540.65      90.1
540.66      89.1
540.67      89.4
540.68      89.1
540.69      88.6
540.70      87.9
540.71      88.6
540.72      89.4
540.73      89.6
540.74      88.6
540.75      87.9
540.76      87.7
540.77      88.2
540.78      88.6
540.79      89.1
540.80      88.9
540.81      88.9
540.82      89.4
540.83      89.6
540.84      88.6
540.85      88.4
540.86      89.9
540.87      89.6
540.88      89.6
540.89      89.4
540.90      89.1
540.91      89.1
540.92      89.6
540.93      90.4
540.94      90.6
540.95      90.6
540.96      89.9
540.97      89.9
540.98      89.6
540.99      88.9
541.00      88.9
541.01      88.9
541.02      89.1
541.03      88.6
541.04      88.2
541.05      88.9
541.06      89.6
541.07      89.1
541.08      87.7
541.09      86.9
541.10      87.9
541.11      89.1
541.12      90.1
541.13      89.4
541.14      89.4
541.15      90.4
541.16      90.4
541.17      90.1
541.18      89.6
541.19      90.8
541.20      89.9
541.21      90.1
541.22      89.1
541.23      89.6
541.24      88.9
541.25      88.2
541.26      89.4
541.27      90.1
541.28      90.8
541.29      89.9
541.30      89.6
541.31      89.6
541.32      88.6
541.33      88.6
541.34      88.4
541.35      88.2
541.36      89.1
541.37      89.4
541.38      90.1
541.39      90.6
541.40      90.1
541.41      89.6
541.42      89.9
541.43      90.1
541.44      90.4
541.45      90.4
541.46      90.8
541.47      91.3
541.48      91.3
541.49      91.3
541.50      91.3
541.51      90.8
541.52      90.1
541.53      88.2
541.54      88.6
541.55      88.6
541.56      89.1
541.57      91.1
541.58      91.6
541.59      91.1
541.60      91.6
541.61      90.8
541.62      91.1
541.63      91.1
541.64      91.1
541.65      89.6
541.66      89.6
541.67      90.1
541.68      89.9
541.69      89.1
541.70      89.9
541.71      90.6
541.72      89.6
541.73      89.9
541.74      89.9
541.75      91.1
541.76      91.1
541.77      92.1
541.78      93.0
541.79      92.1
541.80      91.6
541.81      90.8
541.82      90.8
541.83      90.8
541.84      92.1
541.85      91.1
541.86      90.1
541.87      90.4
541.88      89.9
541.89      90.1
541.90      89.9
541.91      89.6
541.92      89.9
541.93      89.1
541.94      88.6
541.95      88.9
541.96      89.4
541.97      89.4
541.98      88.9
541.99      90.1
542.00      90.8
542.01      90.8
542.02      90.4
542.03      89.9
542.04      89.6
542.05      90.4
542.06      90.4
542.07      90.6
542.08      90.6
542.09      89.9
542.10      89.9
542.11      89.9
542.12      90.1
542.13      90.1
542.14      88.9
542.15      88.9
542.16      88.2
542.17      88.2
542.18      88.2
542.19      89.4
542.20      88.9
542.21      89.9
542.22      89.9
542.23      88.4
542.24      87.7
542.25      88.4
542.26      89.1
542.27      89.4
542.28      88.6
542.29      88.9
542.30      89.9
542.31      90.8
542.32      90.6
542.33      90.6
542.34      90.4
542.35      90.8
542.36      90.6
542.37      91.1
542.38      91.1
542.39      91.6
542.40      91.1
542.41      91.1
542.42      91.1
542.43      90.6
542.44      90.6
542.45      90.6
542.46      90.6
542.47      90.1
542.48      89.4
542.49      89.6
542.50      90.6
542.51      90.1
542.52      89.4
542.53      90.6
542.54      90.4
542.55      89.6
542.56      89.6
542.57      90.1
542.58      89.4
542.59      90.4
542.60      91.8
542.61      90.4
542.62      89.4
542.63      90.1
542.64      88.9
542.65      89.1
542.66      88.4
542.67      88.6
542.68      89.4
542.69      89.1
542.70      90.6
542.71      89.9
542.72      89.9
542.73      89.9
542.74      90.6
542.75      89.9
542.76      88.9
542.77      88.6
542.78      89.4
542.79      89.1
542.80      88.9
542.81      89.4
542.82      89.6
542.83      88.9
542.84      89.1
542.85      88.6
542.86      87.7
542.87      87.9
542.88      88.2
542.89      88.4
542.90      88.9
542.91      88.6
542.92      88.6
542.93      89.1
542.94      87.9
542.95      88.4
542.96      89.4
542.97      89.9
542.98      89.1
542.99      90.1
543.00      89.4
543.01      88.9
543.02      87.4
543.03      87.9
543.04      88.2
543.05      87.7
543.06      88.4
543.07      88.2
543.08      88.6
543.09      89.6
543.10      89.6
543.11      88.9
543.12      88.6
543.13      89.1
543.14      89.4
543.15      89.1
543.16      88.6
543.17      88.4
543.18      88.6
543.19      88.6
543.20      89.4
543.21      89.4
543.22      89.1
543.23      88.6
543.24      89.6
543.25      89.1
543.26      89.1
543.27      89.6
543.28      90.4
543.29      90.8
543.30      91.3
543.31      91.1
543.32      91.6
543.33      91.8
543.34      90.8
543.35      90.1
543.36      88.2
543.37      88.6
543.38      89.1
543.39      88.4
543.40      89.1
543.41      89.9
543.42      90.1
543.43      90.6
543.44      90.1
543.45      89.1
543.46      89.1
543.47      89.6
543.48      89.1
543.49      88.9
543.50      88.4
543.51      88.9
543.52      88.6
543.53      89.6
543.54      88.9
543.55      88.4
543.56      88.6
543.57      88.6
543.58      89.4
543.59      89.9
543.60      89.6
543.61      90.1
543.62      90.1
543.63      89.9
543.64      88.6
543.65      88.4
543.66      88.4
543.67      89.9
543.68      90.1
543.69      89.1
543.70      88.4
543.71      88.4
543.72      88.4
543.73      89.4
543.74      88.4
543.75      88.9
543.76      89.6
543.77      89.6
543.78      89.6
543.79      90.1
543.80      88.9
543.81      89.1
543.82      89.4
543.83      88.6
543.84      88.6
543.85      89.6
543.86      88.9
543.87      88.2
543.88      88.4
543.89      88.9
543.90      88.6
543.91      89.4
543.92      89.9
543.93      90.4
543.94      89.9
543.95      89.1
543.96      88.2
543.97      88.9
543.98      88.6
543.99      89.1
544.00      90.1
544.01      88.6
544.02      88.6
544.03      89.6
544.04      89.1
544.05      88.9
544.06      88.4
544.07      89.1
544.08      88.9
544.09      89.1
544.10      89.9
544.11      88.6
544.12      88.4
544.13      88.4
544.14      88.2
544.15      88.2
544.16      87.9
544.17      88.6
544.18      88.6
544.19      87.4
544.20      87.9
544.21      88.2
544.22      88.4
544.23      88.9
544.24      88.6
544.25      90.4
544.26      90.1
544.27      88.6
544.28      87.9
544.29      87.9
544.30      89.9
544.31      89.9
544.32      88.6
544.33      88.6
544.34      88.4
544.35      89.1
544.36      89.9
544.37      89.9
544.38      89.6
544.39      89.6
544.40      89.4
544.41      89.1
544.42      89.6
544.43      90.4
544.44      89.9
544.45      89.1
544.46      90.4
544.47      89.9
544.48      88.9
544.49      89.4
544.50      89.1
544.51      89.1
544.52      89.4
544.53      89.9
544.54      89.6
544.55      89.6
544.56      89.4
544.57      88.6
544.58      87.9
544.59      88.6
544.60      89.1
544.61      89.1
544.62      87.9
544.63      87.7
544.64      88.9
544.65      89.1
544.66      88.6
544.67      89.1
544.68      88.9
544.69      90.1
544.70      90.8
544.71      90.1
544.72      90.1
544.73      90.8
544.74      89.6
544.75      89.6
544.76      89.4
544.77      89.6
544.78      89.9
544.79      89.4
544.80      88.4
544.81      88.6
544.82      88.4
544.83      88.9
544.84      88.2
544.85      88.4
544.86      88.2
544.87      88.9
544.88      89.1
544.89      88.2
544.90      87.4
544.91      87.2
544.92      87.4
544.93      88.2
544.94      88.4
544.95      89.1
544.96      88.4
544.97      88.6
544.98      88.6
544.99      89.4
545.00      89.1
545.01      89.4
545.02      89.9
545.03      90.4
545.04      90.6
545.05      90.1
545.06      89.9
545.07      90.4
545.08      90.1
545.09      89.4
545.10      89.9
545.11      90.1
545.12      89.6
545.13      90.1
545.14      90.8
545.15      91.1
545.16      90.1
545.17      90.6
545.18      90.4
545.19      90.4
545.20      89.4
545.21      89.1
545.22      88.4
545.23      88.2
545.24      87.9
545.25      88.2
545.26      88.9
545.27      88.6
545.28      89.1
545.29      89.4
545.30      89.9
545.31      89.6
545.32      89.6
545.33      89.6
545.34      90.4
545.35      91.1
545.36      89.9
545.37      89.1
545.38      89.4
545.39      89.6
545.40      89.4
545.41      89.4
545.42      87.9
545.43      89.1
545.44      89.9
545.45      89.1
545.46      89.1
545.47      89.9
545.48      88.4
545.49      89.1
545.50      89.1
545.51      89.9
545.52      90.4
545.53      89.6
545.54      89.1
545.55      88.4
545.56      87.9
545.57      88.4
545.58      89.6
545.59      90.4
545.60      89.1
545.61      89.6
545.62      89.6
545.63      89.1
545.64      88.6
545.65      89.6
545.66      89.1
545.67      88.4
545.68      89.4
545.69      89.9
545.70      88.9
545.71      89.4
545.72      89.1
545.73      89.6
545.74      89.1
545.75      89.6
545.76      89.4
545.77      88.9
545.78      88.9
545.79      89.1
545.80      89.1
545.81      89.1
545.82      89.1
545.83      90.1
545.84      90.1
545.85      89.4
545.86      89.4
545.87      89.1
545.88      89.4
545.89      89.6
545.90      89.4
545.91      91.1
545.92      90.4
545.93      90.4
545.94      88.9
545.95      88.4
545.96      88.2
545.97      89.1
545.98      88.6
545.99      89.6
546.00      89.1
546.01      88.4
546.02      88.2
546.03      89.1
546.04      90.1
546.05      90.1
546.06      90.4
546.07      89.1
546.08      88.9
546.09      88.9
546.10      88.6
546.11      89.9
546.12      89.6
546.13      89.4
546.14      89.9
546.15      90.4
546.16      90.4
546.17      89.9
546.18      90.1
546.19      89.1
546.20      87.9
546.21      87.9
546.22      89.1
546.23      88.9
546.24      89.1
546.25      88.6
546.26      89.9
546.27      89.9
546.28      88.6
546.29      88.6
546.30      88.2
546.31      88.4
546.32      88.2
546.33      88.4
546.34      88.6
546.35      88.9
546.36      89.1
546.37      88.6
546.38      88.4
546.39      89.4
546.40      88.9
546.41      88.9
546.42      87.4
546.43      89.6
546.44      89.9
546.45      90.6
546.46      90.1
546.47      90.6
546.48      89.6
546.49      89.6
546.50      89.4
546.51      88.6
546.52      89.9
546.53      90.4
546.54      90.1
546.55      88.6
546.56      88.6
546.57      89.9
546.58      89.1
546.59      89.4
546.60      89.1
546.61      88.6
546.62      88.6
546.63      88.9
546.64      89.9
546.65      89.6
546.66      88.6
546.67      89.1
546.68      88.4
546.69      88.2
546.70      88.6
546.71      90.1
546.72      90.6
546.73      90.4
546.74      89.9
546.75      89.4
546.76      89.1
546.77      88.6
546.78      88.9
546.79      89.1
546.80      89.9
546.81      90.4
546.82      90.6
546.83      90.8
546.84      89.9
546.85      89.6
546.86      88.9
546.87      88.6
546.88      89.1
546.89      89.6
546.90      89.6
546.91      90.1
546.92      89.4
546.93      88.9
546.94      88.6
546.95      88.9
546.96      89.1
546.97      89.1
546.98      89.6
546.99      90.8
547.00      89.9
547.01      89.4
547.02      88.6
547.03      88.9
547.04      89.1
547.05      90.4
547.06      90.8
547.07      90.4
547.08      90.4
547.09      89.6
547.10      88.6
547.11      88.9
547.12      89.9
547.13      89.1
547.14      91.3
547.15      90.8
547.16      90.1
547.17      90.6
547.18      91.3
547.19      89.9
547.20      88.4
547.21      88.6
547.22      88.4
547.23      88.9
547.24      88.6
547.25      89.4
547.26      89.9
547.27      89.6
547.28      89.4
547.29      89.9
547.30      91.1
547.31      91.1
547.32      91.1
547.33      90.1
547.34      89.1
547.35      89.4
547.36      89.4
547.37      88.9
547.38      89.1
547.39      88.6
547.40      89.4
547.41      89.4
547.42      89.1
547.43      89.4
547.44      89.9
547.45      89.1
547.46      89.1
547.47      88.9
547.48      87.7
547.49      88.6
547.50      88.9
547.51      89.9
547.52      90.8
547.53      89.4
547.54      89.4
547.55      90.1
547.56      91.8
547.57      92.3
547.58      91.8
547.59      92.8
547.60      91.6
547.61      91.3
547.62      90.8
547.63      89.4
547.64      89.9
547.65      90.1
547.66      89.9
547.67      89.1
547.68      88.6
547.69      89.4
547.70      89.6
547.71      89.9
547.72      89.4
547.73      89.6
547.74      89.9
547.75      89.6
547.76      89.4
547.77      89.4
547.78      88.6
547.79      88.6
547.80      88.2
547.81      88.2
547.82      88.2
547.83      88.9
547.84      89.4
547.85      90.1
547.86      90.6
547.87      90.6
547.88      89.9
547.89      90.1
547.90      89.6
547.91      90.1
547.92      90.1
547.93      91.3
547.94      91.8
547.95      91.8
547.96      92.3
547.97      91.6
547.98      91.3
547.99      91.1
548.00      90.8
548.01      91.1
548.02      90.8
548.03      89.1
548.04      88.6
548.05      89.4
548.06      88.6
548.07      87.9
548.08      87.7
548.09      88.4
548.10      89.1
548.11      90.4
548.12      90.8
548.13      90.6
548.14      90.6
548.15      91.1
548.16      89.9
548.17      90.4
548.18      89.6
548.19      90.4
548.20      90.1
548.21      89.9
548.22      89.6
548.23      89.1
548.24      89.6
548.25      89.1
548.26      88.6
548.27      87.9
548.28      87.9
548.29      88.2
548.30      87.4
548.31      87.9
548.32      88.9
548.33      88.6
548.34      88.4
548.35      87.9
548.36      89.1
548.37      89.1
548.38      90.1
548.39      90.4
548.40      89.9
548.41      89.4
548.42      89.4
548.43      89.6
548.44      90.4
548.45      91.1
548.46      91.3
548.47      91.1
548.48      91.1
548.49      90.1
548.50      89.6
548.51      88.9
548.52      89.6
548.53      88.9
548.54      89.6
548.55      90.4
548.56      90.1
548.57      90.1
548.58      90.1
548.59      89.1
548.60      89.4
548.61      89.9
548.62      89.6
548.63      89.4
548.64      88.9
548.65      88.4
548.66      89.1
548.67      90.1
548.68      90.4
548.69      90.8
548.70      89.6
548.71      90.6
548.72      89.6
548.73      89.1
548.74      88.9
548.75      89.4
548.76      90.1
548.77      89.9
548.78      89.6
548.79      89.1
548.80      89.9
548.81      89.9
548.82      88.6
548.83      89.6
548.84      89.6
548.85      88.9
548.86      88.4
548.87      89.1
548.88      89.6
548.89      89.4
548.90      88.9
548.91      88.9
548.92      89.4
548.93      89.6
548.94      89.1
548.95      88.6
548.96      89.1
548.97      89.4
548.98      87.9
548.99      87.7
549.00      87.9
549.01      88.2
549.02      88.4
549.03      88.9
549.04      88.9
549.05      88.6
549.06      89.4
549.07      89.9
549.08      89.1
549.09      88.4
549.10      88.9
549.11      89.6
549.12      89.1
549.13      88.9
549.14      89.4
549.15      90.6
549.16      90.1
549.17      89.1
549.18      89.9
549.19      89.4
549.20      88.2
549.21      87.7
549.22      87.9
549.23      89.1
549.24      88.6
549.25      88.4
549.26      88.6
549.27      89.1
549.28      89.6
549.29      89.6
549.30      88.4
549.31      88.6
549.32      88.6
549.33      89.1
549.34      89.4
549.35      89.1
549.36      88.2
549.37      88.4
549.38      89.6
549.39      89.1
549.40      89.9
549.41      89.6
549.42      89.4
549.43      89.9
549.44      90.4
549.45      90.1
549.46      89.4
549.47      89.9
549.48      89.6
549.49      89.6
549.50      90.1
549.51      90.6
549.52      89.9
549.53      88.6
549.54      89.4
549.55      90.1
549.56      89.6
549.57      89.9
549.58      90.4
549.59      90.1
549.60      88.4
549.61      88.9
549.62      89.1
549.63      89.6
549.64      89.9
549.65      90.1
549.66      89.9
549.67      90.1
549.68      90.1
549.69      90.6
549.70      91.1
549.71      91.1
549.72      90.8
549.73      90.8
549.74      91.6
549.75      90.6
549.76      90.8
549.77      91.6
549.78      90.8
549.79      90.4
549.80      90.4
549.81      89.6
549.82      89.4
549.83      88.6
549.84      89.9
549.85      89.9
549.86      88.9
549.87      89.1
549.88      89.4
549.89      89.9
549.90      88.9
549.91      88.9
549.92      89.4
549.93      88.9
549.94      89.4
549.95      89.9
549.96      88.9
549.97      88.6
549.98      87.2
549.99      88.2
550.00      88.6
550.01      90.4
550.02      90.4
550.03      90.1
550.04      89.9
550.05      88.9
550.06      89.9
550.07      89.6
550.08      90.1
550.09      89.1
550.10      88.9
550.11      88.6
550.12      88.9
550.13      88.9
550.14      88.9
550.15      89.1
550.16      88.4
550.17      87.9
550.18      87.4
550.19      87.4
550.20      87.4
550.21      87.9
550.22      88.9
550.23      88.2
550.24      88.4
550.25      89.4
550.26      89.1
550.27      88.9
550.28      89.4
550.29      89.9
550.30      91.1
550.31      92.1
550.32      91.6
550.33      92.1
550.34      91.8
550.35      91.8
550.36      90.8
550.37      90.1
550.38      91.1
550.39      91.3
550.40      90.8
550.41      90.1
550.42      91.3
550.43      90.6
550.44      89.6
550.45      89.1
550.46      88.9
550.47      88.9
550.48      89.4
550.49      89.1
550.50      87.9
550.51      88.6
550.52      89.4
550.53      89.9
550.54      90.4
550.55      90.1
550.56      90.4
550.57      89.4
550.58      89.6
550.59      88.9
550.60      88.4
550.61      89.4
550.62      89.4
550.63      90.4
550.64      89.6
550.65      88.2
550.66      88.6
550.67      88.9
550.68      89.4
550.69      88.4
550.70      88.4
550.71      88.2
550.72      87.9
550.73      87.7
550.74      87.4
550.75      87.9
550.76      87.9
550.77      89.6
550.78      88.9
550.79      87.9
550.80      88.9
550.81      89.1
550.82      89.6
550.83      89.6
550.84      88.6
550.85      88.6
550.86      88.9
550.87      88.6
550.88      88.9
550.89      88.9
550.90      88.6
550.91      89.1
550.92      88.4
550.93      88.4
550.94      88.9
550.95      89.4
550.96      89.1
550.97      89.4
550.98      90.1
550.99      88.9
551.00      88.6
551.01      88.9
551.02      88.6
551.03      88.6
551.04      88.9
551.05      89.6
551.06      88.9
551.07      88.6
551.08      89.1
551.09      88.9
551.10      89.6
551.11      89.6
551.12      90.1
551.13      89.9
551.14      89.1
551.15      89.4
551.16      90.1
551.17      90.1
551.18      89.1
551.19      89.1
551.20      89.4
551.21      89.9
551.22      90.4
551.23      89.1
551.24      88.6
551.25      88.6
551.26      88.4
551.27      88.4
551.28      88.2
551.29      89.1
551.30      89.9
551.31      88.9
551.32      89.1
551.33      89.9
551.34      89.6
551.35      88.6
551.36      89.1
551.37      90.8
551.38      90.6
551.39      90.8
551.40      90.8
551.41      91.3
551.42      89.9
551.43      89.6
551.44      89.6
551.45      89.9
551.46      89.9
551.47      89.1
551.48      89.1
551.49      89.1
551.50      89.4
551.51      90.1
551.52      89.4
551.53      88.9
551.54      88.2
551.55      88.6
551.56      89.1
551.57      89.4
551.58      89.1
551.59      90.1
551.60      88.9
551.61      89.1
551.62      88.2
551.63      88.2
551.64      88.4
551.65      88.9
551.66      88.6
551.67      88.2
551.68      89.4
551.69      90.1
551.70      90.8
551.71      89.9
551.72      89.1
551.73      87.9
551.74      87.4
551.75      88.4
551.76      88.9
551.77      88.6
551.78      88.9
551.79      89.6
551.80      89.9
551.81      89.6
551.82      89.4
551.83      89.1
551.84      89.9
551.85      90.4
551.86      89.6
551.87      89.6
551.88      89.6
551.89      89.9
551.90      89.9
551.91      89.9
551.92      89.9
551.93      89.4
551.94      89.9
551.95      89.1
551.96      88.6
551.97      88.2
551.98      88.6
551.99      89.1
552.00      89.1
552.01      88.6
552.02      89.6
552.03      90.4
552.04      90.4
552.05      90.6
552.06      90.4
552.07      90.6
552.08      90.4
552.09      90.1
552.10      90.6
552.11      90.1
552.12      88.6
552.13      87.9
552.14      87.7
552.15      87.9
552.16      87.7
552.17      87.9
552.18      86.7
552.19      86.4
552.20      88.2
552.21      87.7
552.22      88.4
552.23      89.4
552.24      89.1
552.25      89.9
552.26      88.9
552.27      88.2
552.28      87.4
552.29      88.4
552.30      88.6
552.31      89.1
552.32      89.6
552.33      90.6
552.34      90.1
552.35      89.9
552.36      90.4
552.37      90.8
552.38      89.9
552.39      90.1
552.40      89.9
552.41      89.9
552.42      89.1
552.43      89.4
552.44      89.9
552.45      89.9
552.46      89.9
552.47      89.4
552.48      89.6
552.49      89.6
552.50      90.4
552.51      90.1
552.52      89.1
552.53      88.9
552.54      88.9
552.55      89.4
552.56      89.1
552.57      88.9
552.58      89.1
552.59      88.9
552.60      89.1
552.61      89.6
552.62      89.9
552.63      90.4
552.64      90.1
552.65      89.4
552.66      89.9
552.67      89.9
552.68      88.9
552.69      89.1
552.70      89.6
552.71      89.6
552.72      89.1
552.73      89.6
552.74      89.6
552.75      89.4
552.76      88.9
552.77      89.1
552.78      88.9
552.79      88.9
552.80      89.4
552.81      89.9
552.82      89.6
552.83      89.9
552.84      90.1
552.85      89.6
552.86      89.6
552.87      90.4
552.88      89.4
552.89      88.9
552.90      89.4
552.91      88.4
552.92      89.6
552.93      89.9
552.94      89.4
552.95      89.1
552.96      89.1
552.97      89.1
552.98      89.1
552.99      89.4
553.00      88.9
553.01      89.6
553.02      87.9
553.03      88.2
553.04      89.1
553.05      89.1
553.06      88.9
553.07      88.4
553.08      87.4
553.09      88.6
553.10      87.7
553.11      88.4
553.12      88.6
553.13      88.4
553.14      88.4
553.15      88.2
553.16      88.2
553.17      89.1
553.18      89.1
553.19      89.4
553.20      89.6
553.21      89.6
553.22      89.6
553.23      89.9
553.24      90.1
553.25      90.6
553.26      89.6
553.27      88.9
553.28      88.6
553.29      90.1
553.30      90.1
553.31      89.9
553.32      88.9
553.33      88.4
553.34      88.9
553.35      87.7
553.36      88.2
553.37      88.6
553.38      88.2
553.39      88.6
553.40      88.4
553.41      88.6
553.42      88.4
553.43      87.9
553.44      89.6
553.45      90.1
553.46      91.3
553.47      91.6
553.48      91.3
553.49      91.3
553.50      91.6
553.51      91.1
553.52      91.6
553.53      91.8
553.54      91.6
553.55      92.6
553.56      92.8
553.57      93.8
553.58      93.0
553.59      92.1
553.60      92.3
553.61      91.8
553.62      91.8
553.63      91.6
553.64      90.6
553.65      90.4
553.66      89.1
553.67      88.6
553.68      89.4
553.69      90.4
553.70      90.4
553.71      90.1
553.72      89.9
553.73      88.6
553.74      89.4
553.75      89.9
553.76      89.1
553.77      89.1
553.78      89.1
553.79      88.6
553.80      87.9
553.81      89.4
553.82      90.1
553.83      88.2
553.84      88.6
553.85      88.6
553.86      87.9
553.87      88.2
553.88      88.9
553.89      88.9
553.90      89.4
553.91      88.9
553.92      88.4
553.93      87.7
553.94      87.7
553.95      88.4
553.96      87.9
553.97      88.6
553.98      88.4
553.99      89.1
554.00      88.6
554.01      89.1
554.02      89.1
554.03      88.9
554.04      89.1
554.05      89.4
554.06      89.4
554.07      89.6
554.08      88.4
554.09      88.4
554.10      88.9
554.11      89.6
554.12      88.4
554.13      88.6
554.14      89.6
554.15      90.4
554.16      90.1
554.17      90.4
554.18      89.4
554.19      89.6
554.20      89.6
554.21      89.6
554.22      89.6
554.23      89.4
554.24      88.4
554.25      88.4
554.26      88.9
554.27      89.1
554.28      89.1
554.29      88.6
554.30      88.9
554.31      89.4
554.32      87.9
554.33      88.6
554.34      90.1
554.35      89.4
554.36      89.9
554.37      90.6
554.38      88.9
554.39      88.9
554.40      89.6
554.41      90.4
554.42      90.1
554.43      89.1
554.44      87.7
554.45      87.9
554.46      88.4
554.47      88.2
554.48      87.2
554.49      87.7
554.50      88.2
554.51      88.9
554.52      89.6
554.53      89.4
554.54      90.1
554.55      89.6
554.56      89.6
554.57      89.4
554.58      88.4
554.59      89.1
554.60      88.6
554.61      88.9
554.62      88.6
554.63      88.2
554.64      88.6
554.65      88.9
554.66      88.2
554.67      88.6
554.68      88.4
554.69      88.6
554.70      88.9
554.71      89.1
554.72      89.9
554.73      90.1
554.74      89.6
554.75      89.9
554.76      89.6
554.77      88.9
554.78      88.4
554.79      88.2
554.80      88.4
554.81      88.4
554.82      88.6
554.83      89.1
554.84      89.9
554.85      89.9
554.86      89.4
554.87      88.9
554.88      89.1
554.89      89.6
554.90      89.6
554.91      89.1
554.92      88.9
554.93      89.4
554.94      88.9
554.95      89.1
554.96      89.6
554.97      89.1
554.98      88.9
554.99      89.6
555.00      89.6
555.01      89.9
555.02      90.6
555.03      89.9
555.04      89.4
555.05      89.6
555.06      90.4
555.07      92.3
555.08      93.0
555.09      92.1
555.10      91.6
555.11      91.8
555.12      92.1
555.13      92.1
555.14      91.3
555.15      90.1
555.16      90.6
555.17      90.6
555.18      89.9
555.19      90.6
555.20      91.6
555.21      90.8
555.22      90.4
555.23      90.6
555.24      89.4
555.25      89.1
555.26      89.9
555.27      90.1
555.28      90.8
555.29      91.1
555.30      90.1
555.31      89.1
555.32      89.1
555.33      89.4
555.34      89.9
555.35      89.4
555.36      88.4
555.37      88.6
555.38      88.6
555.39      88.6
555.40      89.4
555.41      89.1
555.42      88.2
555.43      88.9
555.44      89.1
555.45      89.1
555.46      88.4
555.47      88.2
555.48      88.9
555.49      89.6
555.50      90.4
555.51      90.8
555.52      90.4
555.53      89.4
555.54      88.6
555.55      88.4
555.56      88.6
555.57      87.2
555.58      87.9
555.59      87.9
555.60      89.1
555.61      90.4
555.62      90.4
555.63      90.4
555.64      89.9
555.65      90.4
555.66      90.4
555.67      89.9
555.68      89.6
555.69      89.1
555.70      89.6
555.71      89.4
555.72      87.7
555.73      87.9
555.74      88.6
555.75      89.1
555.76      88.4
555.77      89.1
555.78      90.4
555.79      89.9
555.80      88.6
555.81      89.4
555.82      89.6
555.83      89.4
555.84      89.1
555.85      88.6
555.86      88.6
555.87      88.9
555.88      89.4
555.89      87.9
555.90      88.2
555.91      89.4
555.92      88.6
555.93      88.2
555.94      89.6
555.95      88.6
555.96      87.9
555.97      88.6
555.98      89.4
555.99      88.9
556.00      88.4
556.01      88.6
556.02      89.1
556.03      89.9
556.04      90.1
556.05      89.4
556.06      89.1
556.07      88.6
556.08      88.6
556.09      88.6
556.10      89.1
556.11      89.4
556.12      89.9
556.13      90.1
556.14      90.6
556.15      91.1
556.16      90.1
556.17      89.6
556.18      88.9
556.19      88.6
556.20      88.9
556.21      89.1
556.22      90.1
556.23      90.4
556.24      90.1
556.25      88.4
556.26      88.4
556.27      88.6
556.28      88.9
556.29      89.4
556.30      89.4
556.31      89.9
556.32      88.9
556.33      89.6
556.34      88.9
556.35      88.9
556.36      89.6
556.37      89.9
556.38      88.9
556.39      88.9
556.40      90.4
556.41      90.1
556.42      89.9
556.43      90.6
556.44      90.4
556.45      89.4
556.46      89.1
556.47      88.6
556.48      88.6
556.49      88.4
556.50      88.6
556.51      87.7
556.52      87.9
556.53      88.6
556.54      88.4
556.55      87.9
556.56      89.1
556.57      89.4
556.58      88.6
556.59      89.1
556.60      89.4
556.61      89.9
556.62      88.6
556.63      88.9
556.64      89.4
556.65      90.1
556.66      89.9
556.67      90.4
556.68      89.1
556.69      89.1
556.70      88.9
556.71      88.9
556.72      88.9
556.73      89.9
556.74      89.4
556.75      88.6
556.76      88.9
556.77      89.9
556.78      89.4
556.79      88.6
556.80      89.4
556.81      89.9
556.82      89.1
556.83      88.9
556.84      88.2
556.85      88.4
556.86      88.2
556.87      87.7
556.88      87.4
556.89      88.2
556.90      87.2
556.91      86.9
556.92      88.4
556.93      89.4
556.94      90.1
556.95      90.1
556.96      89.6
556.97      90.1
556.98      90.6
556.99      90.1
557.00      89.6
557.01      89.9
557.02      89.6
557.03      89.9
557.04      88.9
557.05      88.9
557.06      88.4
557.07      88.2
557.08      87.2
557.09      87.7
557.10      88.4
557.11      89.1
557.12      88.9
557.13      89.9
557.14      90.4
557.15      90.4
557.16      89.1
557.17      89.9
557.18      89.9
557.19      89.1
557.20      88.4
557.21      88.4
557.22      88.4
557.23      88.6
557.24      88.4
557.25      87.9
557.26      87.9
557.27      87.9
557.28      87.7
557.29      88.6
557.30      89.9
557.31      91.1
557.32      91.6
557.33      90.8
557.34      90.6
557.35      89.1
557.36      88.6
557.37      87.4
557.38      88.2
557.39      89.1
557.40      88.4
557.41      87.7
557.42      88.6
557.43      89.6
557.44      88.9
557.45      88.2
557.46      88.2
557.47      89.4
557.48      89.9
557.49      89.6
557.50      89.9
557.51      90.1
557.52      90.1
557.53      91.1
557.54      92.3
557.55      92.6
557.56      91.8
557.57      91.8
557.58      90.1
557.59      89.9
557.60      89.6
557.61      89.9
557.62      89.6
557.63      89.6
557.64      89.1
557.65      89.6
557.66      89.9
557.67      89.4
557.68      89.1
557.69      89.1
557.70      89.1
557.71      88.9
557.72      89.9
557.73      88.9
557.74      89.4
557.75      89.1
557.76      89.4
557.77      89.1
557.78      88.9
557.79      88.9
557.80      88.4
557.81      87.9
557.82      88.6
557.83      89.4
557.84      88.2
557.85      89.1
557.86      89.6
557.87      90.1
557.88      89.1
557.89      89.1
557.90      90.1
557.91      90.6
557.92      89.4
557.93      90.4
557.94      90.4
557.95      90.6
557.96      91.3
557.97      91.3
557.98      91.8
557.99      92.1
558.00      91.8
558.01      90.8
558.02      91.1
558.03      90.8
558.04      89.9
558.05      90.8
558.06      90.4
558.07      89.6
558.08      89.9
558.09      89.1
558.10      88.2
558.11      87.9
558.12      88.4
558.13      88.4
558.14      88.6
558.15      88.4
558.16      88.2
558.17      87.9
558.18      88.6
558.19      88.6
558.20      89.1
558.21      88.6
558.22      89.1
558.23      89.6
558.24      89.1
558.25      89.6
558.26      89.6
558.27      90.1
558.28      90.6
558.29      90.1
558.30      89.9
558.31      88.6
558.32      88.2
558.33      87.7
558.34      87.9
558.35      88.2
558.36      87.7
558.37      88.2
558.38      88.2
558.39      88.6
558.40      88.4
558.41      87.9
558.42      87.7
558.43      88.6
558.44      88.6
558.45      88.6
558.46      87.9
558.47      87.7
558.48      88.4
558.49      89.1
558.50      89.4
558.51      89.1
558.52      89.4
558.53      89.1
558.54      88.2
558.55      88.2
558.56      87.9
558.57      88.4
558.58      88.6
558.59      88.2
558.60      88.4
558.61      88.6
558.62      88.4
558.63      90.8
558.64      91.1
558.65      90.6
558.66      90.4
558.67      90.4
558.68      89.6
558.69      89.4
558.70      89.4
558.71      89.1
558.72      89.1
558.73      89.1
558.74      89.4
558.75      89.4
558.76      88.6
558.77      89.1
558.78      88.9
558.79      89.4
558.80      89.6
558.81      88.9
558.82      88.4
558.83      87.9
558.84      88.4
558.85      88.6
558.86      87.9
558.87      87.9
558.88      88.2
558.89      88.9
558.90      88.6
558.91      89.9
558.92      89.1
558.93      88.4
558.94      88.9
558.95      90.1
558.96      90.1
558.97      89.6
558.98      89.1
558.99      88.6
559.00      89.9
559.01      89.1
559.02      88.9
559.03      89.6
559.04      89.9
559.05      89.9
559.06      90.8
559.07      90.4
559.08      89.6
559.09      89.4
559.10      88.4
559.11      88.6
559.12      88.9
559.13      88.4
559.14      89.9
559.15      89.6
559.16      89.9
559.17      89.1
559.18      88.2
559.19      88.6
559.20      89.6
559.21      88.4
559.22      88.2
559.23      88.9
559.24      88.6
559.25      88.2
559.26      88.4
559.27      88.9
559.28      89.6
559.29      89.9
559.30      89.6
559.31      89.4
559.32      89.1
559.33      89.6
559.34      89.6
559.35      89.9
559.36      89.9
559.37      88.9
559.38      89.9
559.39      90.1
559.40      90.8
559.41      90.4
559.42      89.6
559.43      89.4
559.44      89.4
559.45      89.1
559.46      88.9
559.47      88.9
559.48      88.4
559.49      90.1
559.50      89.6
559.51      90.1
559.52      90.4
559.53      89.4
559.54      90.1
559.55      90.1
559.56      89.4
559.57      88.9
559.58      88.6
559.59      89.1
559.60      89.1
559.61      90.6
559.62      91.1
559.63      91.6
559.64      90.6
559.65      90.6
559.66      90.6
559.67      90.4
559.68      90.1
559.69      88.9
559.70      89.1
559.71      88.9
559.72      89.1
559.73      89.9
559.74      89.1
559.75      89.4
559.76      88.9
559.77      88.2
559.78      89.1
559.79      90.4
559.80      89.4
559.81      90.4
559.82      90.4
559.83      90.4
559.84      90.1
559.85      90.4
559.86      91.1
559.87      90.4
559.88      89.9
559.89      89.4
559.90      88.6
559.91      90.1
559.92      89.9
559.93      89.9
559.94      90.1
559.95      90.6
559.96      89.6
559.97      88.9
559.98      88.6
559.99      89.4
560.00      88.9
560.01      89.1
560.02      88.2
560.03      87.4
560.04      88.2
560.05      89.1
560.06      88.6
560.07      88.6
560.08      88.4
560.09      87.9
560.10      89.6
560.11      89.9
560.12      90.8
560.13      90.4
560.14      90.1
560.15      90.4
560.16      90.4
560.17      90.6
560.18      89.6
560.19      89.1
560.20      89.4
560.21      88.9
560.22      88.6
560.23      89.6
560.24      90.4
560.25      89.9
560.26      88.9
560.27      88.9
560.28      88.9
560.29      89.1
560.30      89.4
560.31      89.9
560.32      89.1
560.33      90.1
560.34      90.4
560.35      90.1
560.36      89.6
560.37      88.9
560.38      88.4
560.39      88.6
560.40      88.4
560.41      88.2
560.42      89.1
560.43      89.1
560.44      90.1
560.45      90.1
560.46      89.1
560.47      89.1
560.48      89.4
560.49      89.4
560.50      89.4
560.51      89.4
560.52      88.6
560.53      88.9
560.54      89.1
560.55      89.6
560.56      89.4
560.57      88.4
560.58      87.2
560.59      88.2
560.60      88.4
560.61      87.4
560.62      87.2
560.63      87.9
560.64      87.9
560.65      88.2
560.66      87.9
560.67      88.2
560.68      87.2
560.69      87.7
560.70      87.4
560.71      89.4
560.72      90.4
560.73      91.1
560.74      90.6
560.75      89.9
560.76      89.6
560.77      89.9
560.78      89.9
560.79      89.1
560.80      88.9
560.81      89.1
560.82      89.6
560.83      89.6
560.84      89.6
560.85      89.9
560.86      90.4
560.87      90.8
560.88      90.8
560.89      90.6
560.90      88.9
560.91      89.4
560.92      90.4
560.93      89.4
560.94      89.4
560.95      89.6
560.96      90.1
560.97      90.4
560.98      90.6
560.99      89.9
561.00      88.9
561.01      88.9
561.02      88.6
561.03      89.4
561.04      89.9
561.05      89.6
561.06      90.6
561.07      90.4
561.08      90.4
561.09      89.9
561.10      89.9
561.11      89.6
561.12      89.4
561.13      89.4
561.14      89.1
561.15      89.4
561.16      90.4
561.17      90.6
561.18      89.9
561.19      89.6
561.20      89.4
561.21      88.6
561.22      87.9
561.23      86.9
561.24      86.7
561.25      87.9
561.26      87.9
561.27      89.1
561.28      88.9
561.29      89.4
561.30      89.1
561.31      88.9
561.32      88.6
561.33      89.9
561.34      89.1
561.35      88.6
561.36      88.2
561.37      88.4
561.38      88.6
561.39      89.1
561.40      89.6
561.41      89.6
561.42      90.1
561.43      90.4
561.44      90.6
561.45      90.4
561.46      90.1
561.47      89.9
561.48      90.1
561.49      90.6
561.50      90.1
561.51      90.6
561.52      88.6
561.53      88.6
561.54      88.9
561.55      89.4
561.56      89.1
561.57      88.9
561.58      88.6
561.59      89.1
561.60      88.9
561.61      88.9
561.62      87.9
561.63      88.4
561.64      87.4
561.65      87.9
561.66      87.9
561.67      89.1
561.68      88.2
561.69      87.7
561.70      89.1
561.71      89.9
561.72      89.4
561.73      88.6
561.74      88.9
561.75      88.9
561.76      88.6
561.77      88.9
561.78      88.6
561.79      88.4
561.80      88.4
561.81      88.4
561.82      87.4
561.83      86.9
561.84      88.2
561.85      88.4
561.86      88.6
561.87      89.1
561.88      88.4
561.89      89.6
561.90      89.6
561.91      90.4
561.92      89.9
561.93      90.4
561.94      91.1
561.95      91.1
561.96      90.6
561.97      88.9
561.98      88.2
561.99      88.4
562.00      89.1
562.01      88.4
562.02      88.4
562.03      89.9
562.04      90.6
562.05      90.8
562.06      89.9
562.07      89.6
562.08      89.9
562.09      89.1
562.10      89.1
562.11      88.9
562.12      88.6
562.13      88.4
562.14      89.4
562.15      89.6
562.16      89.4
562.17      90.4
562.18      90.6
562.19      89.6
562.20      88.4
562.21      87.4
562.22      86.9
562.23      88.6
562.24      89.9
562.25      89.9
562.26      90.1
562.27      90.4
562.28      90.4
562.29      90.8
562.30      89.9
562.31      90.6
562.32      89.9
562.33      90.1
562.34      90.1
562.35      89.9
562.36      89.9
562.37      88.9
562.38      88.6
562.39      88.2
562.40      87.9
562.41      87.7
562.42      88.2
562.43      88.6
562.44      88.6
562.45      89.1
562.46      88.6
562.47      89.4
562.48      89.9
562.49      89.1
562.50      90.1
562.51      90.1
562.52      89.1
562.53      89.4
562.54      88.6
562.55      88.9
562.56      88.9
562.57      88.9
562.58      88.6
562.59      88.9
562.60      89.4
562.61      89.1
562.62      87.9
562.63      89.1
562.64      87.9
562.65      87.4
562.66      88.6
562.67      88.4
562.68      89.1
562.69      88.6
562.70      87.7
562.71      89.1
562.72      88.6
562.73      88.4
562.74      88.6
562.75      89.4
562.76      89.9
562.77      91.1
562.78      89.6
562.79      89.1
562.80      88.4
562.81      88.4
562.82      88.2
562.83      88.4
562.84      88.4
562.85      88.2
562.86      87.9
562.87      88.9
562.88      89.4
562.89      88.9
562.90      88.6
562.91      89.4
562.92      88.6
562.93      88.4
562.94      88.6
562.95      88.4
562.96      88.2
562.97      89.4
562.98      88.6
562.99      88.9
563.00      89.1
563.01      89.6
563.02      88.9
563.03      88.6
563.04      88.2
563.05      87.4
563.06      87.4
563.07      87.9
563.08      88.2
563.09      88.2
563.10      88.2
563.11      87.7
563.12      87.7
563.13      88.6
563.14      89.1
563.15      88.2
563.16      87.7
563.17      88.4
563.18      88.4
563.19      89.1
563.20      89.4
563.21      88.6
563.22      88.9
563.23      88.9
563.24      88.9
563.25      89.9
563.26      89.6
563.27      90.6
563.28      90.6
563.29      90.6
563.30      90.6
563.31      89.6
563.32      90.4
563.33      89.1
563.34      88.6
563.35      88.4
563.36      87.9
563.37      86.9
563.38      86.9
563.39      88.2
563.40      88.4
563.41      88.4
563.42      88.4
563.43      87.9
563.44      87.4
563.45      87.2
563.46      87.4
563.47      87.4
563.48      87.7
563.49      88.2
563.50      87.9
563.51      87.9
563.52      88.6
563.53      88.9
563.54      89.4
563.55      88.4
563.56      88.6
563.57      87.9
563.58      88.4
563.59      89.9
563.60      88.9
563.61      88.6
563.62      88.2
563.63      88.2
563.64      87.9
563.65      88.9
563.66      89.9
563.67      89.4
563.68      89.6
563.69      89.1
563.70      88.6
563.71      88.2
563.72      87.7
563.73      88.4
563.74      89.1
563.75      88.6
563.76      87.9
563.77      87.9
563.78      87.7
563.79      86.7
563.80      87.2
563.81      87.4
563.82      87.7
563.83      87.4
563.84      87.9
563.85      88.6
563.86      89.1
563.87      90.4
563.88      90.1
563.89      90.1
563.90      89.4
563.91      89.4
563.92      89.9
563.93      88.9
563.94      88.4
563.95      88.9
563.96      89.4
563.97      89.4
563.98      89.1
563.99      89.4
564.00      89.6
564.01      89.9
564.02      90.4
564.03      89.1
564.04      88.4
564.05      88.4
564.06      88.6
564.07      88.2
564.08      88.6
564.09      87.9
564.10      87.9
564.11      88.2
564.12      88.6
564.13      88.6
564.14      88.6
564.15      87.9
564.16      88.2
564.17      88.4
564.18      88.6
564.19      88.6
564.20      88.9
564.21      88.6
564.22      90.4
564.23      91.1
564.24      90.4
564.25      88.9
564.26      88.6
564.27      88.4
564.28      89.6
564.29      88.6
564.30      88.2
564.31      88.6
564.32      89.4
564.33      89.1
564.34      89.6
564.35      89.4
564.36      89.1
564.37      89.9
564.38      88.9
564.39      88.9
564.40      88.6
564.41      88.2
564.42      88.9
564.43      90.1
564.44      89.1
564.45      88.9
564.46      88.9
564.47      89.4
564.48      89.6
564.49      88.4
564.50      88.9
564.51      88.2
564.52      88.4
564.53      88.6
564.54      88.4
564.55      87.7
564.56      86.7
564.57      87.2
564.58      88.2
564.59      88.6
564.60      89.1
564.61      88.9
564.62      88.6
564.63      88.6
564.64      88.2
564.65      88.4
564.66      88.9
564.67      88.6
564.68      88.9
564.69      88.9
564.70      87.2
564.71      86.7
564.72      87.4
564.73      86.7
564.74      87.9
564.75      87.9
564.76      88.2
564.77      87.9
564.78      87.7
564.79      87.7
564.80      87.9
564.81      87.4
564.82      87.7
564.83      88.6
564.84      89.1
564.85      87.7
564.86      87.9
564.87      87.7
564.88      88.4
564.89      89.4
564.90      88.9
564.91      87.4
564.92      87.9
564.93      89.4
564.94      90.6
564.95      90.6
564.96      90.1
564.97      89.1
564.98      88.6
564.99      89.4
565.00      89.9
565.01      89.6
565.02      88.6
565.03      89.4
565.04      88.4
565.05      87.7
565.06      87.2
565.07      88.2
565.08      88.4
565.09      88.2
565.10      87.7
565.11      89.1
565.12      89.9
565.13      89.9
565.14      89.6
565.15      89.6
565.16      90.4
565.17      88.6
565.18      88.9
565.19      89.4
565.20      89.6
565.21      89.9
565.22      89.6
565.23      89.9
565.24      88.9
565.25      89.9
565.26      89.4
565.27      89.9
565.28      89.9
565.29      90.6
565.30      89.9
565.31      89.6
565.32      89.9
565.33      89.6
565.34      89.1
565.35      89.1
565.36      88.6
565.37      88.2
565.38      87.2
565.39      87.2
565.40      87.4
565.41      88.4
565.42      88.2
565.43      88.6
565.44      87.9
565.45      87.9
565.46      87.9
565.47      87.9
565.48      88.6
565.49      88.6
565.50      87.2
565.51      87.7
565.52      87.9
565.53      88.2
565.54      88.6
565.55      87.4
565.56      87.4
565.57      87.4
565.58      87.7
565.59      87.7
565.60      86.7
565.61      87.7
565.62      88.2
565.63      87.2
565.64      88.2
565.65      87.7
565.66      87.4
565.67      86.9
565.68      88.2
565.69      88.6
565.70      88.9
565.71      88.2
565.72      87.7
565.73      87.7
565.74      86.9
565.75      86.7
565.76      86.7
565.77      86.7
565.78      86.7
565.79      87.2
565.80      87.7
565.81      88.6
565.82      88.6
565.83      88.4
565.84      88.4
565.85      88.4
565.86      88.4
565.87      89.1
565.88      89.1
565.89      89.9
565.90      89.9
565.91      89.1
565.92      88.9
565.93      88.9
565.94      88.4
565.95      86.9
565.96      86.9
565.97      87.7
565.98      88.4
565.99      88.9
566.00      89.1
566.01      89.6
566.02      89.4
566.03      88.6
566.04      88.2
566.05      87.9
566.06      87.2
566.07      87.7
566.08      87.9
566.09      87.9
566.10      87.4
566.11      87.7
566.12      88.2
566.13      88.6
566.14      87.4
566.15      87.7
566.16      88.4
566.17      88.9
566.18      88.4
566.19      88.4
566.20      88.2
566.21      88.6
566.22      87.9
566.23      87.2
566.24      87.2
566.25      86.9
566.26      86.0
566.27      85.7
566.28      86.7
566.29      87.2
566.30      88.9
566.31      88.6
566.32      89.4
566.33      88.4
566.34      86.4
566.35      86.7
566.36      87.2
566.37      87.4
566.38      88.2
566.39      88.6
566.40      87.4
566.41      87.4
566.42      87.9
566.43      87.9
566.44      88.2
566.45      87.4
566.46      87.7
566.47      87.9
566.48      87.7
566.49      88.4
566.50      89.1
566.51      88.9
566.52      88.6
566.53      89.4
566.54      88.2
566.55      88.4
566.56      88.4
566.57      86.9
566.58      86.4
566.59      87.2
566.60      86.7
566.61      88.9
566.62      87.4
566.63      87.7
566.64      88.2
566.65      88.6
566.66      88.9
566.67      88.4
566.68      88.4
566.69      88.9
566.70      88.6
566.71      88.9
566.72      88.9
566.73      89.1
566.74      88.9
566.75      87.4
566.76      88.2
566.77      88.6
566.78      88.6
566.79      89.4
566.80      90.1
566.81      90.1
566.82      89.4
566.83      89.1
566.84      89.4
566.85      89.6
566.86      88.9
566.87      87.7
566.88      87.7
566.89      88.2
566.90      87.2
566.91      87.9
566.92      88.6
566.93      87.7
566.94      87.2
566.95      88.4
566.96      88.4
566.97      88.9
566.98      88.4
566.99      88.9
567.00      89.1
567.01      88.9
567.02      88.9
567.03      87.7
567.04      88.2
567.05      88.4
567.06      88.6
567.07      88.9
567.08      87.9
567.09      88.6
567.10      88.9
567.11      88.4
567.12      87.9
567.13      87.9
567.14      87.7
567.15      87.4
567.16      87.7
567.17      87.2
567.18      87.4
567.19      88.2
567.20      87.4
567.21      87.2
567.22      87.4
567.23      88.2
567.24      88.2
567.25      88.6
567.26      88.9
567.27      88.9
567.28      89.9
567.29      90.8
567.30      89.6
567.31      88.6
567.32      88.9
567.33      88.6
567.34      88.2
567.35      87.9
567.36      87.9
567.37      88.2
567.38      87.2
567.39      88.2
567.40      88.6
567.41      89.6
567.42      88.9
567.43      88.2
567.44      88.4
567.45      89.4
567.46      89.6
567.47      89.1
567.48      88.9
567.49      89.9
567.50      89.1
567.51      89.9
567.52      89.9
567.53      89.4
567.54      88.6
567.55      88.9
567.56      88.9
567.57      88.4
567.58      88.2
567.59      87.4
567.60      87.4
567.61      88.4
567.62      88.9
567.63      88.6
567.64      89.4
567.65      90.4
567.66      90.6
567.67      90.6
567.68      90.8
567.69      90.1
567.70      89.1
567.71      88.4
567.72      87.9
567.73      88.2
567.74      88.2
567.75      87.7
567.76      87.7
567.77      87.4
567.78      87.2
567.79      87.2
567.80      86.7
567.81      85.2
567.82      86.0
567.83      86.4
567.84      87.2
567.85      86.4
567.86      86.7
567.87      86.4
567.88      86.0
567.89      85.7
567.90      86.0
567.91      85.5
567.92      86.0
567.93      86.7
567.94      87.7
567.95      87.7
567.96      87.7
567.97      87.2
567.98      87.7
567.99      88.6
568.00      88.9
568.01      88.9
568.02      89.6
568.03      90.6
568.04      89.9
568.05      89.6
568.06      89.1
568.07      89.1
568.08      89.9
568.09      89.1
568.10      89.4
568.11      89.4
568.12      88.9
568.13      89.6
568.14      90.6
568.15      90.6
568.16      91.1
568.17      91.1
568.18      90.4
568.19      90.6
568.20      89.9
568.21      89.6
568.22      89.4
568.23      90.1
568.24      89.1
568.25      88.9
568.26      89.4
568.27      87.9
568.28      87.9
568.29      87.9
568.30      87.7
568.31      87.9
568.32      88.2
568.33      88.9
568.34      87.9
568.35      87.7
568.36      87.2
568.37      86.4
568.38      86.2
568.39      85.5
568.40      86.9
568.41      86.9
568.42      87.4
568.43      87.7
568.44      87.2
568.45      87.7
568.46      87.2
568.47      86.4
568.48      87.2
568.49      87.2
568.50      87.4
568.51      87.2
568.52      86.7
568.53      87.7
568.54      87.4
568.55      86.9
568.56      86.0
568.57      87.4
568.58      88.2
568.59      87.2
568.60      87.2
568.61      87.7
568.62      86.9
568.63      87.4
568.64      88.2
568.65      89.4
568.66      88.9
568.67      89.9
568.68      89.6
568.69      91.3
568.70      92.6
568.71      93.8
568.72      92.8
568.73      91.3
568.74      91.1
568.75      90.8
568.76      90.1
568.77      88.9
568.78      89.1
568.79      89.4
568.80      89.9
568.81      88.6
568.82      89.4
568.83      88.6
568.84      89.6
568.85      89.1
568.86      88.6
568.87      88.2
568.88      89.1
568.89      90.4
568.90      89.6
568.91      88.2
568.92      88.2
568.93      87.4
568.94      87.7
568.95      88.9
568.96      87.7
568.97      87.7
568.98      87.7
568.99      88.6
569.00      89.1
569.01      88.9
569.02      88.4
569.03      88.2
569.04      87.7
569.05      88.6
569.06      87.9
569.07      87.4
569.08      87.4
569.09      87.9
569.10      87.7
569.11      87.7
569.12      87.7
569.13      88.2
569.14      88.4
569.15      88.4
569.16      88.6
569.17      88.9
569.18      89.1
569.19      88.9
569.20      88.6
569.21      89.4
569.22      89.4
569.23      89.4
569.24      87.7
569.25      87.4
569.26      88.4
569.27      88.6
569.28      87.7
569.29      87.9
569.30      87.7
569.31      88.4
569.32      89.4
569.33      89.4
569.34      89.1
569.35      88.4
569.36      87.9
569.37      88.4
569.38      89.4
569.39      90.6
569.40      91.1
569.41      91.1
569.42      90.8
569.43      91.1
569.44      93.5
569.45      93.0
569.46      91.1
569.47      89.9
569.48      90.6
569.49      90.1
569.50      89.4
569.51      91.1
569.52      91.8
569.53      91.1
569.54      90.6
569.55      91.1
569.56      91.3
569.57      91.3
569.58      90.4
569.59      89.4
569.60      90.1
569.61      90.1
569.62      89.1
569.63      88.6
569.64      87.9
569.65      87.9
569.66      88.4
569.67      89.1
569.68      89.1
569.69      89.9
569.70      89.1
569.71      89.1
569.72      90.4
569.73      90.1
569.74      90.1
569.75      89.4
569.76      88.9
569.77      89.9
569.78      89.9
569.79      88.6
569.80      87.7
569.81      88.2
569.82      88.9
569.83      89.1
569.84      88.6
569.85      88.6
569.86      88.4
569.87      88.6
569.88      88.9
569.89      89.6
569.90      90.1
569.91      89.1
569.92      88.4
569.93      89.9
569.94      89.4
569.95      88.9
569.96      88.2
569.97      88.2
569.98      87.7
569.99      87.2
570.00      87.9
570.01      87.7
570.02      88.9
570.03      88.4
570.04      87.9
570.05      88.9
570.06      88.2
570.07      88.6
570.08      90.8
570.09      89.9
570.10      90.8
570.11      91.6
570.12      92.6
570.13      93.8
570.14      92.8
570.15      92.1
570.16      93.0
570.17      92.3
570.18      91.8
570.19      92.6
570.20      92.1
570.21      91.3
570.22      90.4
570.23      89.1
570.24      88.9
570.25      88.9
570.26      87.7
570.27      86.2
570.28      86.0
570.29      86.4
570.30      86.4
570.31      87.2
570.32      87.2
570.33      86.9
570.34      86.9
570.35      86.2
570.36      86.0
570.37      85.7
570.38      86.2
570.39      86.4
570.40      86.9
570.41      87.2
570.42      86.9
570.43      87.2
570.44      86.4
570.45      87.2
570.46      88.4
570.47      88.2
570.48      87.9
570.49      88.6
570.50      88.2
570.51      88.2
570.52      87.7
570.53      87.7
570.54      87.4
570.55      87.9
570.56      87.7
570.57      87.9
570.58      86.7
570.59      86.7
570.60      86.0
570.61      85.5
570.62      86.0
570.63      87.4
570.64      88.2
570.65      88.2
570.66      88.2
570.67      88.9
570.68      89.1
570.69      88.9
570.70      88.6
570.71      88.2
570.72      87.4
570.73      87.4
570.74      87.2
570.75      87.4
570.76      87.2
570.77      86.7
570.78      87.2
570.79      88.2
570.80      88.6
570.81      88.9
570.82      88.9
570.83      87.7
570.84      87.2
570.85      86.9
570.86      86.4
570.87      87.4
570.88      87.2
570.89      87.4
570.90      87.4
570.91      89.1
570.92      89.4
570.93      89.4
570.94      89.1
570.95      88.6
570.96      88.6
570.97      88.9
570.98      88.4
570.99      88.4
571.00      88.9
571.01      88.6
571.02      87.4
571.03      86.9
571.04      87.2
571.05      88.9
571.06      89.6
571.07      89.1
571.08      89.9
571.09      89.4
571.10      89.1
571.11      89.4
571.12      89.4
571.13      88.9
571.14      90.6
571.15      90.6
571.16      90.4
571.17      89.9
571.18      89.6
571.19      89.4
571.20      88.6
571.21      89.9
571.22      90.4
571.23      91.3
571.24      90.8
571.25      90.8
571.26      90.6
571.27      90.6
571.28      90.4
571.29      89.1
571.30      88.2
571.31      88.4
571.32      87.7
571.33      88.2
571.34      88.9
571.35      89.1
571.36      88.6
571.37      88.6
571.38      88.6
571.39      87.7
571.40      87.2
571.41      87.4
571.42      88.4
571.43      90.1
571.44      89.9
571.45      90.4
571.46      91.3
571.47      91.1
571.48      89.9
571.49      88.9
571.50      87.4
571.51      88.4
571.52      88.6
571.53      89.1
571.54      87.7
571.55      86.7
571.56      87.2
571.57      87.4
571.58      87.7
571.59      88.2
571.60      87.9
571.61      88.2
571.62      88.6
571.63      89.1
571.64      89.6
571.65      89.9
571.66      89.4
571.67      89.1
571.68      87.7
571.69      88.4
571.70      87.7
571.71      87.2
571.72      87.2
571.73      86.9
571.74      87.2
571.75      88.4
571.76      89.4
571.77      88.9
571.78      89.1
571.79      87.9
571.80      88.2
571.81      88.4
571.82      86.7
571.83      86.9
571.84      86.9
571.85      86.0
571.86      86.2
571.87      86.7
571.88      86.7
571.89      87.2
571.90      88.4
571.91      88.2
571.92      88.6
571.93      87.7
571.94      86.7
571.95      87.2
571.96      87.7
571.97      88.4
571.98      88.6
571.99      86.9
572.00      87.4
572.01      88.2
572.02      88.2
572.03      88.6
572.04      89.1
572.05      89.6
572.06      89.1
572.07      89.1
572.08      88.2
572.09      87.4
572.10      86.7
572.11      87.7
572.12      88.2
572.13      87.7
572.14      87.7
572.15      87.2
572.16      87.2
572.17      87.9
572.18      88.9
572.19      88.9
572.20      89.4
572.21      88.9
572.22      88.6
572.23      88.9
572.24      89.6
572.25      89.4
572.26      89.1
572.27      89.6
572.28      89.4
572.29      88.2
572.30      88.9
572.31      89.1
572.32      89.1
572.33      88.4
572.34      89.4
572.35      89.6
572.36      90.1
572.37      88.6
572.38      89.4
572.39      89.6
572.40      89.1
572.41      88.9
572.42      88.4
572.43      88.4
572.44      87.9
572.45      87.9
572.46      87.7
572.47      86.9
572.48      87.4
572.49      88.2
572.50      88.2
572.51      87.7
572.52      87.4
572.53      88.9
572.54      90.4
572.55      92.8
572.56      92.6
572.57      92.3
572.58      91.3
572.59      90.6
572.60      90.1
572.61      88.6
572.62      88.6
572.63      88.2
572.64      87.9
572.65      87.2
572.66      85.7
572.67      86.7
572.68      87.7
572.69      87.9
572.70      88.6
572.71      88.6
572.72      88.6
572.73      89.1
572.74      88.2
572.75      87.2
572.76      86.4
572.77      86.7
572.78      87.2
572.79      86.9
572.80      87.4
572.81      87.7
572.82      87.4
572.83      87.9
572.84      87.9
572.85      87.2
572.86      87.7
572.87      89.1
572.88      90.6
572.89      91.6
572.90      92.6
572.91      92.8
572.92      91.8
572.93      91.3
572.94      91.8
572.95      91.1
572.96      90.1
572.97      90.8
572.98      90.4
572.99      89.6
573.00      87.9
573.01      86.9
573.02      87.9
573.03      88.2
573.04      89.4
573.05      89.4
573.06      89.6
573.07      89.4
573.08      89.1
573.09      88.9
573.10      88.6
573.11      87.9
573.12      86.7
573.13      87.7
573.14      88.4
573.15      88.9
573.16      89.9
573.17      89.1
573.18      88.4
573.19      88.9
573.20      88.6
573.21      90.1
573.22      90.8
573.23      91.6
573.24      92.3
573.25      93.0
573.26      93.8
573.27      94.0
573.28      93.3
573.29      94.0
573.30      93.5
573.31      93.0
573.32      93.3
573.33      92.6
573.34      92.8
573.35      91.8
573.36      91.3
573.37      91.6
573.38      93.5
573.39      94.7
573.40      95.5
573.41      95.7
573.42      94.3
573.43      93.0
573.44      92.6
573.45      90.4
573.46      88.9
573.47      89.4
573.48      88.4
573.49      87.4
573.50      87.2
573.51      87.9
573.52      88.6
573.53      88.9
573.54      88.2
573.55      88.9
573.56      89.1
573.57      89.4
573.58      88.2
573.59      86.9
573.60      86.7
573.61      86.7
573.62      87.4
573.63      88.4
573.64      88.6
573.65      88.4
573.66      89.1
573.67      88.4
573.68      88.4
573.69      88.4
573.70      88.6
573.71      88.6
573.72      88.9
573.73      89.1
573.74      88.6
573.75      88.6
573.76      87.7
573.77      88.6
573.78      88.9
573.79      88.9
573.80      89.4
573.81      89.4
573.82      89.6
573.83      89.1
573.84      88.4
573.85      88.6
573.86      88.9
573.87      88.9
573.88      88.4
573.89      88.2
573.90      89.4
573.91      89.4
573.92      89.1
573.93      88.9
573.94      89.1
573.95      87.7
573.96      87.9
573.97      89.1
573.98      87.4
573.99      86.7
574.00      87.2
574.01      87.4
574.02      87.7
574.03      88.6
574.04      89.6
574.05      90.4
574.06      90.1
574.07      90.1
574.08      89.9
574.09      90.6
574.10      90.1
574.11      88.9
574.12      88.4
574.13      87.2
574.14      88.4
574.15      88.9
574.16      87.9
574.17      87.7
574.18      87.9
574.19      88.4
574.20      87.9
574.21      87.9
574.22      88.9
574.23      88.2
574.24      86.4
574.25      85.7
574.26      85.7
574.27      87.7
574.28      88.2
574.29      87.9
574.30      87.9
574.31      87.4
574.32      87.4
574.33      87.9
574.34      89.4
574.35      89.4
574.36      88.9
574.37      88.9
574.38      88.6
574.39      87.9
574.40      87.9
574.41      88.4
574.42      88.6
574.43      88.2
574.44      88.4
574.45      88.6
574.46      88.4
574.47      88.6
574.48      88.2
574.49      88.4
574.50      87.9
574.51      88.4
574.52      87.4
574.53      87.9
574.54      88.6
574.55      89.4
574.56      89.6
574.57      89.4
574.58      89.4
574.59      90.4
574.60      91.3
574.61      92.3
574.62      91.8
574.63      90.6
574.64      91.3
574.65      91.1
574.66      90.1
574.67      89.6
574.68      89.4
574.69      89.6
574.70      88.9
574.71      89.6
574.72      88.4
574.73      88.2
574.74      87.9
574.75      88.2
574.76      88.2
574.77      87.2
574.78      87.9
574.79      88.2
574.80      88.4
574.81      87.2
574.82      87.2
574.83      87.7
574.84      86.9
574.85      87.2
574.86      87.4
574.87      87.2
574.88      86.9
574.89      86.7
574.90      87.2
574.91      88.4
574.92      90.1
574.93      90.6
574.94      90.4
574.95      89.9
574.96      88.9
574.97      88.9
574.98      88.9
574.99      87.9
575.00      87.9
575.01      87.4
575.02      86.9
575.03      86.7
575.04      88.2
575.05      88.9
575.06      90.1
575.07      88.9
575.08      89.1
575.09      88.9
575.10      89.6
575.11      89.6
575.12      88.6
575.13      89.4
575.14      90.1
575.15      90.6
575.16      90.1
575.17      90.6
575.18      90.1
575.19      88.6
575.20      88.4
575.21      88.6
575.22      88.2
575.23      87.7
575.24      87.7
575.25      89.6
575.26      89.4
575.27      88.2
575.28      87.7
575.29      88.2
575.30      89.1
575.31      89.1
575.32      89.4
575.33      89.9
575.34      88.9
575.35      88.6
575.36      89.6
575.37      90.6
575.38      89.1
575.39      89.4
575.40      89.9
575.41      90.8
575.42      90.4
575.43      90.1
575.44      90.4
575.45      89.9
575.46      91.8
575.47      92.8
575.48      92.8
575.49      91.6
575.50      91.3
575.51      91.6
575.52      90.8
575.53      90.1
575.54      91.1
575.55      90.8
575.56      89.1
575.57      89.4
575.58      89.1
575.59      88.9
575.60      88.6
575.61      89.6
575.62      89.6
575.63      91.3
575.64      92.1
575.65      92.1
575.66      91.6
575.67      92.3
575.68      92.8
575.69      93.3
575.70      94.5
575.71      95.2
575.72      95.7
575.73      96.2
575.74      96.9
575.75      96.0
575.76      96.7
575.77      96.0
575.78      96.0
575.79      94.5
575.80      93.3
575.81      92.6
575.82      92.6
575.83      91.8
575.84      91.3
575.85      89.6
575.86      88.9
575.87      88.4
575.88      87.7
575.89      87.2
575.90      86.9
575.91      87.7
575.92      87.7
575.93      87.4
575.94      87.4
575.95      88.4
575.96      88.6
575.97      89.1
575.98      88.6
575.99      87.9
576.00      87.7
576.01      88.4
576.02      88.4
576.03      89.4
576.04      90.6
576.05      90.6
576.06      89.4
576.07      88.6
576.08      87.9
576.09      88.2
576.10      88.2
576.11      87.2
576.12      87.9
576.13      87.9
576.14      88.2
576.15      87.7
576.16      88.6
576.17      89.6
576.18      91.3
576.19      92.3
576.20      93.0
576.21      92.3
576.22      92.8
576.23      93.5
576.24      92.6
576.25      92.1
576.26      91.1
576.27      91.1
576.28      92.6
576.29      90.6
576.30      88.6
576.31      89.1
576.32      88.4
576.33      90.1
576.34      89.9
576.35      91.3
576.36      92.3
576.37      92.6
576.38      90.4
576.39      90.8
576.40      90.4
576.41      90.1
576.42      89.4
576.43      88.6
576.44      89.4
576.45      91.6
576.46      90.6
576.47      89.4
576.48      89.9
576.49      90.6
576.50      90.4
576.51      90.4
576.52      89.1
576.53      87.4
576.54      87.4
576.55      87.4
576.56      87.2
576.57      87.4
576.58      87.9
576.59      88.6
576.60      87.9
576.61      87.4
576.62      88.2
576.63      89.4
576.64      88.9
576.65      88.9
576.66      88.6
576.67      88.4
576.68      88.6
576.69      89.4
576.70      88.6
576.71      88.4
576.72      89.1
576.73      89.9
576.74      89.9
576.75      90.6
576.76      90.1
576.77      88.9
576.78      88.4
576.79      87.9
576.80      88.2
576.81      89.4
576.82      89.1
576.83      87.9
576.84      86.9
576.85      87.7
576.86      88.4
576.87      88.6
576.88      89.6
576.89      90.4
576.90      90.4
576.91      90.6
576.92      90.4
576.93      90.4
576.94      89.1
576.95      88.6
576.96      89.6
576.97      89.6
576.98      89.9
576.99      90.4
577.00      89.9
577.01      89.9
577.02      90.8
577.03      90.6
577.04      90.4
577.05      91.1
577.06      91.6
577.07      92.1
577.08      92.1
577.09      92.8
577.10      92.3
577.11      91.8
577.12      91.3
577.13      91.8
577.14      91.8
577.15      91.6
577.16      90.1
577.17      90.1
577.18      89.9
577.19      89.1
577.20      89.4
577.21      89.6
577.22      89.6
577.23      89.9
577.24      91.1
577.25      92.3
577.26      93.0
577.27      93.5
577.28      93.5
577.29      93.0
577.30      93.3
577.31      92.8
577.32      92.3
577.33      92.1
577.34      90.8
577.35      90.8
577.36      90.1
577.37      91.1
577.38      92.1
577.39      93.0
577.40      92.6
577.41      93.8
577.42      95.2
577.43      95.7
577.44      96.5
577.45      95.7
577.46      94.5
577.47      94.5
577.48      93.3
577.49      92.6
577.50      92.1
577.51      91.6
577.52      90.1
577.53      90.4
577.54      89.6
577.55      89.1
577.56      89.1
577.57      89.1
577.58      88.9
577.59      89.4
577.60      89.1
577.61      89.4
577.62      90.6
577.63      91.1
577.64      91.1
577.65      91.3
577.66      92.1
577.67      92.1
577.68      92.8
577.69      92.8
577.70      92.8
577.71      91.6
577.72      92.1
577.73      91.1
577.74      91.1
577.75      91.3
577.76      92.1
577.77      92.3
577.78      92.1
577.79      92.3
577.80      91.1
577.81      91.3
577.82      91.8
577.83      90.1
577.84      90.6
577.85      90.8
577.86      90.6
577.87      89.9
577.88      89.1
577.89      88.4
577.90      88.9
577.91      88.2
577.92      88.4
577.93      86.9
577.94      88.6
577.95      89.6
577.96      89.1
577.97      88.4
577.98      87.2
577.99      87.4
578.00      86.7
578.01      87.7
578.02      87.2
578.03      87.2
578.04      87.7
578.05      88.9
578.06      88.9
578.07      89.6
578.08      89.4
578.09      90.6
578.10      90.4
578.11      90.4
578.12      90.1
578.13      89.9
578.14      89.6
578.15      89.1
578.16      90.1
578.17      90.4
578.18      90.4
578.19      90.4
578.20      90.6
578.21      90.6
578.22      91.1
578.23      91.6
578.24      91.1
578.25      91.1
578.26      90.4
578.27      90.8
578.28      90.8
578.29      91.6
578.30      92.8
578.31      93.5
578.32      92.8
578.33      93.5
578.34      93.5
578.35      95.2
578.36      96.5
578.37      96.5
578.38      95.2
578.39      94.3
578.40      93.3
578.41      92.3
578.42      91.8
578.43      90.6
578.44      89.1
578.45      89.1
578.46      88.9
578.47      88.6
578.48      87.9
578.49      87.9
578.50      87.4
578.51      87.9
578.52      87.9
578.53      87.4
578.54      87.4
578.55      88.4
578.56      88.9
578.57      89.1
578.58      89.9
578.59      89.6
578.60      90.6
578.61      89.9
578.62      89.4
578.63      90.4
578.64      90.1
578.65      88.9
578.66      89.9
578.67      89.6
578.68      89.6
578.69      88.6
578.70      88.2
578.71      89.1
578.72      89.6
578.73      90.6
578.74      91.1
578.75      90.4
578.76      89.1
578.77      90.6
578.78      90.8
578.79      90.4
578.80      90.1
578.81      89.4
578.82      89.1
578.83      89.4
578.84      89.9
578.85      90.4
578.86      90.6
578.87      90.4
578.88      91.1
578.89      90.8
578.90      88.4
578.91      88.2
578.92      89.1
578.93      90.1
578.94      90.4
578.95      91.8
578.96      91.3
578.97      91.6
578.98      91.3
578.99      91.6
579.00      91.1
579.01      91.3
579.02      90.6
579.03      90.1
579.04      89.9
579.05      89.1
579.06      89.1
579.07      89.4
579.08      89.9
579.09      88.9
579.10      88.2
579.11      88.9
579.12      88.6
579.13      87.9
579.14      86.9
579.15      86.9
579.16      86.4
579.17      87.7
579.18      88.2
579.19      89.1
579.20      88.6
579.21      89.9
579.22      89.4
579.23      90.4
579.24      90.1
579.25      90.6
579.26      90.6
579.27      90.1
579.28      90.4
579.29      91.1
579.30      90.8
579.31      90.4
579.32      90.6
579.33      90.1
579.34      89.4
579.35      89.9
579.36      89.6
579.37      89.6
579.38      89.6
579.39      90.1
579.40      89.9
579.41      90.4
579.42      91.6
579.43      91.6
579.44      92.6
579.45      91.6
579.46      91.3
579.47      90.6
579.48      90.8
579.49      90.8
579.50      90.8
579.51      90.4
579.52      90.8
579.53      91.1
579.54      90.4
579.55      89.6
579.56      89.9
579.57      90.4
579.58      89.9
579.59      90.1
579.60      89.9
579.61      90.4
579.62      89.9
579.63      89.1
579.64      89.1
579.65      89.6
579.66      89.4
579.67      89.4
579.68      89.1
579.69      89.6
579.70      89.1
579.71      89.4
579.72      90.1
579.73      89.9
579.74      89.9
579.75      91.1
579.76      91.3
579.77      91.3
579.78      91.3
579.79      90.6
579.80      90.6
579.81      90.4
579.82      90.8
579.83      92.1
579.84      92.1
579.85      93.0
579.86      92.6
579.87      92.1
579.88      92.3
579.89      92.6
579.90      93.3
579.91      93.8
579.92      93.3
579.93      92.6
579.94      92.6
579.95      92.6
579.96      91.6
579.97      91.1
579.98      90.8
579.99      89.9
580.00      89.6
580.01      88.6
580.02      89.6
580.03      88.4
580.04      88.4
580.05      89.4
580.06      89.9
580.07      90.8
580.08      93.3
580.09      93.0
580.10      93.0
580.11      93.8
580.12      94.5
580.13      94.7
580.14      95.0
580.15      96.7
580.16      97.2
580.17      97.7
580.18      97.7
580.19      96.2
580.20      93.5
580.21      91.8
580.22      91.8
580.23      90.8
580.24      89.6
580.25      90.8
580.26      90.4
580.27      89.6
580.28      90.4
580.29      92.1
580.30      92.6
580.31      92.6
580.32      92.3
580.33      91.8
580.34      90.1
580.35      90.4
580.36      89.9
580.37      89.4
580.38      89.6
580.39      88.9
580.40      88.4
580.41      87.9
580.42      87.4
580.43      88.9
580.44      89.1
580.45      88.9
580.46      88.2
580.47      89.1
580.48      89.4
580.49      89.4
580.50      90.1
580.51      89.4
580.52      89.6
580.53      88.9
580.54      89.6
580.55      88.6
580.56      88.2
580.57      88.4
580.58      88.4
580.59      88.4
580.60      89.4
580.61      90.1
580.62      89.4
580.63      88.6
580.64      88.9
580.65      89.1
580.66      89.4
580.67      88.6
580.68      88.6
580.69      89.4
580.70      89.1
580.71      89.1
580.72      88.9
580.73      88.2
580.74      87.9
580.75      88.4
580.76      89.1
580.77      88.6
580.78      89.1
580.79      90.1
580.80      90.1
580.81      89.9
580.82      89.9
580.83      90.1
580.84      90.4
580.85      90.6
580.86      91.1
580.87      90.4
580.88      90.4
580.89      91.3
580.90      92.3
580.91      93.8
580.92      95.0
580.93      96.7
580.94      97.9
580.95      99.6
580.96      100.1
580.97      98.9
580.98      98.7
580.99      98.2
581.00      96.9
581.01      94.7
581.02      92.6
581.03      91.3
581.04      91.3
581.05      91.3
581.06      91.1
581.07      90.1
581.08      89.6
581.09      89.6
581.10      88.4
581.11      87.4
581.12      88.9
581.13      89.9
581.14      90.6
581.15      90.8
581.16      90.8
581.17      91.8
581.18      94.0
581.19      95.0
581.20      94.7
581.21      95.7
581.22      95.7
581.23      96.2
581.24      95.7
581.25      93.8
581.26      94.0
581.27      94.5
581.28      94.3
581.29      93.5
581.30      94.7
581.31      94.7
581.32      94.7
581.33      95.7
581.34      96.7
581.35      95.7
581.36      94.5
581.37      93.8
581.38      94.3
581.39      94.5
581.40      93.5
581.41      92.8
581.42      92.6
581.43      92.6
581.44      92.8
581.45      92.8
581.46      92.3
581.47      92.6
581.48      92.3
581.49      93.3
581.50      94.0
581.51      95.2
581.52      96.2
581.53      96.9
581.54      97.4
581.55      96.0
581.56      95.2
581.57      94.5
581.58      93.5
581.59      94.7
581.60      93.3
581.61      93.0
581.62      92.1
581.63      91.3
581.64      91.1
581.65      91.8
581.66      91.8
581.67      91.6
581.68      92.3
581.69      92.6
581.70      92.3
581.71      92.6
581.72      91.3
581.73      90.6
581.74      89.4
581.75      89.6
581.76      89.4
581.77      89.4
581.78      90.4
581.79      90.8
581.80      90.4
581.81      90.1
581.82      90.6
581.83      90.1
581.84      89.9
581.85      89.6
581.86      90.4
581.87      91.6
581.88      91.1
581.89      92.3
581.90      92.1
581.91      92.6
581.92      94.0
581.93      94.5
581.94      96.0
581.95      96.7
581.96      97.2
581.97      96.7
581.98      94.7
581.99      93.5
582.00      92.6
582.01      92.3
582.02      91.3
582.03      90.6
582.04      90.8
582.05      90.4
582.06      88.4
582.07      87.7
582.08      87.7
582.09      88.2
582.10      89.6
582.11      90.6
582.12      89.6
582.13      89.6
582.14      90.1
582.15      89.9
582.16      88.6
582.17      88.9
582.18      87.9
582.19      87.4
582.20      88.9
582.21      90.4
582.22      91.3
582.23      91.3
582.24      90.8
582.25      91.1
582.26      91.3
582.27      91.1
582.28      91.1
582.29      89.9
582.30      89.9
582.31      89.1
582.32      88.4
582.33      89.6
582.34      88.9
582.35      88.9
582.36      89.6
582.37      88.2
582.38      88.2
582.39      88.9
582.40      88.9
582.41      89.6
582.42      89.6
582.43      89.6
582.44      90.1
582.45      89.6
582.46      89.4
582.47      88.6
582.48      87.7
582.49      87.4
582.50      88.4
582.51      88.6
582.52      87.9
582.53      88.2
582.54      88.2
582.55      87.7
582.56      87.2
582.57      87.7
582.58      87.4
582.59      86.7
582.60      87.7
582.61      87.4
582.62      87.4
582.63      86.9
582.64      87.7
582.65      86.9
582.66      87.7
582.67      87.9
582.68      87.7
582.69      87.9
582.70      88.4
582.71      88.6
582.72      88.6
582.73      87.9
582.74      88.6
582.75      89.1
582.76      89.6
582.77      89.1
582.78      89.4
582.79      89.1
582.80      88.4
582.81      89.4
582.82      89.9
582.83      89.9
582.84      90.6
582.85      89.9
582.86      89.6
582.87      89.9
582.88      90.1
582.89      89.6
582.90      89.1
582.91      88.9
582.92      89.4
582.93      89.6
582.94      89.9
582.95      89.4
582.96      89.9
582.97      89.4
582.98      89.1
582.99      90.8
583.00      90.4
583.01      90.4
583.02      90.4
583.03      90.6
583.04      90.6
583.05      89.4
583.06      89.6
583.07      90.1
583.08      89.4
583.09      89.1
583.10      89.9
583.11      90.1
583.12      88.9
583.13      88.2
583.14      87.4
583.15      87.7
583.16      87.2
583.17      87.7
583.18      87.4
583.19      87.4
583.20      86.4
583.21      86.4
583.22      86.4
583.23      86.9
583.24      87.2
583.25      87.2
583.26      87.7
583.27      87.9
583.28      88.9
583.29      91.1
583.30      91.8
583.31      92.3
583.32      93.3
583.33      94.7
583.34      95.7
583.35      95.2
583.36      95.0
583.37      94.7
583.38      95.0
583.39      95.5
583.40      94.7
583.41      94.3
583.42      93.0
583.43      93.3
583.44      92.6
583.45      92.8
583.46      92.1
583.47      91.1
583.48      89.9
583.49      90.1
583.50      90.4
583.51      90.4
583.52      90.6
583.53      89.6
583.54      89.4
583.55      89.4
583.56      89.4
583.57      89.1
583.58      88.6
583.59      89.1
583.60      90.4
583.61      89.6
583.62      89.1
583.63      89.6
583.64      89.6
583.65      90.4
583.66      89.9
583.67      90.1
583.68      90.1
583.69      90.1
583.70      90.8
583.71      90.8
583.72      89.4
583.73      90.4
583.74      89.9
583.75      89.4
583.76      88.9
583.77      88.6
583.78      88.9
583.79      88.2
583.80      89.4
583.81      89.1
583.82      88.6
583.83      88.9
583.84      88.4
583.85      89.1
583.86      89.4
583.87      89.4
583.88      88.9
583.89      88.4
583.90      89.1
583.91      89.6
583.92      89.4
583.93      90.6
583.94      91.8
583.95      91.3
583.96      90.6
583.97      91.3
583.98      92.1
583.99      92.3
584.00      92.8
584.01      91.6
584.02      91.1
584.03      91.3
584.04      90.6
584.05      90.4
584.06      89.1
584.07      89.6
584.08      89.9
584.09      89.9
584.10      90.4
584.11      91.3
584.12      91.6
584.13      91.3
584.14      91.3
584.15      91.6
584.16      92.1
584.17      91.1
584.18      91.1
584.19      90.6
584.20      89.4
584.21      88.9
584.22      90.4
584.23      90.4
584.24      90.6
584.25      90.8
584.26      91.1
584.27      92.1
584.28      91.3
584.29      92.3
584.30      92.3
584.31      93.5
584.32      93.5
584.33      92.8
584.34      92.8
584.35      92.1
584.36      91.1
584.37      91.1
584.38      91.1
584.39      89.9
584.40      89.9
584.41      89.4
584.42      90.4
584.43      90.6
584.44      89.6
584.45      90.1
584.46      90.6
584.47      91.6
584.48      91.8
584.49      91.3
584.50      90.8
584.51      90.1
584.52      89.1
584.53      88.9
584.54      89.6
584.55      89.4
584.56      88.6
584.57      88.9
584.58      88.9
584.59      88.6
584.60      88.2
584.61      88.9
584.62      89.6
584.63      88.9
584.64      89.1
584.65      89.6
584.66      91.1
584.67      91.8
584.68      93.0
584.69      93.0
584.70      92.8
584.71      91.8
584.72      91.3
584.73      90.1
584.74      89.9
584.75      89.4
584.76      88.4
584.77      87.9
584.78      88.4
584.79      88.4
584.80      89.1
584.81      89.4
584.82      89.9
584.83      89.9
584.84      89.4
584.85      88.6
584.86      89.9
584.87      91.1
584.88      91.1
584.89      91.3
584.90      90.8
584.91      91.1
584.92      90.8
584.93      91.1
584.94      90.1
584.95      90.1
584.96      90.1
584.97      88.9
584.98      88.9
584.99      88.9
585.00      89.1
585.01      88.9
585.02      88.9
585.03      88.6
585.04      88.6
585.05      89.1
585.06      86.9
585.07      86.9
585.08      87.4
585.09      87.4
585.10      87.7
585.11      87.9
585.12      88.9
585.13      89.9
585.14      89.1
585.15      89.4
585.16      89.1
585.17      89.6
585.18      89.6
585.19      89.9
585.20      89.9
585.21      88.6
585.22      88.2
585.23      88.2
585.24      88.2
585.25      87.7
585.26      87.4
585.27      87.9
585.28      88.2
585.29      87.9
585.30      87.4
585.31      87.7
585.32      87.7
585.33      87.7
585.34      88.2
585.35      89.4
585.36      89.6
585.37      89.4
585.38      90.1
585.39      90.6
585.40      88.6
585.41      89.9
585.42      89.6
585.43      90.6
585.44      91.1
585.45      92.1
585.46      92.1
585.47      91.8
585.48      91.8
585.49      91.1
585.50      91.1
585.51      91.1
585.52      91.1
585.53      90.4
585.54      90.1
585.55      89.1
585.56      89.1
585.57      88.6
585.58      88.6
585.59      88.2
585.60      89.6
585.61      89.9
585.62      89.6
585.63      90.1
585.64      90.8
585.65      91.6
585.66      90.8
585.67      90.1
585.68      90.8
585.69      90.4
585.70      88.6
585.71      87.7
585.72      88.4
585.73      88.9
585.74      88.9
585.75      89.1
585.76      89.6
585.77      89.1
585.78      88.9
585.79      88.9
585.80      88.9
585.81      89.6
585.82      89.9
585.83      90.6
585.84      90.6
585.85      90.8
585.86      90.4
585.87      90.1
585.88      91.1
585.89      90.6
585.90      90.4
585.91      90.4
585.92      90.1
585.93      91.1
585.94      91.8
585.95      92.1
585.96      91.3
585.97      90.1
585.98      89.6
585.99      89.9
586.00      89.1
586.01      89.4
586.02      90.4
586.03      89.6
586.04      88.6
586.05      89.1
586.06      87.9
586.07      87.4
586.08      87.2
586.09      87.2
586.10      87.2
586.11      87.7
586.12      86.9
586.13      87.9
586.14      88.6
586.15      89.1
586.16      88.6
586.17      87.9
586.18      87.2
586.19      88.2
586.20      88.6
586.21      88.2
586.22      89.4
586.23      88.4
586.24      89.4
586.25      90.1
586.26      89.6
586.27      90.1
586.28      89.9
586.29      88.9
586.30      89.6
586.31      90.1
586.32      90.1
586.33      89.9
586.34      89.6
586.35      88.6
586.36      88.4
586.37      88.9
586.38      88.6
586.39      88.9
586.40      88.4
586.41      88.4
586.42      87.9
586.43      89.4
586.44      90.1
586.45      89.1
586.46      88.6
586.47      88.2
586.48      88.6
586.49      88.4
586.50      88.2
586.51      87.9
586.52      87.2
586.53      88.2
586.54      87.7
586.55      88.6
586.56      89.1
586.57      89.9
586.58      90.4
586.59      90.1
586.60      89.6
586.61      89.4
586.62      89.6
586.63      89.4
586.64      90.4
586.65      90.6
586.66      91.3
586.67      91.3
586.68      90.8
586.69      91.3
586.70      90.4
586.71      89.6
586.72      90.8
586.73      92.6
586.74      92.6
586.75      91.8
586.76      91.1
586.77      90.1
586.78      90.1
586.79      89.1
586.80      89.1
586.81      90.1
586.82      89.9
586.83      88.6
586.84      87.7
586.85      88.4
586.86      88.9
586.87      89.1
586.88      88.4
586.89      88.4
586.90      89.4
586.91      89.6
586.92      89.9
586.93      91.3
586.94      91.6
586.95      92.1
586.96      91.8
586.97      90.8
586.98      90.6
586.99      90.1
587.00      89.6
587.01      89.6
587.02      90.6
587.03      89.6
587.04      90.6
587.05      90.6
587.06      91.1
587.07      91.3
587.08      90.6
587.09      90.6
587.10      89.6
587.11      89.9
587.12      90.1
587.13      89.9
587.14      89.6
587.15      89.6
587.16      90.1
587.17      91.1
587.18      90.6
587.19      89.9
587.20      89.1
587.21      89.6
587.22      87.9
587.23      87.7
587.24      87.7
587.25      88.4
587.26      87.9
587.27      86.9
587.28      88.4
587.29      87.9
587.30      88.2
587.31      88.9
587.32      89.1
587.33      89.9
587.34      90.8
587.35      91.3
587.36      91.3
587.37      90.6
587.38      91.1
587.39      91.6
587.40      91.6
587.41      90.6
587.42      90.4
587.43      89.4
587.44      88.4
587.45      88.6
587.46      88.6
587.47      88.9
587.48      90.1
587.49      90.6
587.50      90.6
587.51      90.8
587.52      90.8
587.53      92.6
587.54      93.8
587.55      95.7
587.56      96.9
587.57      97.7
587.58      96.9
587.59      96.0
587.60      95.2
587.61      95.0
587.62      94.0
587.63      93.3
587.64      93.5
587.65      93.5
587.66      93.0
587.67      91.6
587.68      91.1
587.69      90.8
587.70      91.3
587.71      90.6
587.72      90.4
587.73      90.6
587.74      90.6
587.75      90.8
587.76      90.8
587.77      91.6
587.78      91.3
587.79      91.1
587.80      91.6
587.81      91.3
587.82      90.6
587.83      89.9
587.84      90.8
587.85      90.1
587.86      90.8
587.87      90.8
587.88      91.6
587.89      90.1
587.90      89.4
587.91      88.6
587.92      89.4
587.93      89.6
587.94      89.4
587.95      88.9
587.96      88.6
587.97      88.4
587.98      88.9
587.99      89.1
588.00      89.4
588.01      89.1
588.02      87.2
588.03      86.4
588.04      86.4
588.05      88.4
588.06      89.9
588.07      90.6
588.08      92.3
588.09      92.6
588.10      92.8
588.11      93.3
588.12      93.0
588.13      92.1
588.14      92.6
588.15      93.0
588.16      93.5
588.17      93.0
588.18      91.8
588.19      91.3
588.20      90.4
588.21      91.1
588.22      92.8
588.23      93.0
588.24      94.3
588.25      94.7
588.26      94.0
588.27      93.0
588.28      93.3
588.29      93.3
588.30      93.0
588.31      92.3
588.32      90.6
588.33      90.1
588.34      89.9
588.35      90.8
588.36      89.9
588.37      89.4
588.38      88.9
588.39      89.9
588.40      89.9
588.41      89.6
588.42      89.6
588.43      89.4
588.44      90.1
588.45      89.6
588.46      89.6
588.47      91.1
588.48      91.6
588.49      91.6
588.50      93.3
588.51      95.0
588.52      96.0
588.53      94.7
588.54      94.7
588.55      95.2
588.56      96.9
588.57      97.9
588.58      96.9
588.59      96.7
588.60      96.0
588.61      96.0
588.62      96.0
588.63      98.2
588.64      98.4
588.65      100.4
588.66      101.6
588.67      103.1
588.68      105.3
588.69      104.8
588.70      103.1
588.71      100.9
588.72      98.9
588.73      95.7
588.74      93.5
588.75      92.3
588.76      91.3
588.77      91.6
588.78      91.8
588.79      92.1
588.80      91.6
588.81      91.6
588.82      91.3
588.83      90.4
588.84      89.6
588.85      89.6
588.86      90.8
588.87      90.4
588.88      89.6
588.89      89.6
588.90      89.4
588.91      89.9
588.92      89.9
588.93      89.6
588.94      89.9
588.95      88.4
588.96      87.7
588.97      87.2
588.98      87.9
588.99      88.2
589.00      88.6
589.01      88.6
589.02      87.9
589.03      87.9
589.04      88.6
589.05      88.4
589.06      87.7
589.07      89.4
589.08      89.6
589.09      90.1
589.10      90.6
589.11      89.4
589.12      89.4
589.13      89.1
589.14      89.6
589.15      90.1
589.16      90.1
589.17      90.6
589.18      89.9
589.19      89.4
589.20      90.1
589.21      90.6
589.22      90.4
589.23      91.1
589.24      92.6
589.25      93.3
589.26      95.2
589.27      95.0
589.28      94.5
589.29      94.3
589.30      94.5
589.31      93.8
589.32      92.6
589.33      91.8
589.34      91.6
589.35      91.6
589.36      89.9
589.37      90.4
589.38      90.6
589.39      91.8
589.40      91.3
589.41      89.4
589.42      88.6
589.43      89.6
589.44      89.9
589.45      89.9
589.46      89.1
589.47      89.6
589.48      90.6
589.49      91.1
589.50      91.3
589.51      92.1
589.52      91.3
589.53      91.6
589.54      90.8
589.55      90.1
589.56      89.4
589.57      90.4
589.58      89.6
589.59      90.6
589.60      89.9
589.61      90.1
589.62      89.6
589.63      89.9
589.64      88.4
589.65      89.1
589.66      88.9
589.67      88.6
589.68      88.9
589.69      90.1
589.70      89.4
589.71      88.6
589.72      87.9
589.73      88.6
589.74      89.6
589.75      89.4
589.76      89.4
589.77      89.1
589.78      88.2
589.79      87.7
589.80      87.7
589.81      87.4
589.82      87.9
589.83      88.2
589.84      88.9
589.85      89.1
589.86      89.1
589.87      89.1
589.88      88.6
589.89      88.9
589.90      88.9
589.91      88.4
589.92      88.2
589.93      87.9
589.94      87.2
589.95      87.7
589.96      87.2
589.97      87.7
589.98      88.6
589.99      88.9
590.00      88.9
590.01      88.4
590.02      87.9
590.03      87.9
590.04      88.9
590.05      89.1
590.06      89.1
590.07      88.6
590.08      88.4
590.09      88.2
590.10      88.4
590.11      88.6
590.12      89.6
590.13      89.9
590.14      88.9
590.15      89.9
590.16      90.6
590.17      89.9
590.18      89.1
590.19      89.4
590.20      89.6
590.21      89.6
590.22      89.9
590.23      90.1
590.24      89.4
590.25      89.1
590.26      90.8
590.27      89.6
590.28      88.4
590.29      88.4
590.30      87.7
590.31      88.2
590.32      87.9
590.33      88.2
590.34      87.2
590.35      87.7
590.36      87.2
590.37      88.2
590.38      88.9
590.39      89.6
590.40      89.4
590.41      88.4
590.42      88.6
590.43      88.4
590.44      88.2
590.45      87.9
590.46      88.2
590.47      89.4
590.48      89.1
590.49      89.4
590.50      89.6
590.51      90.6
590.52      91.3
590.53      90.8
590.54      91.1
590.55      90.8
590.56      89.6
590.57      88.9
590.58      89.9
590.59      90.1
590.60      89.9
590.61      91.3
590.62      91.8
590.63      92.1
590.64      90.6
590.65      89.1
590.66      89.4
590.67      89.4
590.68      89.1
590.69      91.3
590.70      92.3
590.71      92.3
590.72      90.6
590.73      90.1
590.74      89.9
590.75      89.9
590.76      90.4
590.77      90.1
590.78      89.1
590.79      89.1
590.80      88.6
590.81      88.9
590.82      88.9
590.83      88.4
590.84      89.4
590.85      90.1
590.86      89.4
590.87      88.2
590.88      88.9
590.89      88.4
590.90      87.7
590.91      88.4
590.92      88.9
590.93      87.4
590.94      87.7
590.95      86.4
590.96      86.7
590.97      88.2
590.98      88.9
590.99      89.4
591.00      88.2
591.01      88.9
591.02      89.1
591.03      89.9
591.04      89.4
591.05      88.2
591.06      86.9
591.07      87.7
591.08      87.4
591.09      86.9
591.10      88.2
591.11      89.1
591.12      89.1
591.13      88.4
591.14      88.2
591.15      88.4
591.16      88.9
591.17      89.9
591.18      89.6
591.19      89.4
591.20      89.4
591.21      89.6
591.22      89.1
591.23      89.9
591.24      89.9
591.25      90.1
591.26      91.1
591.27      91.6
591.28      92.3
591.29      93.0
591.30      94.0
591.31      94.5
591.32      95.0
591.33      95.2
591.34      95.5
591.35      96.0
591.36      95.5
591.37      94.0
591.38      93.0
591.39      91.8
591.40      91.1
591.41      89.1
591.42      88.6
591.43      90.1
591.44      90.1
591.45      89.1
591.46      89.9
591.47      90.4
591.48      90.8
591.49      90.1
591.50      91.3
591.51      92.6
591.52      91.1
591.53      90.8
591.54      90.6
591.55      90.6
591.56      89.4
591.57      90.4
591.58      91.6
591.59      90.6
591.60      90.4
591.61      88.4
591.62      87.2
591.63      87.4
591.64      88.2
591.65      88.4
591.66      88.2
591.67      88.6
591.68      88.4
591.69      87.9
591.70      88.2
591.71      89.1
591.72      89.4
591.73      90.8
591.74      91.1
591.75      91.6
591.76      91.6
591.77      91.1
591.78      91.6
591.79      91.8
591.80      91.8
591.81      92.1
591.82      91.6
591.83      91.1
591.84      90.6
591.85      90.1
591.86      89.4
591.87      89.4
591.88      88.4
591.89      88.4
591.90      88.2
591.91      87.4
591.92      87.9
591.93      88.4
591.94      89.1
591.95      88.9
591.96      89.6
591.97      89.1
591.98      88.6
591.99      88.4
592.00      88.9
592.01      87.7
592.02      87.7
592.03      88.6
592.04      88.6
592.05      89.4
592.06      88.4
592.07      87.9
592.08      88.6
592.09      89.6
592.10      88.9
592.11      88.6
592.12      87.4
592.13      87.4
592.14      86.9
592.15      88.6
592.16      89.4
592.17      90.4
592.18      91.1
592.19      90.8
592.20      91.8
592.21      91.3
592.22      91.1
592.23      91.1
592.24      90.8
592.25      90.8
592.26      91.1
592.27      90.6
592.28      90.8
592.29      90.4
592.30      88.9
592.31      88.9
592.32      89.1
592.33      88.6
592.34      89.1
592.35      89.4
592.36      88.9
592.37      89.4
592.38      89.1
592.39      89.4
592.40      90.1
592.41      89.4
592.42      89.1
592.43      88.9
592.44      88.6
592.45      88.6
592.46      89.1
592.47      89.9
592.48      89.1
592.49      88.6
592.50      88.6
592.51      88.2
592.52      89.4
592.53      90.1
592.54      90.4
592.55      89.4
592.56      89.6
592.57      89.4
592.58      87.9
592.59      87.4
592.60      89.1
592.61      89.4
592.62      90.1
592.63      91.3
592.64      92.3
592.65      94.0
592.66      95.0
592.67      95.5
592.68      95.5
592.69      95.7
592.70      95.0
592.71      94.3
592.72      92.8
592.73      93.3
592.74      92.6
592.75      91.3
592.76      90.1
592.77      90.1
592.78      90.1
592.79      90.8
592.80      90.4
592.81      90.8
592.82      91.6
592.83      91.6
592.84      92.6
592.85      94.5
592.86      96.2
592.87      96.9
592.88      96.5
592.89      95.0
592.90      94.0
592.91      93.5
592.92      93.3
592.93      92.8
592.94      92.6
592.95      91.1
592.96      90.8
592.97      91.3
592.98      90.4
592.99      89.4
593.00      89.4
593.01      90.1
593.02      88.9
593.03      87.9
593.04      86.0
593.05      87.4
593.06      88.4
593.07      88.2
593.08      87.4
593.09      87.9
593.10      88.2
593.11      87.7
593.12      87.9
593.13      87.4
593.14      88.4
593.15      88.6
593.16      89.9
593.17      90.4
593.18      90.4
593.19      89.9
593.20      89.6
593.21      89.6
593.22      89.4
593.23      89.6
593.24      89.9
593.25      89.1
593.26      89.9
593.27      92.1
593.28      92.6
593.29      93.5
593.30      94.0
593.31      93.3
593.32      92.6
593.33      92.3
593.34      91.6
593.35      90.4
593.36      89.4
593.37      90.1
593.38      89.9
593.39      89.1
593.40      88.6
593.41      87.7
593.42      88.4
593.43      88.2
593.44      89.1
593.45      88.6
593.46      86.9
593.47      88.4
593.48      88.9
593.49      88.9
593.50      88.2
593.51      88.6
593.52      88.4
593.53      88.9
593.54      88.9
593.55      90.4
593.56      92.6
593.57      94.0
593.58      95.5
593.59      96.9
593.60      96.7
593.61      96.9
593.62      96.7
593.63      97.2
593.64      95.0
593.65      94.3
593.66      92.3
593.67      91.8
593.68      92.1
593.69      91.3
593.70      90.1
593.71      89.6
593.72      89.9
593.73      89.9
593.74      89.1
593.75      89.4
593.76      88.6
593.77      87.9
593.78      88.9
593.79      89.1
593.80      88.9
593.81      88.4
593.82      89.4
593.83      88.9
593.84      88.2
593.85      88.2
593.86      89.4
593.87      90.1
593.88      89.4
593.89      89.9
593.90      90.1
593.91      90.1
593.92      89.6
593.93      89.6
593.94      89.1
593.95      89.4
593.96      88.6
593.97      89.1
593.98      89.4
593.99      89.1
594.00      89.4
594.01      90.1
594.02      89.9
594.03      90.8
594.04      91.3
594.05      91.8
594.06      91.1
594.07      92.6
594.08      92.1
594.09      93.8
594.10      94.0
594.11      93.8
594.12      93.0
594.13      92.3
594.14      91.8
594.15      92.1
594.16      91.8
594.17      90.8
594.18      90.1
594.19      89.6
594.20      88.6
594.21      87.4
594.22      87.7
594.23      87.2
594.24      88.6
594.25      89.1
594.26      88.6
594.27      89.1
594.28      88.4
594.29      88.9
594.30      88.2
594.31      87.7
594.32      88.2
594.33      87.4
594.34      87.4
594.35      88.4
594.36      88.9
594.37      88.9
594.38      87.9
594.39      87.7
594.40      87.4
594.41      87.7
594.42      88.2
594.43      88.9
594.44      88.4
594.45      88.9
594.46      89.9
594.47      91.6
594.48      92.6
594.49      92.3
594.50      92.6
594.51      91.3
594.52      89.9
594.53      88.9
594.54      89.9
594.55      90.4
594.56      90.6
594.57      90.4
594.58      90.4
594.59      91.1
594.60      90.4
594.61      90.4
594.62      90.6
594.63      90.8
594.64      89.4
594.65      90.4
594.66      91.6
594.67      91.6
594.68      91.6
594.69      92.3
594.70      93.3
594.71      94.5
594.72      95.7
594.73      95.7
594.74      96.2
594.75      96.2
594.76      95.5
594.77      95.7
594.78      95.2
594.79      93.8
594.80      94.3
594.81      93.8
594.82      91.8
594.83      91.8
594.84      92.1
594.85      92.1
594.86      91.6
594.87      91.3
594.88      91.8
594.89      92.3
594.90      91.6
594.91      91.3
594.92      91.3
594.93      91.1
594.94      89.9
594.95      89.6
594.96      88.6
594.97      88.2
594.98      89.1
594.99      89.6
595.00      90.1
595.01      91.3
595.02      92.1
595.03      91.8
595.04      92.3
595.05      92.6
595.06      91.3
595.07      90.6
595.08      90.6
595.09      90.4
595.10      89.6
595.11      89.4
595.12      89.4
595.13      88.6
595.14      88.4
595.15      88.6
595.16      89.1
595.17      89.6
595.18      89.1
595.19      88.6
595.20      87.7
595.21      87.9
595.22      88.4
595.23      89.1
595.24      89.9
595.25      90.6
595.26      90.4
595.27      89.9
595.28      90.1
595.29      90.6
595.30      90.4
595.31      89.9
595.32      89.9
595.33      89.9
595.34      89.6
595.35      88.9
595.36      89.1
595.37      88.2
595.38      87.7
595.39      89.1
595.40      88.6
595.41      88.2
595.42      88.2
595.43      88.2
595.44      88.4
595.45      88.4
595.46      88.4
595.47      89.1
595.48      88.6
595.49      88.6
595.50      88.4
595.51      87.9
595.52      89.1
595.53      89.1
595.54      88.6
595.55      89.9
595.56      89.4
595.57      90.1
595.58      90.6
595.59      91.8
595.60      91.8
595.61      90.8
595.62      90.6
595.63      92.3
595.64      93.0
595.65      93.3
595.66      94.5
595.67      96.7
595.68      96.7
595.69      97.2
595.70      96.9
595.71      96.2
595.72      95.2
595.73      93.8
595.74      91.6
595.75      90.8
595.76      91.1
595.77      90.4
595.78      89.6
595.79      89.1
595.80      88.4
595.81      88.6
595.82      88.2
595.83      86.7
595.84      87.9
595.85      87.9
595.86      88.6
595.87      88.4
595.88      88.2
595.89      88.6
595.90      88.9
595.91      89.6
595.92      89.6
595.93      89.1
595.94      89.1
595.95      88.4
595.96      87.9
595.97      88.2
595.98      88.6
595.99      90.1
596.00      90.6
596.01      89.9
596.02      89.4
596.03      90.1
596.04      89.6
596.05      89.4
596.06      89.4
596.07      90.1
596.08      90.4
596.09      91.3
596.10      90.1
596.11      89.6
596.12      89.9
596.13      89.1
596.14      88.2
596.15      88.4
596.16      89.4
596.17      90.4
596.18      89.6
596.19      90.1
596.20      89.9
596.21      89.9
596.22      88.9
596.23      88.9
596.24      90.1
596.25      89.6
596.26      89.9
596.27      88.9
596.28      88.6
596.29      88.6
596.30      88.4
596.31      88.9
596.32      88.9
596.33      88.9
596.34      88.9
596.35      89.4
596.36      90.1
596.37      90.6
596.38      91.1
596.39      93.3
596.40      94.5
596.41      95.5
596.42      96.9
596.43      96.7
596.44      96.0
596.45      93.8
596.46      92.8
596.47      92.1
596.48      91.6
596.49      90.6
596.50      89.4
596.51      89.4
596.52      89.4
596.53      88.6
596.54      89.6
596.55      88.6
596.56      86.9
596.57      87.7
596.58      87.2
596.59      86.9
596.60      88.4
596.61      89.6
596.62      89.6
596.63      90.1
596.64      90.4
596.65      91.3
596.66      90.4
596.67      91.1
596.68      91.8
596.69      91.1
596.70      91.3
596.71      92.3
596.72      92.3
596.73      91.3
596.74      89.9
596.75      88.9
596.76      88.4
596.77      88.6
596.78      89.4
596.79      88.9
596.80      89.4
596.81      89.6
596.82      89.4
596.83      89.6
596.84      89.9
596.85      89.1
596.86      89.1
596.87      89.9
596.88      89.4
596.89      89.6
596.90      90.1
596.91      90.1
596.92      90.1
596.93      89.6
596.94      89.9
596.95      88.4
596.96      88.2
596.97      87.4
596.98      87.9
596.99      87.9
597.00      88.2
597.01      87.9
597.02      87.7
597.03      87.7
597.04      88.9
597.05      89.6
597.06      89.4
597.07      89.6
597.08      90.1
597.09      91.6
597.10      92.1
597.11      90.8
597.12      90.8
597.13      90.4
597.14      89.9
597.15      89.1
597.16      91.3
597.17      93.5
597.18      94.7
597.19      97.2
597.20      97.7
597.21      99.1
597.22      97.9
597.23      96.9
597.24      95.7
597.25      92.8
597.26      92.8
597.27      92.6
597.28      91.6
597.29      90.4
597.30      89.9
597.31      88.9
597.32      88.4
597.33      89.4
597.34      89.6
597.35      89.6
597.36      89.9
597.37      90.8
597.38      91.6
597.39      92.6
597.40      91.6
597.41      91.6
597.42      92.1
597.43      92.6
597.44      93.0
597.45      93.5
597.46      93.8
597.47      94.3
597.48      94.0
597.49      91.8
597.50      91.8
597.51      91.6
597.52      91.1
597.53      90.1
597.54      90.1
597.55      90.1
597.56      90.1
597.57      88.9
597.58      88.6
597.59      88.9
597.60      87.7
597.61      87.2
597.62      87.2
597.63      87.7
597.64      87.7
597.65      87.7
597.66      88.4
597.67      89.4
597.68      88.6
597.69      88.6
597.70      87.7
597.71      87.7
597.72      88.6
597.73      88.6
597.74      87.9
597.75      88.2
597.76      87.7
597.77      87.2
597.78      87.9
597.79      87.9
597.80      88.4
597.81      89.6
597.82      90.1
597.83      89.6
597.84      90.1
597.85      90.1
597.86      91.3
597.87      92.6
597.88      93.3
597.89      94.3
597.90      94.7
597.91      95.2
597.92      94.0
597.93      94.5
597.94      93.0
597.95      92.8
597.96      92.1
597.97      90.1
597.98      89.6
597.99      88.9
598.00      88.6
598.01      88.2
598.02      87.7
598.03      87.9
598.04      88.4
598.05      87.9
598.06      87.9
598.07      87.7
598.08      87.9
598.09      87.9
598.10      88.4
598.11      87.2
598.12      87.4
598.13      87.9
598.14      87.2
598.15      86.9
598.16      87.7
598.17      87.9
598.18      87.9
598.19      87.9
598.20      87.7
598.21      86.4
598.22      86.4
598.23      86.9
598.24      86.9
598.25      87.7
598.26      86.2
598.27      86.0
598.28      86.4
598.29      87.7
598.30      88.4
598.31      87.9
598.32      87.2
598.33      87.2
598.34      88.4
598.35      89.6
598.36      89.6
598.37      89.9
598.38      90.8
598.39      91.3
598.40      91.8
598.41      91.3
598.42      90.8
598.43      90.6
598.44      90.6
598.45      90.4
598.46      89.9
598.47      89.6
598.48      90.4
598.49      90.6
598.50      89.6
598.51      90.6
598.52      91.1
598.53      89.9
598.54      89.9
598.55      89.9
598.56      90.1
598.57      89.9
598.58      90.8
598.59      91.1
598.60      91.8
598.61      91.1
598.62      91.3
598.63      91.1
598.64      90.8
598.65      89.9
598.66      89.4
598.67      89.4
598.68      89.9
598.69      90.8
598.70      90.4
598.71      90.4
598.72      90.8
598.73      90.6
598.74      90.1
598.75      89.1
598.76      89.4
598.77      88.9
598.78      88.9
598.79      88.6
598.80      90.4
598.81      91.8
598.82      92.1
598.83      92.3
598.84      93.0
598.85      92.1
598.86      91.8
598.87      91.3
598.88      89.4
598.89      90.1
598.90      89.4
598.91      90.8
598.92      89.4
598.93      89.1
598.94      88.9
598.95      88.6
598.96      89.9
598.97      89.9
598.98      88.9
598.99      88.9
599.00      87.9
599.01      87.7
599.02      87.9
599.03      87.7
599.04      88.2
599.05      89.1
599.06      89.1
599.07      89.6
599.08      91.3
599.09      91.6
599.10      91.6
599.11      90.4
599.12      89.4
599.13      88.6
599.14      88.4
599.15      86.9
599.16      87.4
599.17      87.7
599.18      87.4
599.19      88.2
599.20      88.6
599.21      88.2
599.22      88.9
599.23      88.9
599.24      89.1
599.25      89.4
599.26      90.4
599.27      91.6
599.28      92.1
599.29      90.8
599.30      90.8
599.31      90.4
599.32      90.6
599.33      89.6
599.34      89.9
599.35      88.9
599.36      89.4
599.37      89.9
599.38      89.1
599.39      89.1
599.40      87.4
599.41      86.9
599.42      86.2
599.43      86.7
599.44      87.7
599.45      87.7
599.46      87.9
599.47      89.4
599.48      88.9
599.49      88.6
599.50      89.4
599.51      88.4
599.52      88.2
599.53      87.2
599.54      87.4
599.55      87.7
599.56      87.9
599.57      87.9
599.58      87.2
599.59      87.9
599.60      88.9
599.61      88.4
599.62      87.7
599.63      87.2
599.64      87.7
599.65      88.4
599.66      87.7
599.67      88.2
599.68      88.4
599.69      88.4
599.70      88.4
599.71      88.4
599.72      89.1
599.73      89.4
599.74      88.4
599.75      88.4
599.76      88.2
599.77      87.9
599.78      87.7
599.79      86.7
599.80      86.0
599.81      86.0
599.82      87.2
599.83      86.7
599.84      87.4
599.85      87.4
599.86      87.4
599.87      86.7
599.88      87.2
599.89      87.4
599.90      87.2
599.91      87.7
599.92      88.6
599.93      89.4
599.94      89.6
599.95      90.4
599.96      90.6
599.97      90.6
599.98      91.1
599.99      91.6
600.00      90.8
600.01      90.1
600.02      89.6
600.03      89.4
600.04      89.4
600.05      89.6
600.06      88.9
600.07      89.6
600.08      90.6
600.09      90.1
600.10      89.6
600.11      89.6
600.12      90.4
600.13      89.6
600.14      89.4
600.15      89.4
600.16      89.4
600.17      89.1
600.18      89.1
600.19      90.1
600.20      89.9
600.21      89.6
600.22      90.6
600.23      90.6
600.24      90.6
600.25      91.6
600.26      92.1
600.27      92.1
600.28      91.8
600.29      92.6
600.30      92.6
600.31      92.8
600.32      92.1
600.33      92.1
600.34      90.6
600.35      91.3
600.36      90.4
600.37      89.9
600.38      90.6
600.39      90.6
600.40      90.8
600.41      90.8
600.42      90.8
600.43      90.6
600.44      88.6
600.45      88.6
600.46      88.2
600.47      88.9
600.48      89.9
600.49      89.9
600.50      89.9
600.51      90.8
600.52      89.9
600.53      89.6
600.54      90.1
600.55      90.1
600.56      89.9
600.57      89.1
600.58      90.1
600.59      90.1
600.60      89.9
600.61      89.6
600.62      89.4
600.63      89.1
600.64      90.4
600.65      90.8
600.66      91.6
600.67      92.8
600.68      93.5
600.69      94.3
600.70      94.5
600.71      94.5
600.72      92.3
600.73      90.8
600.74      90.1
600.75      90.8
600.76      90.4
600.77      90.6
600.78      89.1
600.79      89.4
600.80      88.6
600.81      89.6
600.82      90.8
600.83      92.1
600.84      92.1
600.85      92.6
600.86      92.3
600.87      90.8
600.88      91.6
600.89      91.3
600.90      89.9
600.91      89.1
600.92      90.6
600.93      90.4
600.94      90.6
600.95      89.9
600.96      88.6
600.97      89.1
600.98      88.2
600.99      88.4
601.00      88.4
601.01      89.6
601.02      90.1
601.03      90.4
601.04      91.3
601.05      90.8
601.06      92.1
601.07      92.6
601.08      92.8
601.09      94.0
601.10      94.5
601.11      94.0
601.12      93.3
601.13      92.6
601.14      90.6
601.15      89.6
601.16      89.6
601.17      90.1
601.18      90.4
601.19      89.4
601.20      90.4
601.21      91.1
601.22      89.9
601.23      88.2
601.24      88.6
601.25      89.6
601.26      90.4
601.27      91.3
601.28      89.1
601.29      89.6
601.30      88.6
601.31      88.9
601.32      87.7
601.33      87.9
601.34      87.7
601.35      87.7
601.36      86.7
601.37      86.4
601.38      87.2
601.39      87.2
601.40      87.4
601.41      87.4
601.42      88.6
601.43      88.4
601.44      88.6
601.45      87.9
601.46      88.2
601.47      88.2
601.48      89.4
601.49      89.1
601.50      90.4
601.51      91.3
601.52      93.0
601.53      96.7
601.54      99.9
601.55      101.1
601.56      101.1
601.57      101.1
601.58      99.9
601.59      98.7
601.60      96.9
601.61      95.5
601.62      93.8
601.63      92.3
601.64      93.3
601.65      94.0
601.66      94.0
601.67      95.5
601.68      96.2
601.69      96.7
601.70      96.5
601.71      96.5
601.72      96.2
601.73      95.7
601.74      95.5
601.75      94.3
601.76      92.8
601.77      91.8
601.78      91.1
601.79      91.1
601.80      90.4
601.81      89.6
601.82      89.9
601.83      91.6
601.84      92.6
601.85      93.5
601.86      94.0
601.87      93.0
601.88      92.3
601.89      92.8
601.90      92.1
601.91      90.6
601.92      89.9
601.93      89.9
601.94      90.6
601.95      90.4
601.96      88.6
601.97      88.6
601.98      88.6
601.99      88.9
602.00      87.9
602.01      87.9
602.02      87.7
602.03      88.2
602.04      88.9
602.05      88.4
602.06      88.9
602.07      88.4
602.08      88.6
602.09      89.9
602.10      91.3
602.11      91.6
602.12      91.1
602.13      89.9
602.14      89.9
602.15      89.4
602.16      88.4
602.17      87.9
602.18      87.7
602.19      86.7
602.20      87.2
602.21      87.7
602.22      88.2
602.23      87.7
602.24      88.4
602.25      87.9
602.26      88.6
602.27      88.4
602.28      88.4
602.29      88.2
602.30      88.2
602.31      88.6
602.32      88.6
602.33      89.1
602.34      89.9
602.35      89.4
602.36      89.1
602.37      88.6
602.38      88.9
602.39      88.2
602.40      88.2
602.41      88.9
602.42      89.6
602.43      89.6
602.44      89.6
602.45      89.6
602.46      89.9
602.47      90.4
602.48      91.1
602.49      92.6
602.50      94.3
602.51      96.7
602.52      98.9
602.53      98.9
602.54      98.2
602.55      96.2
602.56      96.5
602.57      95.2
602.58      93.3
602.59      93.0
602.60      92.6
602.61      91.8
602.62      92.1
602.63      92.1
602.64      91.8
602.65      91.3
602.66      89.6
602.67      89.1
602.68      89.1
602.69      89.6
602.70      88.9
602.71      89.1
602.72      88.4
602.73      88.6
602.74      89.1
602.75      89.4
602.76      89.1
602.77      88.6
602.78      88.6
602.79      88.9
602.80      88.4
602.81      89.1
602.82      89.6
602.83      90.1
602.84      90.8
602.85      92.1
602.86      94.5
602.87      95.2
602.88      96.5
602.89      97.9
602.90      98.7
602.91      100.4
602.92      98.9
602.93      98.2
602.94      96.9
602.95      95.2
602.96      93.8
602.97      93.0
602.98      90.8
602.99      89.9
603.00      89.9
603.01      89.1
603.02      87.9
603.03      87.9
603.04      88.6
603.05      89.6
603.06      89.1
603.07      89.9
603.08      90.1
603.09      89.6
603.10      89.4
603.11      89.1
603.12      88.6
603.13      87.9
603.14      89.1
603.15      89.9
603.16      89.6
603.17      89.6
603.18      90.4
603.19      92.1
603.20      91.8
603.21      91.8
603.22      91.8
603.23      92.6
603.24      93.0
603.25      93.5
603.26      94.0
603.27      92.3
603.28      91.6
603.29      90.4
603.30      89.6
603.31      88.9
603.32      89.1
603.33      89.1
603.34      88.4
603.35      88.6
603.36      89.1
603.37      88.2
603.38      88.4
603.39      87.9
603.40      88.6
603.41      88.2
603.42      87.9
603.43      88.2
603.44      89.1
603.45      88.6
603.46      88.4
603.47      88.2
603.48      88.6
603.49      89.4
603.50      89.4
603.51      89.4
603.52      89.9
603.53      89.9
603.54      90.1
603.55      89.1
603.56      89.6
603.57      89.9
603.58      89.9
603.59      90.6
603.60      90.4
603.61      89.4
603.62      89.4
603.63      88.9
603.64      89.1
603.65      89.4
603.66      89.4
603.67      91.1
603.68      90.8
603.69      90.8
603.70      90.1
603.71      90.1
603.72      90.1
603.73      90.1
603.74      90.1
603.75      89.6
603.76      89.1
603.77      90.1
603.78      90.8
603.79      91.1
603.80      89.9
603.81      89.9
603.82      88.6
603.83      87.7
603.84      88.2
603.85      87.9
603.86      87.7
603.87      88.2
603.88      87.9
603.89      88.2
603.90      88.6
603.91      88.9
603.92      89.9
603.93      89.9
603.94      90.4
603.95      90.1
603.96      88.4
603.97      88.6
603.98      88.6
603.99      88.9
604.00      89.1
604.01      89.1
604.02      88.6
604.03      89.1
604.04      88.6
604.05      88.9
604.06      88.9
604.07      88.9
604.08      88.9
604.09      87.9
604.10      87.9
604.11      88.6
604.12      88.6
604.13      88.4
604.14      87.2
604.15      87.4
604.16      88.6
604.17      88.2
604.18      88.6
604.19      87.4
604.20      87.9
604.21      88.2
604.22      88.2
604.23      87.4
604.24      88.2
604.25      89.4
604.26      89.6
604.27      90.4
604.28      91.3
604.29      91.8
604.30      91.8
604.31      91.1
604.32      91.1
604.33      90.6
604.34      89.6
604.35      90.1
604.36      90.1
604.37      90.1
604.38      89.9
604.39      89.4
604.40      89.9
604.41      90.1
604.42      89.1
604.43      89.9
604.44      90.1
604.45      90.8
604.46      89.6
604.47      89.6
604.48      89.1
604.49      89.4
604.50      89.4
604.51      89.1
604.52      88.2
604.53      87.4
604.54      87.9
604.55      87.7
604.56      86.4
604.57      87.2
604.58      87.2
604.59      88.4
604.60      88.2
604.61      88.2
604.62      88.4
604.63      89.1
604.64      88.2
604.65      88.9
604.66      89.4
604.67      89.1
604.68      88.6
604.69      89.1
604.70      89.1
604.71      89.1
604.72      89.4
604.73      89.6
604.74      88.9
604.75      89.1
604.76      88.2
604.77      87.9
604.78      87.7
604.79      87.9
604.80      88.6
604.81      88.2
604.82      88.9
604.83      89.1
604.84      91.1
604.85      91.8
604.86      92.3
604.87      93.0
604.88      93.5
604.89      92.8
604.90      92.1
604.91      91.6
604.92      92.3
604.93      91.1
604.94      91.6
604.95      91.6
604.96      92.3
604.97      92.1
604.98      91.8
604.99      92.1
605.00      92.6
605.01      92.1
605.02      90.4
605.03      88.9
605.04      88.4
605.05      88.4
605.06      88.4
605.07      88.4
605.08      88.6
605.09      88.9
605.10      88.6
605.11      89.9
605.12      89.9
605.13      89.9
605.14      89.1
605.15      88.9
605.16      88.4
605.17      88.6
605.18      87.9
605.19      88.2
605.20      90.6
605.21      92.6
605.22      93.3
605.23      93.5
605.24      92.8
605.25      92.1
605.26      92.1
605.27      91.3
605.28      90.4
605.29      89.9
605.30      89.1
605.31      88.9
605.32      88.9
605.33      88.9
605.34      88.4
605.35      88.9
605.36      88.9
605.37      88.4
605.38      87.7
605.39      87.4
605.40      87.2
605.41      88.6
605.42      88.6
605.43      87.9
605.44      87.7
605.45      87.9
605.46      87.4
605.47      87.7
605.48      87.7
605.49      88.4
605.50      88.9
605.51      88.9
605.52      89.1
605.53      88.6
605.54      88.6
605.55      88.4
605.56      88.9
605.57      87.9
605.58      88.2
605.59      88.2
605.60      87.9
605.61      88.4
605.62      87.4
605.63      87.9
605.64      87.2
605.65      88.4
605.66      88.4
605.67      88.4
605.68      87.7
605.69      87.4
605.70      88.4
605.71      88.9
605.72      88.4
605.73      88.6
605.74      89.1
605.75      88.9
605.76      88.4
605.77      88.6
605.78      88.9
605.79      87.9
605.80      87.4
605.81      88.4
605.82      88.4
605.83      88.2
605.84      87.9
605.85      88.6
605.86      87.7
605.87      88.2
605.88      88.2
605.89      88.4
605.90      89.1
605.91      88.4
605.92      88.9
605.93      90.1
605.94      91.1
605.95      90.8
605.96      90.4
605.97      91.3
605.98      90.4
605.99      89.4
606.00      88.9
606.01      88.4
606.02      89.1
606.03      88.2
606.04      88.4
606.05      88.4
606.06      88.4
606.07      88.6
606.08      88.2
606.09      88.2
606.10      88.2
606.11      88.4
606.12      88.6
606.13      88.9
606.14      87.9
606.15      87.7
606.16      87.9
606.17      88.4
606.18      88.6
606.19      88.6
606.20      88.2
606.21      87.4
606.22      88.2
606.23      88.4
606.24      87.2
606.25      87.4
606.26      88.4
606.27      88.9
606.28      89.4
606.29      89.9
606.30      90.4
606.31      90.1
606.32      90.6
606.33      90.6
606.34      91.1
606.35      91.3
606.36      91.8
606.37      93.3
606.38      95.2
606.39      96.0
606.40      97.2
606.41      97.2
606.42      96.2
606.43      95.5
606.44      94.3
606.45      94.3
606.46      93.3
606.47      92.3
606.48      91.3
606.49      90.8
606.50      91.3
606.51      91.8
606.52      90.8
606.53      90.4
606.54      89.9
606.55      89.9
606.56      90.4
606.57      90.4
606.58      90.6
606.59      90.8
606.60      90.6
606.61      90.8
606.62      92.1
606.63      93.8
606.64      94.5
606.65      94.0
606.66      94.5
606.67      95.0
606.68      94.7
606.69      93.0
606.70      93.0
606.71      92.8
606.72      92.3
606.73      90.8
606.74      90.4
606.75      90.1
606.76      89.1
606.77      89.4
606.78      90.8
606.79      90.4
606.80      88.9
606.81      89.9
606.82      89.6
606.83      89.9
606.84      89.1
606.85      88.9
606.86      88.9
606.87      88.9
606.88      89.4
606.89      88.9
606.90      88.4
606.91      89.4
606.92      89.4
606.93      89.9
606.94      89.4
606.95      88.9
606.96      88.9
606.97      89.4
606.98      89.6
606.99      89.4
607.00      89.9
607.01      90.4
607.02      89.4
607.03      88.9
607.04      88.6
607.05      88.9
607.06      88.9
607.07      89.1
607.08      89.1
607.09      89.6
607.10      89.4
607.11      89.9
607.12      90.1
607.13      90.4
607.14      88.6
607.15      88.6
607.16      88.9
607.17      88.2
607.18      88.2
607.19      88.4
607.20      88.4
607.21      86.9
607.22      86.7
607.23      87.7
607.24      88.4
607.25      88.2
607.26      87.9
607.27      87.7
607.28      87.7
607.29      87.9
607.30      87.4
607.31      87.7
607.32      88.4
607.33      88.4
607.34      88.4
607.35      87.4
607.36      86.9
607.37      87.2
607.38      87.7
607.39      87.4
607.40      86.4
607.41      86.7
607.42      87.2
607.43      88.9
607.44      88.2
607.45      86.9
607.46      86.0
607.47      87.2
607.48      87.2
607.49      87.2
607.50      88.2
607.51      87.4
607.52      87.4
607.53      88.2
607.54      88.2
607.55      89.1
607.56      90.4
607.57      89.9
607.58      89.6
607.59      89.1
607.60      88.9
607.61      88.9
607.62      89.9
607.63      90.8
607.64      90.6
607.65      90.1
607.66      89.4
607.67      89.4
607.68      89.1
607.69      90.4
607.70      90.6
607.71      90.6
607.72      93.0
607.73      94.5
607.74      95.2
607.75      97.7
607.76      98.9
607.77      100.1
607.78      100.1
607.79      98.9
607.80      97.9
607.81      97.4
607.82      96.5
607.83      96.5
607.84      96.7
607.85      95.7
607.86      93.5
607.87      91.8
607.88      91.3
607.89      91.8
607.90      90.8
607.91      89.9
607.92      89.4
607.93      89.1
607.94      88.6
607.95      88.4
607.96      88.6
607.97      89.6
607.98      89.6
607.99      89.9
608.00      88.9
608.01      87.9
608.02      87.9
608.03      88.2
608.04      88.4
608.05      87.7
608.06      87.7
608.07      88.4
608.08      88.6
608.09      89.1
608.10      89.6
608.11      89.9
608.12      88.9
608.13      88.4
608.14      88.2
608.15      88.4
608.16      89.9
608.17      90.1
608.18      90.1
608.19      90.8
608.20      90.6
608.21      89.4
608.22      90.1
608.23      90.8
608.24      90.8
608.25      90.1
608.26      89.9
608.27      90.8
608.28      90.8
608.29      90.1
608.30      89.4
608.31      88.9
608.32      88.9
608.33      89.6
608.34      88.9
608.35      88.2
608.36      86.7
608.37      87.2
608.38      87.2
608.39      88.4
608.40      88.6
608.41      88.9
608.42      87.9
608.43      87.9
608.44      88.2
608.45      86.9
608.46      87.7
608.47      87.4
608.48      89.4
608.49      89.4
608.50      88.9
608.51      88.6
608.52      87.7
608.53      87.2
608.54      87.7
608.55      88.4
608.56      88.6
608.57      87.9
608.58      88.6
608.59      88.4
608.60      87.9
608.61      88.4
608.62      89.1
608.63      88.2
608.64      89.4
608.65      90.6
608.66      90.6
608.67      90.4
608.68      90.6
608.69      90.6
608.70      91.1
608.71      91.6
608.72      92.6
608.73      92.6
608.74      92.3
608.75      92.6
608.76      92.8
608.77      94.3
608.78      95.0
608.79      96.2
608.80      93.5
608.81      91.6
608.82      91.3
608.83      90.6
608.84      90.6
608.85      89.1
608.86      88.9
608.87      89.4
608.88      88.9
608.89      87.7
608.90      87.4
608.91      87.9
608.92      87.9
608.93      87.4
608.94      86.7
608.95      86.7
608.96      86.4
608.97      87.7
608.98      88.2
608.99      87.2
609.00      87.7
609.01      87.9
609.02      87.4
609.03      87.2
609.04      87.4
609.05      89.4
609.06      91.3
609.07      91.3
609.08      90.8
609.09      90.8
609.10      90.1
609.11      89.1
609.12      88.9
609.13      89.1
609.14      88.9
609.15      89.6
609.16      88.4
609.17      87.7
609.18      87.9
609.19      87.7
609.20      87.4
609.21      87.4
609.22      88.4
609.23      89.9
609.24      90.4
609.25      90.8
609.26      92.1
609.27      93.0
609.28      94.3
609.29      94.5
609.30      95.0
609.31      94.7
609.32      93.8
609.33      93.0
609.34      92.1
609.35      90.8
609.36      89.1
609.37      88.6
609.38      89.1
609.39      89.4
609.40      87.9
609.41      88.4
609.42      88.9
609.43      88.4
609.44      88.6
609.45      88.6
609.46      87.9
609.47      87.7
609.48      88.6
609.49      88.9
609.50      89.6
609.51      89.9
609.52      90.6
609.53      91.3
609.54      91.3
609.55      92.1
609.56      92.8
609.57      92.1
609.58      91.8
609.59      90.8
609.60      90.6
609.61      91.3
609.62      92.1
609.63      92.6
609.64      94.0
609.65      95.0
609.66      94.7
609.67      95.7
609.68      94.5
609.69      93.5
609.70      92.3
609.71      91.3
609.72      90.8
609.73      90.8
609.74      89.4
609.75      89.4
609.76      89.9
609.77      88.6
609.78      87.7
609.79      87.7
609.80      87.7
609.81      88.2
609.82      88.2
609.83      89.4
609.84      89.4
609.85      89.1
609.86      88.4
609.87      87.7
609.88      88.2
609.89      88.9
609.90      88.6
609.91      87.4
609.92      87.4
609.93      87.4
609.94      87.2
609.95      88.2
609.96      88.6
609.97      89.4
609.98      88.9
609.99      87.7
610.00      87.9
610.01      88.2
610.02      88.2
610.03      88.6
610.04      89.9
610.05      90.4
610.06      91.6
610.07      93.0
610.08      93.3
610.09      93.0
610.10      93.3
610.11      92.8
610.12      92.8
610.13      91.8
610.14      91.6
610.15      90.1
610.16      88.6
610.17      88.4
610.18      88.2
610.19      86.7
610.20      85.5
610.21      85.7
610.22      86.4
610.23      87.2
610.24      88.2
610.25      88.2
610.26      87.9
610.27      88.6
610.28      87.9
610.29      88.4
610.30      88.2
610.31      88.4
610.32      88.2
610.33      88.4
610.34      88.6
610.35      88.6
610.36      88.6
610.37      87.7
610.38      87.2
610.39      88.4
610.40      89.1
610.41      89.6
610.42      88.6
610.43      88.9
610.44      90.1
610.45      89.1
610.46      90.1
610.47      90.1
610.48      91.3
610.49      91.3
610.50      92.1
610.51      92.3
610.52      92.6
610.53      91.8
610.54      91.6
610.55      90.4
610.56      89.9
610.57      89.9
610.58      88.9
610.59      89.1
610.60      88.9
610.61      88.4
610.62      88.2
610.63      87.9
610.64      88.9
610.65      90.1
610.66      91.6
610.67      92.8
610.68      94.3
610.69      94.0
610.70      93.8
610.71      92.3
610.72      92.3
610.73      91.8
610.74      91.8
610.75      90.8
610.76      90.1
610.77      89.9
610.78      90.6
610.79      90.1
610.80      89.9
610.81      88.6
610.82      88.4
610.83      89.1
610.84      88.2
610.85      88.6
610.86      88.2
610.87      88.2
610.88      88.9
610.89      88.6
610.90      88.6
610.91      88.9
610.92      88.2
610.93      87.4
610.94      86.4
610.95      85.0
610.96      85.5
610.97      85.7
610.98      86.4
610.99      88.4
611.00      88.6
611.01      88.4
611.02      89.4
611.03      89.4
611.04      88.6
611.05      89.1
611.06      89.4
611.07      88.9
611.08      88.6
611.09      89.4
611.10      90.8
611.11      91.3
611.12      91.6
611.13      91.1
611.14      91.1
611.15      89.9
611.16      89.6
611.17      89.6
611.18      89.6
611.19      89.1
611.20      89.6
611.21      88.9
611.22      88.6
611.23      88.2
611.24      88.2
611.25      88.2
611.26      88.2
611.27      87.7
611.28      88.6
611.29      89.1
611.30      88.2
611.31      88.4
611.32      88.6
611.33      89.4
611.34      88.6
611.35      87.9
611.36      87.7
611.37      86.9
611.38      87.2
611.39      88.2
611.40      87.2
611.41      88.4
611.42      89.1
611.43      89.6
611.44      89.9
611.45      90.8
611.46      91.1
611.47      90.4
611.48      90.4
611.49      89.4
611.50      89.4
611.51      91.1
611.52      92.6
611.53      91.1
611.54      89.1
611.55      89.4
611.56      88.9
611.57      88.4
611.58      89.4
611.59      89.6
611.60      89.1
611.61      89.6
611.62      89.1
611.63      88.9
611.64      89.1
611.65      88.4
611.66      87.7
611.67      87.9
611.68      87.9
611.69      88.6
611.70      89.1
611.71      88.2
611.72      87.9
611.73      88.2
611.74      88.2
611.75      87.9
611.76      88.2
611.77      88.6
611.78      87.9
611.79      88.6
611.80      90.4
611.81      92.6
611.82      94.5
611.83      97.2
611.84      98.7
611.85      99.1
611.86      97.9
611.87      97.4
611.88      96.2
611.89      95.0
611.90      94.5
611.91      92.1
611.92      91.8
611.93      92.1
611.94      91.1
611.95      91.1
611.96      89.4
611.97      89.4
611.98      88.9
611.99      89.4
612.00      89.1
612.01      88.2
612.02      87.7
612.03      87.2
612.04      87.9
612.05      88.2
612.06      88.2
612.07      88.6
612.08      88.6
612.09      88.4
612.10      88.6
612.11      87.9
612.12      87.2
612.13      87.7
612.14      88.4
612.15      88.2
612.16      88.9
612.17      89.9
612.18      89.9
612.19      88.2
612.20      87.4
612.21      86.7
612.22      86.7
612.23      86.4
612.24      86.2
612.25      86.7
612.26      86.4
612.27      86.9
612.28      87.7
612.29      87.2
612.30      86.4
612.31      88.2
612.32      88.2
612.33      88.9
612.34      90.6
612.35      92.1
612.36      93.0
612.37      93.8
612.38      94.5
612.39      94.5
612.40      94.3
612.41      94.0
612.42      93.0
612.43      92.1
612.44      90.8
612.45      91.6
612.46      91.8
612.47      91.1
612.48      89.6
612.49      89.4
612.50      89.1
612.51      88.9
612.52      88.2
612.53      88.6
612.54      87.9
612.55      87.2
612.56      86.9
612.57      86.9
612.58      86.4
612.59      87.9
612.60      88.6
612.61      87.9
612.62      87.9
612.63      87.7
612.64      87.4
612.65      87.4
612.66      87.7
612.67      88.9
612.68      88.4
612.69      89.1
612.70      89.1
612.71      88.4
612.72      88.6
612.73      89.1
612.74      89.1
612.75      89.6
612.76      89.9
612.77      90.1
612.78      88.9
612.79      88.6
612.80      88.9
612.81      89.4
612.82      89.4
612.83      88.9
612.84      88.2
612.85      88.4
612.86      87.9
612.87      86.9
612.88      87.2
612.89      87.4
612.90      86.2
612.91      86.4
612.92      86.7
612.93      86.2
612.94      86.9
612.95      86.9
612.96      86.9
612.97      88.6
612.98      88.4
612.99      88.6
613.00      87.9
613.01      88.4
613.02      89.6
613.03      90.4
613.04      91.1
613.05      90.6
613.06      91.6
613.07      92.1
613.08      90.1
613.09      89.9
613.10      90.1
613.11      91.3
613.12      93.8
613.13      97.4
613.14      99.1
613.15      99.4
613.16      99.4
613.17      100.1
613.18      100.1
613.19      97.7
613.20      94.5
613.21      93.5
613.22      91.8
613.23      90.6
613.24      90.6
613.25      90.1
613.26      88.4
613.27      87.9
613.28      87.7
613.29      87.9
613.30      87.9
613.31      88.2
613.32      87.9
613.33      87.7
613.34      87.7
613.35      88.2
613.36      88.4
613.37      88.9
613.38      89.1
613.39      88.6
613.40      89.6
613.41      90.1
613.42      90.1
613.43      89.9
613.44      90.4
613.45      90.1
613.46      90.4
613.47      90.4
613.48      89.1
613.49      89.1
613.50      90.4
613.51      90.8
613.52      90.8
613.53      91.3
613.54      91.8
613.55      91.3
613.56      91.6
613.57      91.3
613.58      90.8
613.59      88.9
613.60      89.6
613.61      88.9
613.62      87.9
613.63      88.9
613.64      88.2
613.65      88.4
613.66      89.1
613.67      89.1
613.68      88.6
613.69      88.4
613.70      88.4
613.71      88.9
613.72      87.9
613.73      87.9
613.74      88.4
613.75      88.9
613.76      89.6
613.77      89.1
613.78      89.1
613.79      89.1
613.80      88.4
613.81      87.7
613.82      88.6
613.83      88.9
613.84      88.2
613.85      87.7
613.86      88.6
613.87      89.4
613.88      87.9
613.89      88.2
613.90      88.6
613.91      88.4
613.92      88.2
613.93      88.2
613.94      87.4
613.95      87.9
613.96      88.4
613.97      88.6
613.98      88.9
613.99      89.1
614.00      88.6
614.01      89.4
614.02      88.9
614.03      88.6
614.04      89.1
614.05      88.6
614.06      88.2
614.07      88.6
614.08      87.9
614.09      86.9
614.10      86.9
614.11      87.2
614.12      88.2
614.13      88.4
614.14      87.9
614.15      88.2
614.16      88.6
614.17      89.1
614.18      89.4
614.19      90.1
614.20      89.6
614.21      89.6
614.22      90.6
614.23      90.6
614.24      92.1
614.25      93.3
614.26      93.3
614.27      92.8
614.28      92.6
614.29      92.3
614.30      90.6
614.31      90.4
614.32      90.1
614.33      90.1
614.34      88.6
614.35      88.2
614.36      87.9
614.37      88.2
614.38      88.2
614.39      86.9
614.40      86.9
614.41      87.2
614.42      86.7
614.43      86.4
614.44      86.0
614.45      87.4
614.46      88.4
614.47      87.9
614.48      88.2
614.49      89.9
614.50      88.9
614.51      88.6
614.52      87.4
614.53      88.4
614.54      88.4
614.55      89.1
614.56      87.9
614.57      87.4
614.58      87.2
614.59      87.9
614.60      87.2
614.61      86.7
614.62      87.4
614.63      87.4
614.64      87.4
614.65      87.2
614.66      87.4
614.67      86.9
614.68      86.9
614.69      86.0
614.70      86.7
614.71      87.2
614.72      86.7
614.73      86.4
614.74      87.2
614.75      87.7
614.76      87.7
614.77      88.6
614.78      88.6
614.79      89.1
614.80      89.1
614.81      88.9
614.82      87.4
614.83      87.4
614.84      87.2
614.85      86.2
614.86      86.9
614.87      86.9
614.88      87.9
614.89      87.9
614.90      87.7
614.91      87.7
614.92      87.7
614.93      87.2
614.94      87.2
614.95      88.2
614.96      88.6
614.97      88.2
614.98      87.2
614.99      87.9
615.00      88.6
615.01      87.4
615.02      87.9
615.03      87.7
615.04      86.4
615.05      86.2
615.06      86.4
615.07      86.9
615.08      87.2
615.09      87.4
615.10      88.2
615.11      88.2
615.12      88.4
615.13      88.4
615.14      87.2
615.15      86.7
615.16      86.9
615.17      86.2
615.18      86.4
615.19      87.4
615.20      88.4
615.21      88.6
615.22      88.4
615.23      88.4
615.24      89.1
615.25      88.9
615.26      88.9
615.27      88.2
615.28      87.2
615.29      86.7
615.30      87.7
615.31      89.9
615.32      91.1
615.33      91.3
615.34      93.5
615.35      93.8
615.36      93.3
615.37      92.6
615.38      92.1
615.39      91.1
615.40      90.4
615.41      91.1
615.42      91.1
615.43      90.8
615.44      90.4
615.45      90.8
615.46      90.4
615.47      89.6
615.48      89.4
615.49      89.1
615.50      88.2
615.51      89.1
615.52      89.6
615.53      89.1
615.54      88.9
615.55      87.9
615.56      88.2
615.57      88.4
615.58      88.6
615.59      88.4
615.60      87.9
615.61      88.6
615.62      89.9
615.63      89.6
615.64      89.6
615.65      89.4
615.66      88.2
615.67      89.4
615.68      88.2
615.69      87.4
615.70      87.9
615.71      87.4
615.72      87.7
615.73      87.7
615.74      87.2
615.75      86.7
615.76      86.9
615.77      87.7
615.78      88.2
615.79      88.9
615.80      89.4
615.81      89.9
615.82      90.8
615.83      90.6
615.84      90.4
615.85      90.8
615.86      90.4
615.87      90.1
615.88      89.4
615.89      90.4
615.90      90.6
615.91      89.9
615.92      88.2
615.93      87.4
615.94      88.2
615.95      88.6
615.96      88.9
615.97      88.4
615.98      87.9
615.99      88.6
616.00      87.9
616.01      87.2
616.02      87.2
616.03      86.9
616.04      86.4
616.05      86.2
616.06      87.4
616.07      87.2
616.08      87.4
616.09      87.2
616.10      87.7
616.11      87.7
616.12      87.9
616.13      87.4
616.14      86.7
616.15      86.0
616.16      86.0
616.17      86.7
616.18      86.7
616.19      86.4
616.20      87.2
616.21      87.9
616.22      87.9
616.23      88.4
616.24      88.4
616.25      87.9
616.26      87.7
616.27      87.7
616.28      87.2
616.29      85.5
616.30      86.7
616.31      86.9
616.32      87.2
616.33      86.9
616.34      86.7
616.35      87.4
616.36      88.6
616.37      88.9
616.38      88.9
616.39      88.4
616.40      87.4
616.41      86.7
616.42      87.2
616.43      88.2
616.44      88.2
616.45      89.6
616.46      88.4
616.47      88.4
616.48      87.9
616.49      87.9
616.50      88.4
616.51      87.9
616.52      88.9
616.53      88.4
616.54      88.2
616.55      87.7
616.56      87.7
616.57      86.9
616.58      87.9
616.59      87.7
616.60      88.4
616.61      88.4
616.62      88.4
616.63      89.1
616.64      88.6
616.65      88.6
616.66      90.1
616.67      89.9
616.68      89.9
616.69      89.9
616.70      91.3
616.71      89.9
616.72      89.9
616.73      88.9
616.74      89.4
616.75      90.1
616.76      90.8
616.77      90.8
616.78      92.1
616.79      92.3
616.80      91.8
616.81      91.3
616.82      89.6
616.83      88.9
616.84      88.4
616.85      87.2
616.86      87.7
616.87      87.9
616.88      87.9
616.89      86.4
616.90      85.7
616.91      86.9
616.92      87.4
616.93      87.4
616.94      88.4
616.95      89.1
616.96      88.6
616.97      88.4
616.98      86.7
616.99      86.7
617.00      87.2
617.01      88.4
617.02      88.2
617.03      87.9
617.04      88.4
617.05      89.4
617.06      88.9
617.07      90.1
617.08      90.4
617.09      89.9
617.10      90.1
617.11      89.6
617.12      89.9
617.13      89.4
617.14      89.4
617.15      89.1
617.16      89.6
617.17      89.6
617.18      88.9
617.19      88.4
617.20      88.4
617.21      88.2
617.22      87.9
617.23      88.2
617.24      88.6
617.25      89.4
617.26      90.6
617.27      91.1
617.28      91.3
617.29      90.1
617.30      88.9
617.31      88.4
617.32      88.2
617.33      88.9
617.34      87.9
617.35      87.7
617.36      87.9
617.37      87.4
617.38      86.0
617.39      86.4
617.40      86.9
617.41      86.0
617.42      86.7
617.43      87.2
617.44      88.9
617.45      88.6
617.46      88.6
617.47      89.4
617.48      88.6
617.49      88.6
617.50      88.2
617.51      87.9
617.52      87.4
617.53      86.9
617.54      87.2
617.55      87.2
617.56      87.7
617.57      87.9
617.58      87.4
617.59      88.6
617.60      88.6
617.61      87.4
617.62      86.0
617.63      86.4
617.64      86.0
617.65      86.7
617.66      87.2
617.67      88.4
617.68      89.1
617.69      88.6
617.70      89.4
617.71      89.4
617.72      89.9
617.73      90.6
617.74      89.4
617.75      89.6
617.76      88.6
617.77      87.4
617.78      86.4
617.79      87.4
617.80      87.9
617.81      88.4
617.82      87.9
617.83      87.2
617.84      86.9
617.85      87.4
617.86      87.7
617.87      88.2
617.88      88.6
617.89      88.9
617.90      88.4
617.91      89.1
617.92      89.6
617.93      90.6
617.94      90.1
617.95      90.6
617.96      92.3
617.97      92.8
617.98      93.0
617.99      92.1
618.00      92.6
618.01      91.6
618.02      90.6
618.03      90.4
618.04      88.6
618.05      88.2
618.06      87.7
618.07      87.7
618.08      87.4
618.09      86.9
618.10      86.2
618.11      85.5
618.12      86.7
618.13      86.4
618.14      86.7
618.15      86.2
618.16      86.0
618.17      86.2
618.18      86.2
618.19      86.7
618.20      87.7
618.21      87.9
618.22      86.7
618.23      86.9
618.24      87.9
618.25      88.4
618.26      88.6
618.27      88.4
618.28      88.2
618.29      88.9
618.30      88.4
618.31      87.4
618.32      86.7
618.33      85.7
618.34      86.9
618.35      87.2
618.36      87.9
618.37      86.9
618.38      88.4
618.39      88.4
618.40      87.7
618.41      87.9
618.42      87.4
618.43      87.7
618.44      86.7
618.45      87.7
618.46      87.2
618.47      87.4
618.48      87.7
618.49      87.7
618.50      87.4
618.51      88.2
618.52      89.1
618.53      91.3
618.54      91.1
618.55      91.6
618.56      91.3
618.57      92.6
618.58      92.8
618.59      94.0
618.60      94.0
618.61      91.8
618.62      91.3
618.63      89.9
618.64      88.6
618.65      88.4
618.66      88.4
618.67      87.4
618.68      86.7
618.69      86.9
618.70      87.7
618.71      87.7
618.72      87.9
618.73      87.4
618.74      86.9
618.75      86.9
618.76      87.4
618.77      88.6
618.78      89.1
618.79      87.9
618.80      87.7
618.81      88.4
618.82      89.9
618.83      88.6
618.84      88.2
618.85      86.4
618.86      86.9
618.87      86.4
618.88      87.2
618.89      86.7
618.90      85.7
618.91      86.4
618.92      87.7
618.93      87.9
618.94      88.2
618.95      90.1
618.96      91.3
618.97      91.6
618.98      92.1
618.99      92.8
619.00      92.3
619.01      91.3
619.02      90.4
619.03      89.9
619.04      90.4
619.05      89.1
619.06      90.1
619.07      89.6
619.08      89.6
619.09      89.4
619.10      89.1
619.11      87.4
619.12      87.9
619.13      89.1
619.14      88.9
619.15      87.9
619.16      87.2
619.17      86.9
619.18      87.7
619.19      87.9
619.20      88.9
619.21      88.9
619.22      87.9
619.23      87.7
619.24      87.9
619.25      87.9
619.26      87.9
619.27      87.4
619.28      86.2
619.29      86.7
619.30      86.2
619.31      87.7
619.32      88.6
619.33      88.9
619.34      88.2
619.35      88.9
619.36      89.4
619.37      89.6
619.38      90.6
619.39      90.8
619.40      90.6
619.41      90.8
619.42      90.8
619.43      90.4
619.44      91.1
619.45      90.6
619.46      90.4
619.47      89.9
619.48      89.1
619.49      89.9
619.50      88.4
619.51      88.6
619.52      88.4
619.53      88.4
619.54      89.4
619.55      90.4
619.56      92.1
619.57      94.5
619.58      96.2
619.59      96.5
619.60      97.4
619.61      97.9
619.62      96.9
619.63      96.0
619.64      94.5
619.65      93.5
619.66      91.6
619.67      90.6
619.68      89.9
619.69      90.1
619.70      89.6
619.71      88.9
619.72      87.4
619.73      88.4
619.74      88.2
619.75      88.9
619.76      89.4
619.77      87.7
619.78      88.6
619.79      89.1
619.80      89.4
619.81      88.6
619.82      88.9
619.83      88.6
619.84      88.2
619.85      88.6
619.86      88.9
619.87      88.6
619.88      88.2
619.89      89.1
619.90      88.9
619.91      89.1
619.92      89.1
619.93      89.4
619.94      89.1
619.95      89.6
619.96      89.1
619.97      88.6
619.98      88.6
619.99      88.6
620.00      87.7
620.01      87.9
620.02      86.9
620.03      86.9
620.04      86.7
620.05      86.7
620.06      86.9
620.07      87.7
620.08      86.9
620.09      86.2
620.10      86.0
620.11      87.7
620.12      88.2
620.13      86.9
620.14      87.2
620.15      87.7
620.16      87.9
620.17      88.6
620.18      88.6
620.19      89.4
620.20      89.4
620.21      90.1
620.22      89.4
620.23      88.9
620.24      88.2
620.25      88.2
620.26      88.2
620.27      88.6
620.28      88.9
620.29      89.1
620.30      88.4
620.31      89.4
620.32      90.1
620.33      91.1
620.34      90.8
620.35      91.1
620.36      91.1
620.37      90.8
620.38      90.8
620.39      90.1
620.40      89.4
620.41      89.1
620.42      88.4
620.43      89.4
620.44      87.9
620.45      88.4
620.46      88.4
620.47      88.2
620.48      88.4
620.49      89.1
620.50      88.9
620.51      89.1
620.52      89.1
620.53      88.2
620.54      88.2
620.55      87.7
620.56      88.4
620.57      88.4
620.58      89.4
620.59      89.4
620.60      88.4
620.61      88.4
620.62      88.6
620.63      87.7
620.64      87.4
620.65      88.4
620.66      87.4
620.67      86.7
620.68      86.7
620.69      87.2
620.70      87.7
620.71      87.7
620.72      87.9
620.73      88.2
620.74      86.9
620.75      86.7
620.76      86.9
620.77      87.7
620.78      88.4
620.79      87.9
620.80      87.7
620.81      87.4
620.82      88.9
620.83      88.6
620.84      88.9
620.85      88.4
620.86      88.6
620.87      88.6
620.88      87.4
620.89      87.4
620.90      87.4
620.91      87.9
620.92      87.9
620.93      88.2
620.94      88.4
620.95      87.7
620.96      87.7
620.97      87.9
620.98      87.7
620.99      86.2
621.00      86.9
621.01      88.4
621.02      87.9
621.03      87.9
621.04      87.4
621.05      87.9
621.06      87.9
621.07      88.2
621.08      88.2
621.09      88.6
621.10      88.2
621.11      87.7
621.12      87.4
621.13      87.4
621.14      87.4
621.15      87.2
621.16      87.7
621.17      87.9
621.18      87.4
621.19      88.2
621.20      86.9
621.21      87.4
621.22      87.4
621.23      87.2
621.24      87.9
621.25      88.9
621.26      87.9
621.27      87.7
621.28      88.6
621.29      88.2
621.30      89.1
621.31      88.6
621.32      89.1
621.33      89.1
621.34      88.2
621.35      88.2
621.36      87.9
621.37      87.7
621.38      87.4
621.39      87.7
621.40      88.2
621.41      88.9
621.42      88.2
621.43      87.4
621.44      87.9
621.45      87.4
621.46      88.4
621.47      88.2
621.48      88.6
621.49      87.7
621.50      88.9
621.51      87.7
621.52      88.2
621.53      88.4
621.54      88.9
621.55      89.1
621.56      89.6
621.57      89.1
621.58      88.4
621.59      88.4
621.60      88.4
621.61      88.2
621.62      87.9
621.63      86.9
621.64      86.9
621.65      87.4
621.66      87.7
621.67      88.4
621.68      88.2
621.69      86.9
621.70      88.6
621.71      88.2
621.72      87.7
621.73      87.7
621.74      88.2
621.75      88.6
621.76      88.6
621.77      89.4
621.78      89.9
621.79      90.1
621.80      91.1
621.81      90.8
621.82      89.9
621.83      90.8
621.84      91.6
621.85      91.1
621.86      91.1
621.87      90.1
621.88      89.4
621.89      90.1
621.90      89.9
621.91      88.4
621.92      87.7
621.93      87.7
621.94      86.9
621.95      87.7
621.96      88.4
621.97      88.9
621.98      88.6
621.99      88.2
622.00      87.7
622.01      88.6
622.02      89.1
622.03      89.6
622.04      88.9
622.05      90.4
622.06      90.6
622.07      92.1
622.08      94.7
622.09      96.7
622.10      97.7
622.11      97.4
622.12      94.7
622.13      93.8
622.14      92.3
622.15      91.3
622.16      90.6
622.17      90.6
622.18      90.4
622.19      90.6
622.20      89.6
622.21      89.6
622.22      88.9
622.23      88.9
622.24      89.6
622.25      89.9
622.26      89.6
622.27      90.4
622.28      89.6
622.29      89.4
622.30      88.6
622.31      88.6
622.32      88.6
622.33      87.7
622.34      88.2
622.35      88.2
622.36      88.2
622.37      88.2
622.38      87.4
622.39      87.9
622.40      86.9
622.41      86.9
622.42      87.7
622.43      88.9
622.44      89.6
622.45      88.9
622.46      88.6
622.47      89.1
622.48      87.4
622.49      87.2
622.50      87.4
622.51      88.2
622.52      88.2
622.53      88.4
622.54      89.1
622.55      88.9
622.56      89.1
622.57      88.2
622.58      87.9
622.59      88.2
622.60      89.1
622.61      90.1
622.62      89.6
622.63      89.4
622.64      88.9
622.65      89.9
622.66      89.4
622.67      89.4
622.68      89.4
622.69      88.9
622.70      89.6
622.71      89.1
622.72      89.4
622.73      89.9
622.74      90.1
622.75      90.1
622.76      89.6
622.77      89.4
622.78      88.9
622.79      89.4
622.80      88.6
622.81      89.1
622.82      87.9
622.83      87.7
622.84      88.2
622.85      89.4
622.86      89.6
622.87      90.1
622.88      89.9
622.89      89.6
622.90      90.1
622.91      89.6
622.92      89.9
622.93      90.4
622.94      89.1
622.95      88.6
622.96      88.4
622.97      87.2
622.98      87.9
622.99      87.9
623.00      88.6
623.01      88.6
623.02      87.9
623.03      87.2
623.04      86.7
623.05      87.4
623.06      87.2
623.07      87.2
623.08      87.7
623.09      86.4
623.10      86.4
623.11      86.4
623.12      87.4
623.13      87.9
623.14      88.6
623.15      88.6
623.16      89.1
623.17      89.6
623.18      90.1
623.19      89.6
623.20      89.6
623.21      90.6
623.22      89.1
623.23      89.4
623.24      89.1
623.25      89.1
623.26      89.1
623.27      88.4
623.28      88.4
623.29      88.6
623.30      88.2
623.31      87.2
623.32      87.4
623.33      86.7
623.34      86.4
623.35      86.2
623.36      86.4
623.37      87.7
623.38      86.7
623.39      87.7
623.40      88.6
623.41      88.2
623.42      87.9
623.43      87.4
623.44      88.6
623.45      88.6
623.46      89.1
623.47      89.9
623.48      91.1
623.49      93.5
623.50      93.3
623.51      93.3
623.52      91.6
623.53      91.3
623.54      91.1
623.55      89.4
623.56      88.4
623.57      88.2
623.58      87.7
623.59      88.9
623.60      88.6
623.61      88.6
623.62      88.2
623.63      88.6
623.64      88.9
623.65      88.9
623.66      87.7
623.67      86.0
623.68      85.5
623.69      86.2
623.70      85.5
623.71      85.5
623.72      86.4
623.73      87.2
623.74      87.2
623.75      86.7
623.76      87.9
623.77      89.6
623.78      89.6
623.79      89.4
623.80      89.4
623.81      88.2
623.82      88.2
623.83      88.6
623.84      88.6
623.85      88.4
623.86      87.7
623.87      87.4
623.88      87.9
623.89      87.2
623.90      86.2
623.91      86.7
623.92      88.2
623.93      88.6
623.94      87.7
623.95      87.7
623.96      88.4
623.97      88.4
623.98      88.6
623.99      87.9
624.00      88.2
624.01      88.2
624.02      88.2
624.03      87.7
624.04      87.4
624.05      87.9
624.06      87.4
624.07      87.2
624.08      86.7
624.09      86.9
624.10      86.7
624.11      87.2
624.12      87.9
624.13      87.7
624.14      86.9
624.15      87.4
624.16      87.4
624.17      87.9
624.18      88.4
624.19      89.4
624.20      89.6
624.21      89.4
624.22      90.1
624.23      90.4
624.24      89.4
624.25      88.6
624.26      89.1
624.27      88.4
624.28      87.4
624.29      87.7
624.30      89.1
624.31      89.9
624.32      90.1
624.33      90.8
624.34      90.1
624.35      90.4
624.36      89.6
624.37      88.6
624.38      89.1
624.39      89.4
624.40      89.1
624.41      88.6
624.42      89.1
624.43      88.6
624.44      88.6
624.45      88.9
624.46      87.7
624.47      87.2
624.48      87.2
624.49      87.7
624.50      87.9
624.51      86.9
624.52      87.2
624.53      87.9
624.54      87.2
624.55      87.2
624.56      86.2
624.57      87.7
624.58      89.1
624.59      89.4
624.60      88.6
624.61      89.1
624.62      89.1
624.63      89.6
624.64      87.9
624.65      87.4
624.66      88.2
624.67      88.4
624.68      88.9
624.69      87.7
624.70      88.9
624.71      88.6
624.72      88.6
624.73      88.6
624.74      88.9
624.75      89.1
624.76      87.7
624.77      87.2
624.78      86.7
624.79      86.9
624.80      87.4
624.81      88.4
624.82      87.9
624.83      86.4
624.84      86.4
624.85      86.7
624.86      86.4
624.87      86.9
624.88      87.2
624.89      86.9
624.90      86.7
624.91      87.2
624.92      86.7
624.93      88.2
624.94      87.4
624.95      87.2
624.96      86.7
624.97      86.4
624.98      86.7
624.99      86.0
625.00      85.7
625.01      86.2
625.02      87.7
625.03      87.7
625.04      87.2
625.05      86.7
625.06      85.7
625.07      86.4
625.08      87.2
625.09      87.7
625.10      86.9
625.11      87.7
625.12      87.7
625.13      87.7
625.14      86.9
625.15      87.9
625.16      87.9
625.17      88.2
625.18      87.4
625.19      87.2
625.20      86.9
625.21      86.9
625.22      87.2
625.23      86.2
625.24      86.2
625.25      85.5
625.26      86.0
625.27      88.2
625.28      88.2
625.29      87.4
625.30      88.2
625.31      87.9
625.32      87.2
625.33      87.4
625.34      86.2
625.35      86.9
625.36      87.7
625.37      87.9
625.38      87.4
625.39      88.4
625.40      88.2
625.41      87.4
625.42      86.9
625.43      87.9
625.44      89.1
625.45      89.4
625.46      88.6
625.47      88.4
625.48      87.7
625.49      87.9
625.50      87.4
625.51      87.9
625.52      87.2
625.53      87.4
625.54      87.4
625.55      87.4
625.56      87.4
625.57      87.4
625.58      86.9
625.59      86.7
625.60      86.9
625.61      87.2
625.62      87.4
625.63      87.9
625.64      87.9
625.65      88.9
625.66      89.4
625.67      89.9
625.68      90.8
625.69      89.4
625.70      88.9
625.71      89.6
625.72      89.9
625.73      90.6
625.74      90.4
625.75      89.4
625.76      88.6
625.77      88.2
625.78      87.7
625.79      87.2
625.80      86.4
625.81      87.2
625.82      87.4
625.83      86.4
625.84      86.9
625.85      86.4
625.86      88.6
625.87      88.9
625.88      88.6
625.89      88.6
625.90      88.9
625.91      88.9
625.92      88.4
625.93      88.2
625.94      88.9
625.95      89.6
625.96      88.2
625.97      86.7
625.98      86.9
625.99      87.2
626.00      86.4
626.01      87.4
626.02      87.4
626.03      87.2
626.04      87.7
626.05      87.4
626.06      87.9
626.07      88.2
626.08      87.9
626.09      88.9
626.10      88.9
626.11      88.9
626.12      87.9
626.13      87.2
626.14      87.2
626.15      87.4
626.16      87.2
626.17      86.9
626.18      87.7
626.19      88.2
626.20      88.4
626.21      88.6
626.22      88.2
626.23      87.9
626.24      87.2
626.25      87.7
626.26      87.4
626.27      88.4
626.28      87.9
626.29      87.2
626.30      87.2
626.31      87.9
626.32      88.4
626.33      88.4
626.34      88.4
626.35      87.2
626.36      86.9
626.37      86.9
626.38      86.9
626.39      87.9
626.40      86.9
626.41      87.7
626.42      87.2
626.43      87.2
626.44      88.4
626.45      88.4
626.46      88.2
626.47      88.4
626.48      87.7
626.49      87.7
626.50      88.2
626.51      88.2
626.52      88.4
626.53      88.4
626.54      89.6
626.55      90.4
626.56      89.9
626.57      89.4
626.58      88.2
626.59      88.2
626.60      87.7
626.61      87.2
626.62      86.2
626.63      86.0
626.64      86.9
626.65      86.9
626.66      86.4
626.67      86.7
626.68      87.4
626.69      87.4
626.70      87.2
626.71      86.7
626.72      86.7
626.73      87.2
626.74      87.4
626.75      87.2
626.76      86.7
626.77      88.2
626.78      88.4
626.79      88.6
626.80      88.9
626.81      88.9
626.82      88.6
626.83      88.6
626.84      88.6
626.85      87.4
626.86      87.4
626.87      88.6
626.88      88.4
626.89      87.4
626.90      87.9
626.91      88.6
626.92      88.2
626.93      87.7
626.94      86.7
626.95      86.9
626.96      87.9
626.97      87.9
626.98      87.4
626.99      88.2
627.00      87.2
627.01      87.4
627.02      87.9
627.03      87.7
627.04      87.4
627.05      87.7
627.06      88.2
627.07      89.1
627.08      88.4
627.09      87.7
627.10      88.4
627.11      89.6
627.12      89.6
627.13      89.6
627.14      90.1
627.15      90.4
627.16      89.6
627.17      89.6
627.18      89.4
627.19      88.4
627.20      88.2
627.21      87.9
627.22      87.7
627.23      86.7
627.24      87.4
627.25      88.4
627.26      88.2
627.27      88.9
627.28      88.4
627.29      87.7
627.30      87.2
627.31      86.9
627.32      87.2
627.33      88.4
627.34      88.6
627.35      88.2
627.36      87.4
627.37      87.7
627.38      87.7
627.39      89.1
627.40      90.8
627.41      91.1
627.42      89.9
627.43      90.1
627.44      89.6
627.45      89.9
627.46      89.4
627.47      89.1
627.48      89.1
627.49      90.1
627.50      89.4
627.51      87.2
627.52      87.2
627.53      87.2
627.54      86.4
627.55      86.4
627.56      86.9
627.57      87.2
627.58      86.7
627.59      87.2
627.60      87.4
627.61      87.9
627.62      88.2
627.63      88.6
627.64      88.4
627.65      89.1
627.66      88.9
627.67      87.9
627.68      87.9
627.69      87.7
627.70      88.2
627.71      88.6
627.72      88.6
627.73      88.6
627.74      88.2
627.75      87.4
627.76      88.6
627.77      88.4
627.78      88.4
627.79      89.1
627.80      89.6
627.81      89.4
627.82      89.6
627.83      89.1
627.84      87.7
627.85      88.6
627.86      89.1
627.87      88.9
627.88      89.4
627.89      88.6
627.90      87.9
627.91      88.2
627.92      88.4
627.93      87.4
627.94      87.9
627.95      87.2
627.96      87.4
627.97      86.9
627.98      86.9
627.99      86.7
628.00      86.7
628.01      87.7
628.02      87.4
628.03      87.7
628.04      87.7
628.05      88.2
628.06      88.4
628.07      88.2
628.08      88.2
628.09      88.6
628.10      89.1
628.11      89.4
628.12      89.1
628.13      90.1
628.14      89.6
628.15      89.6
628.16      88.9
628.17      88.4
628.18      88.4
628.19      88.9
628.20      88.6
628.21      88.4
628.22      87.9
628.23      88.4
628.24      88.6
628.25      87.9
628.26      88.2
628.27      87.9
628.28      87.9
628.29      87.9
628.30      87.2
628.31      87.2
628.32      86.7
628.33      86.9
628.34      87.4
628.35      87.7
628.36      88.4
628.37      88.4
628.38      88.4
628.39      88.4
628.40      88.9
628.41      88.9
628.42      87.9
628.43      87.7
628.44      87.4
628.45      87.2
628.46      87.7
628.47      87.4
628.48      87.2
628.49      86.2
628.50      87.2
628.51      86.9
628.52      87.2
628.53      87.9
628.54      87.4
628.55      87.2
628.56      86.9
628.57      87.2
628.58      86.4
628.59      86.7
628.60      86.7
628.61      86.0
628.62      86.4
628.63      87.9
628.64      87.9
628.65      87.7
628.66      86.2
628.67      87.2
628.68      87.9
628.69      87.9
628.70      88.2
628.71      87.7
628.72      87.9
628.73      88.4
628.74      88.4
628.75      87.2
628.76      86.2
628.77      86.4
628.78      86.7
628.79      86.7
628.80      87.4
628.81      87.9
628.82      88.2
628.83      87.7
628.84      86.9
628.85      86.9
628.86      87.7
628.87      87.7
628.88      86.9
628.89      87.2
628.90      86.7
628.91      87.2
628.92      86.9
628.93      87.2
628.94      87.7
628.95      86.9
628.96      86.9
628.97      86.7
628.98      86.7
628.99      87.7
629.00      88.2
629.01      88.2
629.02      89.4
629.03      89.4
629.04      88.9
629.05      89.1
629.06      88.6
629.07      88.2
629.08      89.1
629.09      88.6
629.10      87.2
629.11      86.7
629.12      87.2
629.13      87.2
629.14      86.9
629.15      86.9
629.16      86.2
629.17      85.5
629.18      87.4
629.19      88.2
629.20      87.2
629.21      85.7
629.22      86.7
629.23      87.2
629.24      88.4
629.25      87.9
629.26      88.4
629.27      87.9
629.28      87.7
629.29      88.4
629.30      87.4
629.31      87.9
629.32      88.2
629.33      88.2
629.34      88.2
629.35      89.9
629.36      90.1
629.37      89.9
629.38      89.6
629.39      88.4
629.40      87.7
629.41      86.7
629.42      86.2
629.43      87.4
629.44      86.9
629.45      87.2
629.46      86.7
629.47      87.2
629.48      87.7
629.49      88.4
629.50      89.9
629.51      90.1
629.52      91.1
629.53      91.8
629.54      91.1
629.55      90.6
629.56      91.1
629.57      90.6
629.58      90.4
629.59      89.1
629.60      89.1
629.61      87.9
629.62      87.2
629.63      87.7
629.64      87.4
629.65      86.7
629.66      86.7
629.67      86.7
629.68      86.7
629.69      86.2
629.70      86.0
629.71      87.4
629.72      88.2
629.73      88.2
629.74      88.2
629.75      89.4
629.76      88.6
629.77      87.4
629.78      87.2
629.79      88.4
629.80      87.9
629.81      86.4
629.82      86.2
629.83      87.2
629.84      87.4
629.85      87.4
629.86      87.9
629.87      88.6
629.88      89.1
629.89      89.6
629.90      89.4
629.91      89.1
629.92      89.1
629.93      88.9
629.94      89.1
629.95      89.9
629.96      88.9
629.97      88.4
629.98      87.7
629.99      87.7
630.00      88.4
630.01      88.2
630.02      87.2
630.03      87.7
630.04      87.9
630.05      87.4
630.06      87.2
630.07      87.4
630.08      87.4
630.09      87.2
630.10      87.2
630.11      86.2
630.12      86.9
630.13      87.7
630.14      88.2
630.15      87.7
630.16      89.6
630.17      90.4
630.18      91.1
630.19      89.9
630.20      88.2
630.21      87.2
630.22      86.9
630.23      86.0
630.24      85.5
630.25      85.7
630.26      85.7
630.27      86.2
630.28      87.2
630.29      87.4
630.30      87.2
630.31      87.4
630.32      86.4
630.33      86.0
630.34      86.2
630.35      86.0
630.36      85.5
630.37      85.7
630.38      85.7
630.39      85.5
630.40      86.0
630.41      86.9
630.42      87.4
630.43      87.9
630.44      87.9
630.45      88.4
630.46      87.2
630.47      86.4
630.48      86.0
630.49      86.0
630.50      86.7
630.51      86.9
630.52      85.7
630.53      85.7
630.54      86.7
630.55      86.9
630.56      87.4
630.57      87.7
630.58      86.4
630.59      87.4
630.60      86.7
630.61      86.2
630.62      86.2
630.63      86.0
630.64      86.2
630.65      87.2
630.66      86.4
630.67      87.4
630.68      86.7
630.69      86.9
630.70      85.7
630.71      87.2
630.72      86.9
630.73      87.4
630.74      86.9
630.75      87.7
630.76      88.2
630.77      88.2
630.78      87.7
630.79      88.4
630.80      89.1
630.81      89.1
630.82      89.1
630.83      88.9
630.84      88.4
630.85      87.9
630.86      88.2
630.87      87.9
630.88      86.9
630.89      87.4
630.90      86.9
630.91      87.2
630.92      86.9
630.93      87.7
630.94      87.4
630.95      87.9
630.96      87.7
630.97      87.7
630.98      87.2
630.99      88.2
631.00      88.6
631.01      87.4
631.02      87.2
631.03      87.9
631.04      86.9
631.05      87.4
631.06      87.9
631.07      86.9
631.08      86.7
631.09      87.2
631.10      87.9
631.11      87.2
631.12      86.9
631.13      87.7
631.14      88.6
631.15      88.4
631.16      88.4
631.17      87.7
631.18      87.4
631.19      88.4
631.20      88.6
631.21      88.6
631.22      88.9
631.23      88.4
631.24      88.4
631.25      88.2
631.26      88.2
631.27      88.2
631.28      87.4
631.29      87.2
631.30      87.9
631.31      87.7
631.32      87.7
631.33      86.7
631.34      86.7
631.35      87.2
631.36      86.7
631.37      86.2
631.38      86.4
631.39      87.2
631.40      87.4
631.41      87.9
631.42      87.2
631.43      86.7
631.44      86.9
631.45      86.2
631.46      86.2
631.47      86.9
631.48      87.2
631.49      87.2
631.50      87.2
631.51      86.7
631.52      86.2
631.53      87.2
631.54      88.2
631.55      88.2
631.56      88.6
631.57      88.6
631.58      89.1
631.59      88.4
631.60      88.2
631.61      87.7
631.62      87.7
631.63      86.9
631.64      87.2
631.65      87.7
631.66      87.7
631.67      88.4
631.68      87.9
631.69      87.7
631.70      87.9
631.71      87.9
631.72      88.4
631.73      88.9
631.74      88.4
631.75      86.4
631.76      87.2
631.77      87.7
631.78      88.6
631.79      88.4
631.80      87.9
631.81      87.2
631.82      87.9
631.83      87.4
631.84      86.9
631.85      87.9
631.86      87.4
631.87      87.2
631.88      87.2
631.89      87.2
631.90      86.9
631.91      86.2
631.92      86.4
631.93      87.2
631.94      88.9
631.95      87.9
631.96      87.2
631.97      86.9
631.98      87.2
631.99      86.7
632.00      86.9
632.01      87.4
632.02      86.9
632.03      87.7
632.04      87.4
632.05      87.9
632.06      88.2
632.07      88.6
632.08      87.4
632.09      86.9
632.10      86.0
632.11      86.0
632.12      86.2
632.13      87.7
632.14      87.9
632.15      87.9
632.16      87.2
632.17      87.2
632.18      86.9
632.19      87.2
632.20      86.9
632.21      86.7
632.22      86.2
632.23      86.9
632.24      87.9
632.25      88.4
632.26      88.4
632.27      88.9
632.28      89.4
632.29      90.8
632.30      91.3
632.31      91.3
632.32      91.6
632.33      92.1
632.34      90.6
632.35      89.1
632.36      89.1
632.37      88.9
632.38      87.9
632.39      87.9
632.40      87.7
632.41      87.7
632.42      87.7
632.43      86.7
632.44      86.2
632.45      85.5
632.46      86.7
632.47      88.2
632.48      88.2
632.49      88.6
632.50      88.9
632.51      87.9
632.52      86.9
632.53      87.9
632.54      88.4
632.55      88.2
632.56      89.4
632.57      90.1
632.58      90.4
632.59      89.9
632.60      89.4
632.61      89.9
632.62      89.9
632.63      88.9
632.64      89.1
632.65      88.9
632.66      87.9
632.67      86.7
632.68      86.2
632.69      86.4
632.70      86.2
632.71      84.5
632.72      84.2
632.73      85.7
632.74      86.2
632.75      87.2
632.76      86.7
632.77      87.4
632.78      87.4
632.79      87.2
632.80      86.7
632.81      87.4
632.82      87.7
632.83      87.7
632.84      88.9
632.85      88.6
632.86      87.9
632.87      87.7
632.88      88.4
632.89      88.9
632.90      89.4
632.91      89.4
632.92      89.6
632.93      89.6
632.94      88.9
632.95      89.1
632.96      88.9
632.97      88.9
632.98      88.4
632.99      87.9
633.00      88.6
633.01      88.6
633.02      87.7
633.03      87.9
633.04      87.9
633.05      87.7
633.06      87.7
633.07      88.4
633.08      89.1
633.09      88.6
633.10      88.4
633.11      87.7
633.12      87.7
633.13      86.9
633.14      87.4
633.15      88.6
633.16      87.7
633.17      87.9
633.18      88.6
633.19      87.4
633.20      86.9
633.21      87.2
633.22      86.9
633.23      86.4
633.24      86.9
633.25      86.9
633.26      86.7
633.27      87.2
633.28      86.9
633.29      86.2
633.30      85.7
633.31      86.4
633.32      86.9
633.33      88.2
633.34      86.9
633.35      86.7
633.36      87.2
633.37      86.9
633.38      86.9
633.39      86.9
633.40      86.0
633.41      86.0
633.42      86.7
633.43      86.4
633.44      87.4
633.45      87.4
633.46      87.2
633.47      87.4
633.48      87.2
633.49      86.2
633.50      84.2
633.51      85.0
633.52      85.0
633.53      85.0
633.54      86.0
633.55      85.7
633.56      85.5
633.57      84.7
633.58      85.5
633.59      86.7
633.60      86.0
633.61      87.4
633.62      87.7
633.63      88.2
633.64      87.7
633.65      87.4
633.66      88.2
633.67      88.6
633.68      88.6
633.69      88.9
633.70      89.6
633.71      90.1
633.72      88.4
633.73      88.2
633.74      87.2
633.75      87.9
633.76      86.7
633.77      87.4
633.78      87.7
633.79      88.2
633.80      87.7
633.81      87.4
633.82      87.9
633.83      87.7
633.84      86.9
633.85      87.9
633.86      88.6
633.87      88.2
633.88      86.9
633.89      86.2
633.90      86.0
633.91      86.2
633.92      86.0
633.93      86.2
633.94      86.4
633.95      86.7
633.96      86.4
633.97      87.9
633.98      87.4
633.99      87.4
634.00      87.7
634.01      87.7
634.02      86.7
634.03      87.2
634.04      86.4
634.05      85.7
634.06      87.2
634.07      87.9
634.08      87.9
634.09      88.2
634.10      87.9
634.11      87.4
634.12      86.4
634.13      86.9
634.14      87.4
634.15      87.4
634.16      88.2
634.17      87.2
634.18      85.5
634.19      86.0
634.20      86.7
634.21      86.9
634.22      87.4
634.23      86.7
634.24      86.9
634.25      86.2
634.26      86.4
634.27      87.7
634.28      87.7
634.29      87.7
634.30      86.7
634.31      86.9
634.32      87.2
634.33      87.9
634.34      87.4
634.35      87.9
634.36      86.9
634.37      87.7
634.38      87.4
634.39      87.7
634.40      87.2
634.41      87.7
634.42      86.4
634.43      86.4
634.44      85.7
634.45      86.9
634.46      86.9
634.47      86.2
634.48      86.4
634.49      88.2
634.50      87.7
634.51      88.4
634.52      87.9
634.53      87.7
634.54      87.9
634.55      87.9
634.56      87.7
634.57      87.2
634.58      86.4
634.59      87.2
634.60      86.4
634.61      86.4
634.62      86.0
634.63      86.2
634.64      87.2
634.65      87.2
634.66      87.7
634.67      88.6
634.68      89.1
634.69      88.2
634.70      87.4
634.71      87.7
634.72      87.9
634.73      87.4
634.74      87.7
634.75      87.9
634.76      87.7
634.77      87.4
634.78      86.7
634.79      87.2
634.80      86.9
634.81      87.2
634.82      87.2
634.83      87.4
634.84      87.7
634.85      87.4
634.86      87.7
634.87      87.7
634.88      87.4
634.89      87.7
634.90      88.6
634.91      88.9
634.92      88.2
634.93      88.6
634.94      87.7
634.95      87.4
634.96      87.4
634.97      87.4
634.98      87.4
634.99      86.9
635.00      87.2
635.01      87.9
635.02      88.4
635.03      87.9
635.04      88.4
635.05      87.4
635.06      87.7
635.07      87.4
635.08      87.4
635.09      87.4
635.10      86.9
635.11      86.9
635.12      87.4
635.13      87.2
635.14      87.4
635.15      88.6
635.16      88.4
635.17      88.4
635.18      89.1
635.19      89.9
635.20      89.9
635.21      89.6
635.22      87.9
635.23      87.2
635.24      88.2
635.25      89.1
635.26      89.1
635.27      88.6
635.28      87.9
635.29      87.7
635.30      87.9
635.31      88.6
635.32      88.9
635.33      89.6
635.34      88.9
635.35      88.6
635.36      87.4
635.37      87.2
635.38      87.2
635.39      87.4
635.40      88.2
635.41      88.4
635.42      88.2
635.43      89.1
635.44      88.4
635.45      87.7
635.46      88.6
635.47      87.2
635.48      87.7
635.49      87.7
635.50      87.4
635.51      87.4
635.52      87.2
635.53      87.2
635.54      86.9
635.55      86.4
635.56      86.7
635.57      86.7
635.58      87.2
635.59      88.4
635.60      87.4
635.61      87.2
635.62      87.2
635.63      88.2
635.64      88.2
635.65      88.4
635.66      88.4
635.67      88.4
635.68      88.6
635.69      86.4
635.70      87.4
635.71      86.9
635.72      86.0
635.73      87.2
635.74      87.2
635.75      87.9
635.76      87.7
635.77      87.7
635.78      88.4
635.79      88.4
635.80      88.2
635.81      88.6
635.82      88.2
635.83      88.4
635.84      89.6
635.85      89.9
635.86      88.6
635.87      87.9
635.88      88.4
635.89      88.2
635.90      87.2
635.91      86.7
635.92      86.7
635.93      86.4
635.94      86.4
635.95      86.9
635.96      86.2
635.97      86.2
635.98      86.2
635.99      86.0
636.00      86.2
636.01      86.9
636.02      87.2
636.03      88.2
636.04      88.6
636.05      88.4
636.06      89.1
636.07      89.4
636.08      89.1
636.09      89.1
636.10      88.4
636.11      88.2
636.12      88.6
636.13      89.4
636.14      89.1
636.15      89.9
636.16      90.1
636.17      90.1
636.18      90.1
636.19      89.9
636.20      88.6
636.21      88.9
636.22      87.9
636.23      88.4
636.24      87.9
636.25      88.4
636.26      88.9
636.27      88.9
636.28      88.2
636.29      87.9
636.30      86.9
636.31      86.9
636.32      86.9
636.33      86.7
636.34      86.4
636.35      85.2
636.36      85.5
636.37      86.2
636.38      86.2
636.39      87.4
636.40      87.7
636.41      87.4
636.42      86.9
636.43      87.7
636.44      87.2
636.45      87.4
636.46      87.9
636.47      87.2
636.48      87.2
636.49      87.4
636.50      86.4
636.51      86.2
636.52      86.2
636.53      88.2
636.54      87.2
636.55      87.4
636.56      88.2
636.57      87.7
636.58      87.2
636.59      88.9
636.60      88.6
636.61      88.6
636.62      86.7
636.63      86.4
636.64      85.7
636.65      85.7
636.66      85.2
636.67      86.7
636.68      86.9
636.69      87.2
636.70      88.4
636.71      88.6
636.72      87.9
636.73      88.4
636.74      88.4
636.75      87.4
636.76      86.9
636.77      86.9
636.78      87.9
636.79      88.2
636.80      88.6
636.81      89.1
636.82      89.1
636.83      88.2
636.84      87.7
636.85      88.2
636.86      88.2
636.87      87.9
636.88      87.2
636.89      87.2
636.90      87.4
636.91      87.7
636.92      87.4
636.93      87.4
636.94      87.7
636.95      87.7
636.96      87.4
636.97      86.9
636.98      87.2
636.99      87.9
637.00      87.4
637.01      87.7
637.02      88.6
637.03      88.4
637.04      88.2
637.05      86.0
637.06      86.4
637.07      87.2
637.08      86.9
637.09      86.2
637.10      86.0
637.11      86.2
637.12      86.9
637.13      87.4
637.14      86.9
637.15      87.4
637.16      88.2
637.17      87.9
637.18      88.2
637.19      87.7
637.20      87.7
637.21      88.4
637.22      88.4
637.23      87.7
637.24      87.4
637.25      87.7
637.26      87.2
637.27      87.7
637.28      87.4
637.29      87.9
637.30      87.4
637.31      86.7
637.32      86.7
637.33      86.7
637.34      86.0
637.35      86.0
637.36      86.0
637.37      86.4
637.38      86.9
637.39      87.4
637.40      87.4
637.41      88.6
637.42      87.4
637.43      86.9
637.44      86.4
637.45      86.9
637.46      86.7
637.47      87.2
637.48      87.2
637.49      86.7
637.50      87.7
637.51      87.4
637.52      86.7
637.53      86.9
637.54      88.4
637.55      88.2
637.56      90.1
637.57      91.1
637.58      90.4
637.59      88.9
637.60      88.9
637.61      89.1
637.62      87.7
637.63      88.2
637.64      88.4
637.65      88.2
637.66      88.2
637.67      87.7
637.68      85.7
637.69      86.0
637.70      86.7
637.71      88.2
637.72      88.4
637.73      88.4
637.74      88.4
637.75      87.7
637.76      87.9
637.77      87.9
637.78      87.7
637.79      87.2
637.80      87.4
637.81      86.9
637.82      87.7
637.83      87.4
637.84      87.7
637.85      88.2
637.86      87.9
637.87      87.9
637.88      88.4
637.89      88.6
637.90      88.9
637.91      88.4
637.92      89.1
637.93      88.2
637.94      87.9
637.95      88.2
637.96      88.2
637.97      88.2
637.98      87.7
637.99      87.9
638.00      87.9
638.01      86.9
638.02      86.4
638.03      87.2
638.04      87.7
638.05      87.7
638.06      88.2
638.07      88.9
638.08      88.6
638.09      87.7
638.10      87.4
638.11      87.9
638.12      88.2
638.13      87.7
638.14      86.9
638.15      86.0
638.16      86.0
638.17      86.2
638.18      86.9
638.19      87.2
638.20      86.9
638.21      86.7
638.22      87.4
638.23      87.4
638.24      87.7
638.25      87.9
638.26      86.9
638.27      87.9
638.28      87.2
638.29      86.9
638.30      86.4
638.31      86.4
638.32      87.2
638.33      87.2
638.34      88.2
638.35      88.2
638.36      88.6
638.37      87.9
638.38      87.4
638.39      86.7
638.40      88.2
638.41      87.9
638.42      87.2
638.43      86.2
638.44      86.2
638.45      86.2
638.46      86.9
638.47      87.7
638.48      86.9
638.49      88.2
638.50      88.9
638.51      88.4
638.52      89.1
638.53      89.1
638.54      87.9
638.55      86.0
638.56      85.5
638.57      85.2
638.58      85.5
638.59      86.0
638.60      86.7
638.61      86.4
638.62      86.7
638.63      87.4
638.64      86.9
638.65      86.7
638.66      86.4
638.67      87.4
638.68      87.9
638.69      87.7
638.70      86.9
638.71      87.2
638.72      87.7
638.73      87.9
638.74      87.4
638.75      86.4
638.76      86.2
638.77      86.0
638.78      87.7
638.79      87.4
638.80      86.9
638.81      87.7
638.82      87.7
638.83      86.7
638.84      86.2
638.85      86.7
638.86      86.7
638.87      86.7
638.88      86.4
638.89      86.4
638.90      87.9
638.91      88.2
638.92      88.4
638.93      87.7
638.94      86.9
638.95      86.9
638.96      87.4
638.97      87.9
638.98      87.4
638.99      86.7
639.00      86.4
639.01      86.7
639.02      87.7
639.03      87.9
639.04      87.2
639.05      86.2
639.06      85.5
639.07      86.7
639.08      86.9
639.09      86.7
639.10      86.2
639.11      86.0
639.12      86.4
639.13      86.4
639.14      87.2
639.15      86.4
639.16      86.2
639.17      86.7
639.18      87.4
639.19      87.9
639.20      86.7
639.21      86.9
639.22      87.2
639.23      88.2
639.24      88.2
639.25      88.2
639.26      87.4
639.27      88.4
639.28      87.9
639.29      87.2
639.30      87.4
639.31      86.4
639.32      87.2
639.33      86.2
639.34      85.7
639.35      87.2
639.36      86.4
639.37      86.9
639.38      88.2
639.39      87.9
639.40      88.9
639.41      89.1
639.42      89.1
639.43      88.4
639.44      88.9
639.45      88.6
639.46      88.9
639.47      88.6
639.48      88.4
639.49      88.2
639.50      88.9
639.51      89.6
639.52      90.6
639.53      91.1
639.54      91.1
639.55      91.1
639.56      90.6
639.57      90.1
639.58      89.4
639.59      88.2
639.60      87.4
639.61      86.7
639.62      87.2
639.63      87.7
639.64      86.9
639.65      86.9
639.66      86.7
639.67      86.7
639.68      86.0
639.69      86.4
639.70      86.9
639.71      86.9
639.72      86.4
639.73      86.9
639.74      86.9
639.75      86.7
639.76      86.9
639.77      86.9
639.78      87.4
639.79      87.9
639.80      87.2
639.81      86.9
639.82      86.4
639.83      86.0
639.84      86.2
639.85      86.0
639.86      86.7
639.87      86.9
639.88      86.9
639.89      87.7
639.90      87.7
639.91      86.4
639.92      86.7
639.93      87.2
639.94      86.7
639.95      87.4
639.96      88.4
639.97      89.1
639.98      87.4
639.99      88.6
640.00      88.2
640.01      88.9
640.02      89.4
640.03      89.9
640.04      88.9
640.05      88.4
640.06      88.2
640.07      86.9
640.08      86.0
640.09      85.7
640.10      85.5
640.11      86.2
640.12      86.4
640.13      86.0
640.14      87.4
640.15      86.9
640.16      86.7
640.17      87.4
640.18      88.2
640.19      88.2
640.20      88.4
640.21      87.9
640.22      87.2
640.23      87.7
640.24      88.2
640.25      89.1
640.26      88.9
640.27      88.4
640.28      88.2
640.29      87.2
640.30      87.7
640.31      87.4
640.32      86.4
640.33      86.2
640.34      86.7
640.35      86.4
640.36      87.4
640.37      88.2
640.38      87.9
640.39      86.9
640.40      87.4
640.41      87.7
640.42      87.2
640.43      86.4
640.44      86.2
640.45      85.5
640.46      85.7
640.47      86.2
640.48      86.4
640.49      86.9
640.50      87.4
640.51      88.2
640.52      88.2
640.53      87.9
640.54      88.4
640.55      87.7
640.56      86.9
640.57      86.9
640.58      87.9
640.59      88.9
640.60      88.2
640.61      87.9
640.62      87.2
640.63      87.2
640.64      86.4
640.65      86.2
640.66      85.7
640.67      86.4
640.68      86.9
640.69      87.2
640.70      87.2
640.71      86.7
640.72      86.4
640.73      86.9
640.74      87.7
640.75      87.7
640.76      87.2
640.77      86.4
640.78      85.2
640.79      86.0
640.80      87.2
640.81      87.9
640.82      88.4
640.83      88.2
640.84      87.2
640.85      86.7
640.86      86.2
640.87      86.2
640.88      86.7
640.89      86.9
640.90      86.0
640.91      86.4
640.92      86.4
640.93      87.9
640.94      88.2
640.95      87.2
640.96      86.9
640.97      87.2
640.98      86.0
640.99      84.7
641.00      85.5
641.01      84.0
641.02      84.5
641.03      85.5
641.04      86.4
641.05      87.7
641.06      86.7
641.07      86.2
641.08      86.2
641.09      86.9
641.10      87.9
641.11      86.2
641.12      85.7
641.13      85.7
641.14      85.5
641.15      86.4
641.16      86.9
641.17      87.2
641.18      86.2
641.19      86.0
641.20      85.2
641.21      85.5
641.22      86.9
641.23      86.2
641.24      86.4
641.25      86.9
641.26      87.2
641.27      87.4
641.28      87.2
641.29      86.7
641.30      87.4
641.31      87.7
641.32      86.9
641.33      86.9
641.34      87.2
641.35      87.7
641.36      86.9
641.37      87.2
641.38      87.7
641.39      89.4
641.40      88.6
641.41      87.2
641.42      86.9
641.43      88.2
641.44      87.7
641.45      87.4
641.46      87.4
641.47      88.6
641.48      87.7
641.49      87.2
641.50      86.2
641.51      85.5
641.52      86.2
641.53      87.2
641.54      87.4
641.55      87.7
641.56      87.9
641.57      88.2
641.58      88.2
641.59      86.9
641.60      87.2
641.61      86.4
641.62      87.2
641.63      87.4
641.64      86.9
641.65      86.7
641.66      86.9
641.67      86.9
641.68      85.2
641.69      86.0
641.70      86.4
641.71      86.0
641.72      86.4
641.73      86.9
641.74      86.9
641.75      87.9
641.76      86.9
641.77      87.7
641.78      86.9
641.79      87.2
641.80      86.9
641.81      86.7
641.82      86.7
641.83      86.9
641.84      86.9
641.85      86.7
641.86      87.2
641.87      88.2
641.88      87.4
641.89      87.7
641.90      87.4
641.91      87.7
641.92      86.9
641.93      87.7
641.94      86.7
641.95      86.9
641.96      87.2
641.97      86.7
641.98      87.4
641.99      88.2
642.00      87.7
642.01      87.2
642.02      87.4
642.03      86.7
642.04      86.9
642.05      87.7
642.06      87.2
642.07      87.2
642.08      87.7
642.09      88.4
642.10      87.7
642.11      86.9
642.12      87.2
642.13      86.2
642.14      86.0
642.15      86.0
642.16      86.4
642.17      85.7
642.18      86.2
642.19      86.7
642.20      86.9
642.21      86.7
642.22      87.2
642.23      87.9
642.24      86.7
642.25      87.4
642.26      88.4
642.27      88.6
642.28      88.2
642.29      88.4
642.30      87.9
642.31      87.2
642.32      86.9
642.33      86.7
642.34      87.7
642.35      86.9
642.36      86.9
642.37      87.4
642.38      86.0
642.39      85.5
642.40      86.0
642.41      86.4
642.42      87.2
642.43      86.7
642.44      86.9
642.45      86.9
642.46      88.4
642.47      88.2
642.48      88.2
642.49      88.4
642.50      88.6
642.51      88.6
642.52      88.6
642.53      88.4
642.54      89.1
642.55      88.9
642.56      88.4
642.57      87.7
642.58      87.4
642.59      87.2
642.60      86.7
642.61      86.7
642.62      86.9
642.63      87.4
642.64      88.4
642.65      88.4
642.66      88.2
642.67      88.2
642.68      88.2
642.69      88.4
642.70      88.4
642.71      86.9
642.72      87.2
642.73      86.7
642.74      87.2
642.75      86.9
642.76      86.7
642.77      86.7
642.78      86.4
642.79      86.0
642.80      85.7
642.81      86.4
642.82      86.7
642.83      86.7
642.84      87.7
642.85      88.2
642.86      87.9
642.87      87.4
642.88      87.9
642.89      87.9
642.90      87.2
642.91      86.9
642.92      87.9
642.93      87.7
642.94      87.9
642.95      87.4
642.96      86.9
642.97      86.7
642.98      87.4
642.99      87.9
643.00      86.9
643.01      86.4
643.02      86.9
643.03      87.2
643.04      86.7
643.05      87.7
643.06      87.7
643.07      87.9
643.08      87.2
643.09      87.4
643.10      88.2
643.11      87.2
643.12      86.2
643.13      87.2
643.14      87.4
643.15      87.7
643.16      87.4
643.17      86.9
643.18      87.2
643.19      86.7
643.20      87.2
643.21      87.2
643.22      88.9
643.23      87.7
643.24      87.9
643.25      88.2
643.26      86.7
643.27      87.7
643.28      86.9
643.29      86.7
643.30      87.7
643.31      87.2
643.32      87.4
643.33      86.9
643.34      86.9
643.35      86.9
643.36      87.2
643.37      86.9
643.38      87.2
643.39      87.2
643.40      87.9
643.41      89.4
643.42      89.1
643.43      89.1
643.44      88.2
643.45      88.4
643.46      88.2
643.47      88.4
643.48      88.4
643.49      87.7
643.50      88.2
643.51      87.4
643.52      87.2
643.53      87.9
643.54      88.2
643.55      88.2
643.56      87.7
643.57      86.9
643.58      86.4
643.59      86.7
643.60      86.0
643.61      86.0
643.62      86.2
643.63      85.5
643.64      86.0
643.65      86.4
643.66      86.2
643.67      86.0
643.68      86.4
643.69      86.2
643.70      87.2
643.71      87.9
643.72      87.2
643.73      86.4
643.74      86.4
643.75      86.9
643.76      87.2
643.77      87.4
643.78      88.9
643.79      89.1
643.80      89.6
643.81      88.4
643.82      87.4
643.83      86.9
643.84      86.9
643.85      87.4
643.86      88.4
643.87      88.4
643.88      88.4
643.89      87.2
643.90      88.2
643.91      87.4
643.92      88.2
643.93      88.6
643.94      87.7
643.95      86.7
643.96      87.2
643.97      87.2
643.98      87.4
643.99      86.4
644.00      87.7
644.01      87.9
644.02      89.4
644.03      88.6
644.04      87.4
644.05      88.4
644.06      89.4
644.07      88.9
644.08      88.2
644.09      87.7
644.10      87.4
644.11      87.4
644.12      87.9
644.13      88.6
644.14      87.9
644.15      86.4
644.16      86.4
644.17      86.7
644.18      86.4
644.19      85.5
644.20      86.7
644.21      86.4
644.22      86.9
644.23      87.2
644.24      87.2
644.25      87.9
644.26      89.4
644.27      88.2
644.28      86.9
644.29      87.4
644.30      87.2
644.31      86.7
644.32      86.7
644.33      87.9
644.34      87.4
644.35      87.7
644.36      87.7
644.37      87.2
644.38      88.4
644.39      87.7
644.40      86.9
644.41      87.7
644.42      87.2
644.43      87.4
644.44      86.7
644.45      86.0
644.46      87.2
644.47      87.2
644.48      86.9
644.49      87.2
644.50      87.2
644.51      86.7
644.52      86.9
644.53      88.2
644.54      88.4
644.55      88.2
644.56      88.2
644.57      86.7
644.58      86.9
644.59      86.9
644.60      86.7
644.61      86.9
644.62      87.2
644.63      87.4
644.64      86.2
644.65      87.7
644.66      87.4
644.67      86.4
644.68      85.2
644.69      85.5
644.70      86.2
644.71      86.9
644.72      87.9
644.73      88.6
644.74      87.9
644.75      88.9
644.76      88.6
644.77      88.6
644.78      87.9
644.79      86.9
644.80      87.9
644.81      88.4
644.82      88.4
644.83      87.2
644.84      87.2
644.85      87.4
644.86      86.7
644.87      86.7
644.88      86.7
644.89      87.2
644.90      87.7
644.91      87.9
644.92      87.2
644.93      86.7
644.94      86.7
644.95      86.7
644.96      86.9
644.97      86.0
644.98      86.0
644.99      86.9
645.00      87.7
645.01      87.4
645.02      87.9
645.03      87.9
645.04      87.9
645.05      86.9
645.06      87.7
645.07      87.7
645.08      88.2
645.09      87.7
645.10      87.2
645.11      87.4
645.12      87.9
645.13      87.7
645.14      87.4
645.15      87.2
645.16      87.4
645.17      86.4
645.18      86.4
645.19      87.4
645.20      87.9
645.21      87.7
645.22      87.7
645.23      87.7
645.24      87.7
645.25      87.4
645.26      87.7
645.27      86.9
645.28      87.9
645.29      87.2
645.30      86.7
645.31      87.4
645.32      86.9
645.33      86.9
645.34      86.4
645.35      86.2
645.36      85.7
645.37      86.4
645.38      87.2
645.39      87.2
645.40      86.7
645.41      86.9
645.42      86.9
645.43      88.2
645.44      87.7
645.45      88.2
645.46      88.6
645.47      87.9
645.48      88.4
645.49      87.2
645.50      87.2
645.51      86.9
645.52      86.2
645.53      85.5
645.54      86.4
645.55      86.2
645.56      86.0
645.57      86.0
645.58      86.0
645.59      86.4
645.60      87.4
645.61      86.4
645.62      86.4
645.63      86.7
645.64      86.4
645.65      86.0
645.66      85.0
645.67      85.7
645.68      86.0
645.69      86.2
645.70      86.2
645.71      86.4
645.72      85.7
645.73      86.2
645.74      86.7
645.75      86.9
645.76      86.4
645.77      86.4
645.78      87.9
645.79      88.2
645.80      88.2
645.81      88.2
645.82      87.2
645.83      86.9
645.84      86.9
645.85      86.7
645.86      86.0
645.87      86.2
645.88      86.4
645.89      86.7
645.90      86.7
645.91      86.2
645.92      86.0
645.93      85.5
645.94      86.0
645.95      86.4
645.96      87.4
645.97      87.7
645.98      86.9
645.99      87.2
646.00      87.9
646.01      88.2
646.02      88.2
646.03      88.2
646.04      87.9
646.05      87.2
646.06      87.4
646.07      87.2
646.08      87.4
646.09      86.7
646.10      86.7
646.11      86.2
646.12      86.7
646.13      86.9
646.14      87.4
646.15      87.7
646.16      87.2
646.17      88.2
646.18      88.4
646.19      88.4
646.20      88.2
646.21      88.2
646.22      89.4
646.23      88.4
646.24      88.2
646.25      87.7
646.26      87.7
646.27      87.2
646.28      87.9
646.29      88.2
646.30      87.7
646.31      86.9
646.32      87.4
646.33      86.7
646.34      87.7
646.35      86.2
646.36      85.5
646.37      86.4
646.38      88.2
646.39      88.4
646.40      89.1
646.41      88.6
646.42      88.6
646.43      88.6
646.44      87.7
646.45      87.4
646.46      87.4
646.47      86.9
646.48      87.2
646.49      86.4
646.50      86.2
646.51      86.9
646.52      88.4
646.53      88.2
646.54      87.9
646.55      87.9
646.56      86.9
646.57      86.7
646.58      86.9
646.59      86.7
646.60      86.4
646.61      87.7
646.62      88.4
646.63      87.9
646.64      87.2
646.65      87.2
646.66      87.4
646.67      86.7
646.68      87.4
646.69      87.2
646.70      87.4
646.71      87.2
646.72      86.9
646.73      86.4
646.74      86.4
646.75      86.2
646.76      87.2
646.77      87.9
646.78      88.2
646.79      87.9
646.80      87.2
646.81      87.4
646.82      87.9
646.83      87.7
646.84      86.9
646.85      86.7
646.86      86.7
646.87      86.4
646.88      86.7
646.89      86.7
646.90      87.2
646.91      86.9
646.92      87.7
646.93      87.9
646.94      88.2
646.95      88.2
646.96      88.4
646.97      87.4
646.98      86.7
646.99      86.4
647.00      86.2
647.01      86.4
647.02      86.9
647.03      86.9
647.04      84.7
647.05      85.5
647.06      85.2
647.07      85.7
647.08      86.0
647.09      86.2
647.10      86.7
647.11      87.2
647.12      86.7
647.13      87.2
647.14      87.7
647.15      88.2
647.16      87.9
647.17      88.6
647.18      90.4
647.19      88.6
647.20      87.7
647.21      86.4
647.22      86.9
647.23      86.4
647.24      85.7
647.25      85.7
647.26      85.7
647.27      86.7
647.28      87.2
647.29      86.7
647.30      86.9
647.31      87.2
647.32      86.4
647.33      86.7
647.34      88.2
647.35      87.9
647.36      88.4
647.37      87.9
647.38      87.4
647.39      88.2
647.40      87.9
647.41      87.7
647.42      88.2
647.43      86.9
647.44      86.9
647.45      87.2
647.46      87.4
647.47      88.2
647.48      87.7
647.49      86.9
647.50      87.4
647.51      88.4
647.52      88.6
647.53      88.2
647.54      87.9
647.55      87.9
647.56      87.4
647.57      86.9
647.58      88.2
647.59      88.2
647.60      87.4
647.61      86.9
647.62      86.4
647.63      85.7
647.64      86.9
647.65      86.9
647.66      87.9
647.67      88.4
647.68      88.2
647.69      88.4
647.70      88.6
647.71      87.4
647.72      87.4
647.73      86.9
647.74      87.7
647.75      87.2
647.76      86.9
647.77      86.0
647.78      85.7
647.79      86.7
647.80      87.7
647.81      87.7
647.82      86.9
647.83      86.7
647.84      87.2
647.85      87.2
647.86      87.7
647.87      87.9
647.88      88.2
647.89      88.4
647.90      88.4
647.91      87.9
647.92      87.4
647.93      86.4
647.94      86.7
647.95      86.4
647.96      86.2
647.97      85.7
647.98      86.0
647.99      86.2
648.00      87.4
648.01      86.9
648.02      86.7
648.03      87.7
648.04      87.7
648.05      87.7
648.06      87.7
648.07      88.2
648.08      87.2
648.09      87.7
648.10      87.4
648.11      87.9
648.12      87.4
648.13      87.4
648.14      87.4
648.15      86.4
648.16      86.9
648.17      87.4
648.18      86.4
648.19      87.4
648.20      88.2
648.21      88.2
648.22      88.2
648.23      88.6
648.24      86.9
648.25      86.7
648.26      86.7
648.27      87.7
648.28      87.9
648.29      88.9
648.30      88.9
648.31      88.6
648.32      86.9
648.33      85.7
648.34      85.7
648.35      86.4
648.36      87.4
648.37      87.9
648.38      87.2
648.39      87.2
648.40      86.7
648.41      85.5
648.42      86.4
648.43      86.7
648.44      86.9
648.45      87.2
648.46      86.7
648.47      86.4
648.48      86.2
648.49      87.2
648.50      86.9
648.51      87.4
648.52      86.9
648.53      87.2
648.54      87.4
648.55      87.2
648.56      86.2
648.57      86.2
648.58      88.2
648.59      86.7
648.60      87.4
648.61      87.4
648.62      87.7
648.63      88.2
648.64      88.6
648.65      87.4
648.66      86.7
648.67      86.4
648.68      86.2
648.69      86.7
648.70      88.4
648.71      88.6
648.72      87.4
648.73      87.2
648.74      86.2
648.75      86.9
648.76      87.9
648.77      87.7
648.78      87.7
648.79      87.2
648.80      87.2
648.81      87.2
648.82      88.6
648.83      88.6
648.84      87.2
648.85      87.2
648.86      87.2
648.87      87.2
648.88      86.7
648.89      86.7
648.90      86.9
648.91      87.2
648.92      86.4
648.93      86.7
648.94      87.4
648.95      87.4
648.96      87.2
648.97      86.9
648.98      86.9
648.99      87.2
649.00      87.2
649.01      87.7
649.02      87.4
649.03      87.4
649.04      87.4
649.05      86.7
649.06      86.0
649.07      85.7
649.08      87.2
649.09      87.7
649.10      87.2
649.11      86.9
649.12      86.4
649.13      86.7
649.14      87.4
649.15      87.2
649.16      86.9
649.17      86.9
649.18      87.2
649.19      87.2
649.20      86.7
649.21      86.0
649.22      87.2
649.23      86.2
649.24      85.5
649.25      85.5
649.26      86.0
649.27      86.2
649.28      86.7
649.29      86.7
649.30      86.9
649.31      85.5
649.32      86.0
649.33      85.7
649.34      86.0
649.35      85.7
649.36      86.7
649.37      86.9
649.38      87.4
649.39      87.7
649.40      88.2
649.41      88.2
649.42      88.6
649.43      87.7
649.44      87.7
649.45      87.2
649.46      86.4
649.47      86.9
649.48      86.4
649.49      86.9
649.50      87.4
649.51      88.4
649.52      87.2
649.53      88.2
649.54      87.4
649.55      86.7
649.56      86.2
649.57      86.4
649.58      86.9
649.59      87.9
649.60      88.2
649.61      87.7
649.62      87.9
649.63      88.2
649.64      88.6
649.65      88.9
649.66      88.2
649.67      88.4
649.68      88.6
649.69      88.9
649.70      88.9
649.71      88.4
649.72      88.9
649.73      88.4
649.74      88.9
649.75      87.4
649.76      86.9
649.77      87.4
649.78      87.2
649.79      86.0
649.80      86.0
649.81      86.9
649.82      86.7
649.83      86.9
649.84      87.9
649.85      87.7
649.86      87.4
649.87      86.4
649.88      86.9
649.89      86.2
649.90      86.4
649.91      86.9
649.92      87.7
649.93      86.9
649.94      86.9
649.95      87.4
649.96      88.2
649.97      88.2
649.98      86.7
649.99      86.7
650.00      86.7
650.01      87.7
650.02      87.4
650.03      87.9
650.04      86.9
650.05      86.7
650.06      87.7
650.07      87.4
650.08      86.4
650.09      86.2
650.10      86.2
650.11      87.7
650.12      88.2
650.13      88.9
650.14      88.4
650.15      88.9
650.16      89.1
650.17      88.4
650.18      88.2
650.19      88.2
650.20      87.9
650.21      87.9
650.22      86.7
650.23      85.5
650.24      85.7
650.25      85.5
650.26      86.0
650.27      86.2
650.28      86.4
650.29      86.2
650.30      86.0
650.31      85.7
650.32      86.4
650.33      86.4
650.34      86.0
650.35      86.4
650.36      86.7
650.37      87.2
650.38      88.9
650.39      87.4
650.40      87.2
650.41      86.4
650.42      86.9
650.43      88.6
650.44      87.2
650.45      86.2
650.46      86.4
650.47      86.2
650.48      86.4
650.49      86.9
650.50      86.7
650.51      87.4
650.52      88.2
650.53      86.9
650.54      87.4
650.55      87.2
650.56      87.4
650.57      88.2
650.58      88.9
650.59      87.9
650.60      88.2
650.61      87.9
650.62      88.2
650.63      87.7
650.64      87.7
650.65      87.2
650.66      87.7
650.67      87.7
650.68      87.7
650.69      87.9
650.70      87.9
650.71      87.2
650.72      87.2
650.73      87.7
650.74      86.9
650.75      86.9
650.76      86.7
650.77      87.2
650.78      87.9
650.79      87.2
650.80      86.9
650.81      86.4
650.82      87.2
650.83      87.4
650.84      87.4
650.85      87.4
650.86      87.7
650.87      87.2
650.88      87.7
650.89      88.2
650.90      87.9
650.91      87.2
650.92      86.2
650.93      87.7
650.94      87.7
650.95      87.2
650.96      87.2
650.97      86.7
650.98      87.7
650.99      87.9
651.00      87.7
651.01      86.4
651.02      87.2
651.03      87.4
651.04      87.7
651.05      86.9
651.06      86.4
651.07      86.9
651.08      86.7
651.09      86.9
651.10      86.9
651.11      86.7
651.12      86.4
651.13      86.0
651.14      86.2
651.15      86.9
651.16      86.9
651.17      86.0
651.18      86.2
651.19      86.4
651.20      87.4
651.21      87.9
651.22      88.2
651.23      88.9
651.24      88.6
651.25      88.4
651.26      87.9
651.27      87.9
651.28      87.4
651.29      87.4
651.30      87.2
651.31      86.4
651.32      86.4
651.33      86.2
651.34      86.4
651.35      86.2
651.36      86.7
651.37      87.4
651.38      86.9
651.39      87.2
651.40      86.2
651.41      87.2
651.42      86.7
651.43      86.2
651.44      85.5
651.45      86.9
651.46      87.2
651.47      87.2
651.48      88.4
651.49      87.7
651.50      87.7
651.51      87.2
651.52      86.7
651.53      88.6
651.54      88.9
651.55      87.7
651.56      87.4
651.57      87.9
651.58      88.9
651.59      88.9
651.60      88.2
651.61      87.9
651.62      87.2
651.63      88.4
651.64      88.2
651.65      86.9
651.66      86.2
651.67      86.0
651.68      86.7
651.69      86.9
651.70      87.7
651.71      87.7
651.72      87.2
651.73      87.7
651.74      87.9
651.75      87.9
651.76      88.9
651.77      88.4
651.78      88.4
651.79      87.7
651.80      87.9
651.81      87.4
651.82      86.7
651.83      86.7
651.84      86.0
651.85      86.9
651.86      87.9
651.87      87.7
651.88      86.7
651.89      86.2
651.90      87.2
651.91      87.9
651.92      87.7
651.93      87.9
651.94      89.4
651.95      88.4
651.96      87.7
651.97      87.2
651.98      87.9
651.99      87.9
652.00      87.4
652.01      87.2
652.02      86.4
652.03      86.7
652.04      86.4
652.05      86.0
652.06      86.7
652.07      86.7
652.08      86.4
652.09      86.7
652.10      87.4
652.11      88.6
652.12      88.2
652.13      87.7
652.14      87.2
652.15      86.4
652.16      86.9
652.17      85.7
652.18      86.4
652.19      87.2
652.20      86.9
652.21      86.7
652.22      86.0
652.23      87.2
652.24      86.9
652.25      87.2
652.26      86.4
652.27      86.4
652.28      86.2
652.29      86.0
652.30      86.4
652.31      86.4
652.32      87.2
652.33      88.2
652.34      86.9
652.35      86.4
652.36      86.9
652.37      86.7
652.38      87.7
652.39      88.4
652.40      88.4
652.41      87.9
652.42      88.6
652.43      87.9
652.44      88.2
652.45      87.7
652.46      86.7
652.47      86.4
652.48      86.7
652.49      87.2
652.50      87.2
652.51      86.0
652.52      86.0
652.53      85.7
652.54      85.5
652.55      86.0
652.56      86.7
652.57      87.4
652.58      88.9
652.59      89.1
652.60      88.6
652.61      89.1
652.62      88.9
652.63      88.6
652.64      86.9
652.65      86.9
652.66      87.4
652.67      88.2
652.68      87.4
652.69      87.4
652.70      88.2
652.71      88.2
652.72      88.2
652.73      87.9
652.74      87.2
652.75      87.4
652.76      87.4
652.77      87.9
652.78      86.9
652.79      87.7
652.80      87.2
652.81      86.0
652.82      86.2
652.83      86.2
652.84      86.2
652.85      86.2
652.86      86.7
652.87      87.2
652.88      88.4
652.89      86.7
652.90      87.2
652.91      86.2
652.92      86.0
652.93      86.7
652.94      86.4
652.95      86.2
652.96      86.9
652.97      87.4
652.98      87.4
652.99      86.7
653.00      87.7
653.01      88.2
653.02      88.4
653.03      87.4
653.04      86.7
653.05      86.0
653.06      86.4
653.07      85.5
653.08      86.7
653.09      87.4
653.10      87.7
653.11      88.6
653.12      87.9
653.13      88.6
653.14      87.9
653.15      87.4
653.16      87.4
653.17      87.4
653.18      87.2
653.19      87.2
653.20      87.2
653.21      86.7
653.22      87.2
653.23      88.2
653.24      88.2
653.25      87.9
653.26      87.7
653.27      88.4
653.28      87.4
653.29      86.0
653.30      86.2
653.31      86.7
653.32      87.2
653.33      86.7
653.34      86.7
653.35      86.7
653.36      86.9
653.37      86.0
653.38      86.4
653.39      85.7
653.40      87.4
653.41      88.9
653.42      88.2
653.43      86.9
653.44      86.2
653.45      85.7
653.46      86.0
653.47      85.5
653.48      86.7
653.49      86.9
653.50      86.7
653.51      87.4
653.52      87.7
653.53      87.4
653.54      86.9
653.55      86.9
653.56      88.2
653.57      87.9
653.58      87.4
653.59      87.2
653.60      86.9
653.61      86.4
653.62      86.0
653.63      86.9
653.64      87.2
653.65      86.7
653.66      86.4
653.67      86.9
653.68      87.7
653.69      86.4
653.70      86.2
653.71      86.7
653.72      86.4
653.73      86.4
653.74      86.4
653.75      86.9
653.76      85.5
653.77      86.2
653.78      85.5
653.79      85.2
653.80      85.0
653.81      85.7
653.82      87.2
653.83      87.2
653.84      86.9
653.85      87.4
653.86      87.2
653.87      87.2
653.88      88.4
653.89      88.2
653.90      88.2
653.91      88.6
653.92      88.2
653.93      87.2
653.94      87.7
653.95      88.2
653.96      88.4
653.97      87.9
653.98      87.9
653.99      87.7
654.00      88.2
654.01      88.4
654.02      87.9
654.03      87.7
654.04      88.2
654.05      88.2
654.06      88.9
654.07      88.4
654.08      87.7
654.09      87.4
654.10      87.4
654.11      86.9
654.12      86.9
654.13      86.9
654.14      86.4
654.15      86.4
654.16      86.9
654.17      86.2
654.18      86.4
654.19      86.7
654.20      87.2
654.21      87.9
654.22      87.9
654.23      87.9
654.24      88.4
654.25      88.2
654.26      88.2
654.27      88.9
654.28      88.9
654.29      88.2
654.30      87.4
654.31      87.4
654.32      87.4
654.33      87.4
654.34      87.2
654.35      87.2
654.36      86.9
654.37      86.7
654.38      86.0
654.39      85.5
654.40      87.2
654.41      87.4
654.42      86.9
654.43      86.4
654.44      85.7
654.45      85.7
654.46      87.4
654.47      88.6
654.48      87.4
654.49      86.9
654.50      87.2
654.51      86.7
654.52      86.0
654.53      85.5
654.54      86.7
654.55      86.9
654.56      87.2
654.57      87.2
654.58      87.4
654.59      87.4
654.60      88.2
654.61      88.2
654.62      87.7
654.63      87.9
654.64      87.9
654.65      86.9
654.66      86.9
654.67      86.7
654.68      86.9
654.69      86.9
654.70      86.9
654.71      86.9
654.72      87.4
654.73      87.2
654.74      87.4
654.75      86.9
654.76      86.7
654.77      87.4
654.78      86.4
654.79      86.7
654.80      86.7
654.81      87.7
654.82      87.7
654.83      87.7
654.84      88.2
654.85      87.2
654.86      86.9
654.87      87.4
654.88      87.7
654.89      87.9
654.90      88.2
654.91      87.9
654.92      87.7
654.93      86.9
654.94      88.2
654.95      87.4
654.96      86.7
654.97      87.2
654.98      87.7
654.99      87.9
655.00      88.2
655.01      88.2
655.02      89.1
655.03      88.2
655.04      87.4
655.05      86.7
655.06      86.9
655.07      87.2
655.08      86.9
655.09      87.2
655.10      86.2
655.11      86.9
655.12      87.2
655.13      86.4
655.14      86.7
655.15      86.7
655.16      86.7
655.17      86.2
655.18      85.7
655.19      86.0
655.20      86.9
655.21      87.2
655.22      87.7
655.23      87.4
655.24      86.7
655.25      87.7
655.26      88.2
655.27      88.6
655.28      87.9
655.29      87.9
655.30      88.2
655.31      88.9
655.32      87.7
655.33      88.2
655.34      88.4
655.35      87.4
655.36      87.7
655.37      87.7
655.38      88.4
655.39      87.9
655.40      87.9
655.41      88.4
655.42      87.2
655.43      87.4
655.44      86.7
655.45      87.2
655.46      86.7
655.47      87.7
655.48      88.6
655.49      89.1
655.50      87.9
655.51      88.9
655.52      89.1
655.53      88.2
655.54      87.2
655.55      86.9
655.56      86.9
655.57      87.4
655.58      86.7
655.59      86.2
655.60      86.2
655.61      86.4
655.62      87.2
655.63      87.7
655.64      87.4
655.65      87.9
655.66      88.9
655.67      87.9
655.68      86.4
655.69      87.2
655.70      87.7
655.71      87.2
655.72      87.4
655.73      86.9
655.74      86.4
655.75      87.4
655.76      87.4
655.77      87.7
655.78      87.7
655.79      88.4
655.80      87.9
655.81      88.2
655.82      87.7
655.83      88.2
655.84      88.4
655.85      87.2
655.86      86.9
655.87      87.4
655.88      89.1
655.89      89.1
655.90      90.1
655.91      90.1
655.92      89.6
655.93      88.6
655.94      88.4
655.95      88.6
655.96      88.6
655.97      88.2
655.98      88.9
655.99      89.9
656.00      89.9
656.01      89.9
656.02      89.6
656.03      89.1
656.04      89.9
656.05      90.8
656.06      91.3
656.07      93.3
656.08      97.2
656.09      106.5
656.10      119.7
656.11      139.2
656.12      173.1
656.13      227.1
656.14      304.8
656.15      398.0
656.16      484.0
656.17      546.8
656.18      565.1
656.19      544.1
656.20      498.9
656.21      436.1
656.22      375.8
656.23      320.6
656.24      272.5
656.25      233.5
656.26      205.9
656.27      186.3
656.28      179.7
656.29      190.0
656.30      207.1
656.31      237.9
656.32      321.1
656.33      449.8
656.34      610.5
656.35      761.4
656.36      911.6
656.37      995.8
656.38      994.4
656.39      939.2
656.40      824.9
656.41      707.2
656.42      592.7
656.43      491.1
656.44      401.5
656.45      324.1
656.46      261.5
656.47      213.7
656.48      176.1
656.49      149.2
656.50      129.4
656.51      116.2
656.52      107.7
656.53      101.1
656.54      97.2
656.55      94.0
656.56      92.3
656.57      91.3
656.58      90.6
656.59      90.4
656.60      91.1
656.61      89.6
656.62      88.9
656.63      89.1
656.64      89.4
656.65      89.4
656.66      89.9
656.67      88.9
656.68      88.4
656.69      89.1
656.70      88.4
656.71      88.4
656.72      88.2
656.73      88.2
656.74      88.6
656.75      88.4
656.76      88.9
656.77      88.9
656.78      88.2
656.79      87.9
656.80      87.4
656.81      87.7
656.82      87.7
656.83      88.2
656.84      88.2
656.85      88.2
656.86      88.2
656.87      87.9
656.88      86.2
656.89      86.9
656.90      87.2
656.91      87.2
656.92      87.2
656.93      87.2
656.94      87.2
656.95      87.4
656.96      87.7
656.97      86.9
656.98      86.7
656.99      87.2
657.00      87.7
657.01      87.4
657.02      88.4
657.03      87.7
657.04      87.7
657.05      87.9
657.06      87.2
657.07      86.7
657.08      86.7
657.09      86.7
657.10      87.2
657.11      87.7
657.12      87.9
657.13      88.2
657.14      88.4
657.15      89.1
657.16      89.1
657.17      89.1
657.18      88.2
657.19      87.7
657.20      87.7
657.21      87.7
657.22      89.1
657.23      88.9
657.24      89.1
657.25      88.2
657.26      88.6
657.27      88.6
657.28      88.4
657.29      87.9
657.30      88.9
657.31      88.4
657.32      87.7
657.33      87.7
657.34      87.7
657.35      86.7
657.36      86.7
657.37      87.2
657.38      87.4
657.39      88.2
657.40      88.6
657.41      87.7
657.42      88.4
657.43      88.4
657.44      87.2
657.45      86.2
657.46      86.0
657.47      86.0
657.48      86.9
657.49      87.2
657.50      86.9
657.51      87.7
657.52      88.2
657.53      87.7
657.54      87.4
657.55      87.2
657.56      86.9
657.57      87.4
657.58      87.7
657.59      87.7
657.60      88.2
657.61      87.7
657.62      88.4
657.63      88.9
657.64      89.9
657.65      88.4
657.66      87.7
657.67      87.7
657.68      86.9
657.69      86.7
657.70      87.7
657.71      87.4
657.72      87.4
657.73      88.4
657.74      88.9
657.75      88.2
657.76      87.2
657.77      86.7
657.78      86.9
657.79      87.9
657.80      87.2
657.81      86.4
657.82      87.2
657.83      86.0
657.84      86.2
657.85      86.7
657.86      87.4
657.87      87.4
657.88      87.7
657.89      87.4
657.90      87.4
657.91      87.7
657.92      86.9
657.93      86.9
657.94      87.9
657.95      88.4
657.96      87.9
657.97      87.4
657.98      86.7
657.99      86.7
658.00      87.4
658.01      87.9
658.02      87.2
658.03      87.7
658.04      86.7
658.05      86.9
658.06      87.2
658.07      87.4
658.08      88.2
658.09      88.6
658.10      88.9
658.11      88.6
658.12      89.1
658.13      88.6
658.14      87.4
658.15      87.4
658.16      86.9
658.17      86.4
658.18      87.4
658.19      87.2
658.20      87.7
658.21      87.4
658.22      87.7
658.23      87.7
658.24      87.7
658.25      87.7
658.26      87.4
658.27      87.4
658.28      88.4
658.29      87.4
658.30      87.9
658.31      88.2
658.32      88.4
658.33      87.4
658.34      87.7
658.35      89.6
658.36      89.1
658.37      88.9
658.38      88.2
658.39      87.4
658.40      86.9
658.41      87.2
658.42      88.2
658.43      88.2
658.44      88.2
658.45      88.4
658.46      88.2
658.47      87.9
658.48      87.9
658.49      87.7
658.50      87.7
658.51      87.7
658.52      86.4
658.53      87.7
658.54      86.4
658.55      86.2
658.56      87.4
658.57      86.7
658.58      86.2
658.59      86.4
658.60      86.7
658.61      87.4
658.62      87.9
658.63      88.6
658.64      88.4
658.65      87.9
658.66      87.9
658.67      87.7
658.68      86.7
658.69      86.7
658.70      85.5
658.71      86.2
658.72      87.7
658.73      87.2
658.74      86.7
658.75      87.4
658.76      86.7
658.77      87.2
658.78      87.7
658.79      86.7
658.80      87.7
658.81      87.2
658.82      87.4
658.83      86.7
658.84      86.7
658.85      86.2
658.86      86.2
658.87      86.4
658.88      86.7
658.89      87.2
658.90      88.2
658.91      88.4
658.92      88.6
658.93      87.7
658.94      87.4
658.95      87.7
658.96      88.2
658.97      87.2
658.98      86.4
658.99      87.2
659.00      86.9
659.01      87.2
659.02      87.4
659.03      86.9
659.04      87.2
659.05      87.2
659.06      87.2
659.07      86.9
659.08      86.2
659.09      85.5
659.10      86.4
659.11      87.2
659.12      87.7
659.13      88.4
659.14      88.2
659.15      87.7
659.16      87.4
659.17      87.9
659.18      88.9
659.19      88.4
659.20      87.9
659.21      87.4
659.22      87.7
659.23      87.7
659.24      88.4
659.25      88.6
659.26      88.2
659.27      87.7
659.28      87.7
659.29      87.2
659.30      87.7
659.31      88.2
659.32      88.2
659.33      88.9
659.34      90.1
659.35      89.1
659.36      88.2
659.37      88.9
659.38      88.6
659.39      88.4
659.40      88.4
659.41      87.4
659.42      87.9
659.43      88.6
659.44      87.9
659.45      87.7
659.46      88.4
659.47      88.6
659.48      88.2
659.49      87.4
659.50      88.2
659.51      87.9
659.52      88.2
659.53      87.2
659.54      88.2
659.55      88.4
659.56      88.6
659.57      87.9
659.58      87.7
659.59      89.1
659.60      88.6
659.61      87.7
659.62      87.2
659.63      87.4
659.64      87.4
659.65      87.2
659.66      86.7
659.67      86.4
659.68      86.9
659.69      87.9
659.70      86.9
659.71      86.9
659.72      87.2
659.73      87.4
659.74      87.9
659.75      87.9
659.76      87.9
659.77      86.9
659.78      86.9
659.79      87.7
659.80      87.2
659.81      86.4
659.82      86.4
659.83      87.9
659.84      88.2
659.85      87.7
659.86      86.2
659.87      86.4
659.88      87.7
659.89      88.4
659.90      88.9
659.91      88.2
659.92      87.9
659.93      87.9
659.94      87.9
659.95      87.7
659.96      86.4
659.97      86.4
659.98      85.7
659.99      86.2
660.00      87.2
